file,model,source,condition,locality,reference,hypothesis,latency_s
koramangala-quiet,deepgram,self,quiet,Koramangala,haan bhai main koramangala mein rehta hoon kab aana hai,हां भाई main कोरमंगला में रहता हूं क्या बहाना है,1.323
indranagar-quet,deepgram,self,quiet,Indiranagar,mera ghar indiranagar mein hai 100 feet road ke paas,मेरे घर इन्द्रनगर में इन्हें hundred feet road के पास,1.805
whitefield-quiet,deepgram,self,quiet,Whitefield,office whitefield mein hai roz ghanta bhar jaata hoon,office whitefield main है रोज़ घंटा बाहर जाता हूं,0.48
electroniccity-quite,deepgram,self,quiet,Electronic City,haan electronic city phase one mein kaam karta hoon,हां हां इलेक्ट्रॉनिक city phase one main काम करता हूं,0.435
Marathahalli-quiet,deepgram,self,quiet,Marathahalli,main marathahalli mein rehta hoon bridge ke paas wala area,मैं मारता हूं ब्रिज के पास वाला area है,1.152
Jayanagar-noisy,deepgram,self,noisy,Jayanagar,jayanagar mein flat dhundh raha hoon koi option hai kya,जय नगर मैं एक flat ढूंढ रहा हूं कोई option है क्या,0.403
Rajajinagar-noisy,deepgram,self,noisy,Rajajinagar,bhai rajajinagar se majestic kitna time lagta hai,भाई राजा जी नगर से megastic कितना time लगाता है,0.592
Hebbal-noisy,deepgram,self,noisy,Hebbal,main hebbal flyover ke paas hoon abhi traffic mein hoon,मैं cheaple flyover के पास हूं ना भी traffic में हूं,0.356
yelahanka-noisy,deepgram,self,noisy,Yelahanka,yelahanka new town mein ek room chahiye budget kam hai,ऐलान का new town main ये room चाहिए budget कम है,1.802
banashankari-noisy,deepgram,self,noisy,Banashankari,banashankari mein rehti hoon temple ke paas wala area,बनासांगड़ी में रहते होन टेंपो के पास वाला area,0.513
hsrlayout-rushed,deepgram,self,rushed,HSR Layout,hsr layout second sector mein hoon jaldi batao,अरे अरे अरे अरे अच्छा sir ले और second sector में हो जल्दी जल्दी बैठो,0.383
btmlayout-rushed,deepgram,self,rushed,BTM Layout,btm layout se silk board kitna door hai bhai jaldi,video में और यह सिर्फ board कितना डोर है भाई जल्दी,0.696
majestic-rushed,deepgram,self,rushed,Majestic,majestic bus stand pe hoon bus nikal jaayegi,दूसरी bus stand पर हो हम bus निकल जाएगी,1.716
silkboard-rushed,deepgram,self,rushed,Silk Board,silk board junction pe jam hai late ho raha hoon,सिल्क road जंक्शन भी जाम है लेट हो रहा ना हो,7.532
bellandur-rushed,deepgram,self,rushed,Bellandur,bellandur mein hoon cab book karo jaldi please,bellender main ho on cab book kar ho जल्दी please please please please,3.889
sarjapur-whisper,deepgram,self,whisper,Sarjapur,sarjapur road pe ek pg dhundh raha hoon affordable chahiye,sir जयपुर road पर यह page और धूम रहा हूं affordable चाहिए,1.114
bommanahalli-whisper,deepgram,self,whisper,Bommanahalli,bommanahalli mein rehta hoon kaam ke liye apply karna tha,हमारे में रहता हूं काम के लिए अप्रे करना था,0.353
krpuram-whisper,deepgram,self,whisper,KR Puram,kr puram station ke paas hoon koi job hai kya paas mein,kb g b gm station के पास हूँ कोई जवाब है क्या पास में,1.526
peenya-whisper,deepgram,self,whisper,Peenya,peenya industrial area mein supervisor ka kaam chahiye,बेनियाई testल area में एक supervisor का काम चाहिए,1.432
yeshwanthpur-whisper,deepgram,self,whisper,Yeshwanthpur,yeshwanthpur se koi factory job milegi kya experience hai,यह श्रुतिपुर से कोई factory job मिलेंगे क्या experience है,0.737
01-04397-02,deepgram,gramvaani,telephony,N/A,बेईमानी और भ्रस्टाचारी की वजह से जनप्रतिनिधि अधिकारी व बिचौलिए माला माल हो रहे हैं,बेईमानी और भ्रष्टाचारी की वजह से जन प्रतिनिधि अधिकारी व हो रहा,0.534
01-01025-03,deepgram,gramvaani,telephony,N/A,कि बच्चे लेने वालों की संख्या अब समय आ गया है इन बच्चों का जिम्मा सरकार ले और गर्भपात पर रोक लगा दे कौन जनता है,कि बच्चे लेने वालों की संख्या अब समय आ गया है तीन बच्चों का ज़िम्मा सरकार ने और गर्भपात पर रोक लगा देते हैं कौन जानता है,0.933
01-09868-01,deepgram,gramvaani,telephony,N/A,नमस्कार आदाब श्रोताओं मैं श्वेता बिहार मोबाइल वाणी पर पेश करती हूँ शाम की सुर्खियाँ मानसून की बारिश से पानी,नमस्कार आदाब श्वेता मैं श्वेता बिहार mobile वाणी पर पेश करती हूं शाम की सुर्खियां मानसून की बारिश से पानी,1.33
01-08600-03,deepgram,gramvaani,telephony,N/A,लगाने का विकल्प मिल सकता है श्रम मंत्रालय निवेश पर मौजूदा कैप को हटाने के लिए नीति बना रहा है ऐसा होने पर पीएफ खाता धारकों को ज्यादा रिटर्न पाने का मौका मिल सकता है,लगाने का विकल्प मिल सकता है श्रम मंत्रालय निवेश पर मौजूदा कैप को हटाने के लिए नीति बना रहा है ऐसा होने पर pf धारकों को ज़्यादा रिटर्न पाने का मौका मिल सकता है,0.848
01-07995-03,deepgram,gramvaani,telephony,N/A,मदिरा नशा जैसी सामाजिक बुराई ने आज हमारे समाज एंव राष्ट्र को एक बड़ी शराब ना केवल लाखों हँसते खेलते परिवारों को रोने पर मजबूर कर दिया,,0.923
01-05263-01,deepgram,gramvaani,telephony,N/A,में रहता है आजकल तो लड़की वाले दहेज़ के अलावा लड़की के लड़की के लिए दस से बीस हज़ार,में रहता है आजकल तो लड़के वाले दलित सालाबाद लड़की के लड़की के लिए दस से बीस बार,0.448
01-03411-01,deepgram,gramvaani,telephony,N/A,राजू तिवारी आलोक कुमार के अलावे कई लोग उपस्थित थे इसी के साथ मैं शिवनारायण रिपोर्टर बोकारो मोबाइल मीडिया जरीडीह बोकारो से,राजू तिवारी आलोक कुमार के अलावा कई लोग उपस्थित थे इसी के साथ मैं शिव नारायण reporter बोकारो mobile media,0.534
02-16304-01,deepgram,gramvaani,telephony,N/A,आज देखा जा रहा है की हमारे धान के खेत धान मरने की स्थिति में हो गए थी थी आज इस नए झारखण्ड में हमारी बारिश होने का,आज देखा जा रहा है कि हमारे धान के खेत धान मरने की स्थिति में हो गई थी ही आज एक मई झारखंड में हमारी बारिश होनी था,0.409
01-00703-03,deepgram,gramvaani,telephony,N/A,गठित की है और जाँच चल रही है बावजूद की कोयला का अवैध उत्खनन एवं तस्करी बद्कसूर जारी है सीसीएल ढोरी प्रक्षेत्र के तारणी परियोजना स्थित,की है और जांच चल रही है बावजूद जी कोयला काग़ज़ उठाना है वह तस्करी बद्रीनाथ suit जारी है,0.461
01-00666-01,deepgram,gramvaani,telephony,N/A,प्रतिभागियों को दिया मौके पर दर्जनों सदस्यों ने भाग लिया एवं प्रति पर अपने विचार लिखित रूप से जमा किया मैं राधू राय महुदा धनबाद से,एक सौ सैंतालीस को दिया मौके पर दर्जनों स्वदेश ने भाग लिया पर अपने विचार लिखित रूप से जमा किया sir मेरा अधूरा है मुरादाबाद से धन्यवाद हां,0.489
01-01992-01,deepgram,gramvaani,telephony,N/A,करोड़ों रुपया में मिला हुआ है वैसे भी किसी बच्ची के नाम पर दस हजार बीस हजार पच्चीस हजार तीस हजार रुपया तक बाकया हो जाता है,करोड़ रुपया भी क्या हुआ जैसे कि किसी व्यक्ति के नाम पर दस हज़ार बीस हज़ार चालीस हज़ार तीस हज़ार रुपया तक हो जाता है,0.439
01-04281-03,deepgram,gramvaani,telephony,N/A,कोई विश्वासनीय खाका है जिसको आप जानते हैं हैं बिहार मोबाइल वाणी के लिए खजौली मधुबनी से रामाशीष सिंह धन्यवाद,कोई दिक़्क़त यह है खाता है जिसको आप जानते हैं बिहार mobile वाणी के लिए खदौली मजौनी श्री रामाती सिंह,4.306
01-04493-02,deepgram,gramvaani,telephony,N/A,नमस्कार मधुबनी मोबाइल वाणी के लिए मैं मधवापुर साहरघाट से राजकिशोर यादव मधवापुर प्रखंड के बलवा गाँव में ग्यारह हजार तार पुपरी की ओर जाने वाली सड़क पर आज सुबह गिर गया है ग्यारह हजार तार गिर जाने से,नमस्कार medibuddy mobile वाले के लिए मलवापुर सागर से rocket हो जाएगा मलवापुर प्रखंड के गांव में ग्यारह हज़ार चार ऊपरी करोड़ जाने वाली तरफ़ पर आज सुबह गिर गया है ग्यारह हज़ार आगे जाने से,0.579
01-08776-01,deepgram,gramvaani,telephony,N/A,इस कार्य में काफ़ी संघर्ष का सामना करना पड़ा अब उन्होंने अर्पण नेचर सवेर ग्रुप बनाकर झी झील की दुबारा खूबसूरती लाने का भरसक प्रयास कर रहे हैं,इस कार्य में काफी संघर्ष का सामना करना पड़ा अब उन्होंने अर्पण nature सेवा group बनाकर झील की दुबारा खूबसूरती लाने का भरसक प्रयास कर रहे हैं,0.425
01-10651-02,deepgram,gramvaani,telephony,N/A,की वजह से जनता को परेशान होना पड़ेगा पुलिस मुख्यालय की पहल को नया नंबर अलोट करने का निर्णय लिया,की वजह से जनता को परेशान होना पड़ेगा police मुख्यालय की पहल को नया number अलॉट करने का निर्णय,0.371
01-00622-03,deepgram,gramvaani,telephony,N/A,जो भी है पहले का पंचायत भवन पुराना टुटल फुटल उसमें हमलोग बैठक चलाते हैं तो उसमे बरसात के सीजन में पानी घुस जाता है और धँसने वाला भी है है कहीं बैठक के समय धँस गया तो फिर लोगों की,जो भी है पहले का पंचायत भवन पुराना total total उसमें हम लोग बैठक चलाते हैं तो उसमें में पानी घुस जाता है और दस नेता वाला भी है शायद कहीं बैठे समय बस जाएगा तो फिर लोगों की,0.441
01-10039-03,deepgram,gramvaani,telephony,N/A,ये खुल गया प्राइस बैंड चार सौ अठारह से चार सौ बाईस रूपए और मिनिमम लोट साइज़ इज़ पैंतीस शेयर रखा गया है आई पी ओ दस अगस्ट तक खुला रहेगा,यह खुल गया price band चार सौ अठारह से चार सौ बाइस रुपए और minimum lot size पैंतीस share रखा गया है ipo दस august तक खुला रहेगा,0.415
01-03999-01,deepgram,gramvaani,telephony,N/A,की सर्विस लगा पर रोक लगा कर रख दिया गया है पैदल चलने वाले यात्रियों को बहुत दिक्कत होती हैं साथ ही दो पहिये वाहन तथा चार पहिये वाहन के गुजरने में भारी दिक्कतें होती है,service रुको लगाकर रख दिया गया है पैदल चलने वाली यात्रियों को जो दिक़्क़तें होती है साथ में दो पहिए वाहन पचास्तरे वाहन के ख़रीदने में सारी दिक़्क़तें होती है,1.657
02-12587-02,deepgram,gramvaani,telephony,N/A,से जिससे हमारा जीवन प्रभावित होती है होती है और आज भी हम एक ऐसे ही मुद्दे के साथ हाज़िर है आपके सामने,जिससे हमारा जीवन प्रभावित होती है और आज भी हम एक ऐसे ही मुद्दे के साथ हाज़िर हैं आपके सामने,0.419
01-11496-02,deepgram,gramvaani,telephony,N/A,अंत में समाचार खेल जगत से एशियाई खेल अंकिता के कांस्य के बाद भारत,समाचार खेल जगत से एशियाई खेल अंकिता के कांसे के बाद भारत,0.886
02-12399-02,deepgram,gramvaani,telephony,N/A,नमस्कार आदाब श्रोताओं देश के कौन कौन से किसान मज़दूर यूनियन काफ़ी संख्या में इकठ्ठा होकर सरकार से अपनी माँगों को लेकर दिल्ली के पार्लियामेंट स्ट्रीट में धरना,नमस्कार आदाब श्रोताओ देश के कौन कौन से किसान मज़दूर union काफी संख्या में इकट्ठा होकर सरकार से अपनी मांगों को लेकर दिल्ली के parliament state में धरना,0.979
01-09796-02,deepgram,gramvaani,telephony,N/A,का एलान भारत और इंग्लैंड के बीच नौ अगस्त से लॉर्ड्स में खेले जाने वाले वाले दूसरे टेस्ट मैच के लिए गयी है एक वेस्टर्न टेस्ट में इंग्लैंड ने भारत को इकतीस रन,ऐलान भारत व england के beach में खेले जाने वाले दूसरे test match के लिए मिल गई है england ने भारत को,0.867
01-07562-01,deepgram,gramvaani,telephony,N/A,आवश्यक है है किन्तु नियोजित शिक्षको की मामले में न्यूनतम वेतन अठारह हजार लागू नहीं किया गया है जिसके लिए,आवश्यक है है किंतु निवेशक शिक्षकों के मामले में न्यूनतम वेतन अठारह हज़ार लागू नहीं किया गया है जिसके लिए,0.525
01-04320-03,deepgram,gramvaani,telephony,N/A,मुंगेर नगर निगम की बदहाली व्यवस्था के कारण शहर वासियों को शुद्ध पेय जल नहीं मिल रहा है नगर निगम के साथ संचालित कस्तुरबा वॉटर वर्क्स,नगर निगम की परिभाषा के कारण हर बार सौ को शुद्ध के agent नहीं मिल रहा है नगर निगम के साथ सैंतालीस,0.486
01-08017-03,deepgram,gramvaani,telephony,N/A,के बेहतरीन महिला को एक पारदर्शी महिला को पंचायत में इनका आ आरक्षण मिले और उसका विकास हो आने वाले दिन में,एक बेहतरीन महिला को एक पारदर्शी महिला को पंचायत में उनका आरक्षण ले और उसका विकास हो आने वाले दिन में,1.223
01-10457-02,deepgram,gramvaani,telephony,N/A,इस देश के कई भाग से हैं जहाँ सिंचाई सुविधा के आभाव मैं बारिश पर निर्भर रहते हैं अगर बारिश समय पर नहीं हुए तो सारा फसल बर्बाद अब ऐसे मैं किसान करे तो क्या करे,is देश ke kai भाग ऐसे हैं जहा and aadhiant सिंचाई सुविधा ke अभाव me ke liye वारिस पर निर्भर रहते हैं और अगर बारिश समय पर नही हुई तो सारा fasel barbad ab ऐसे me किसान karen to kya करें,0.928
02-14905-01,deepgram,gramvaani,telephony,N/A,श्री पावन भगत अशोक केसरी पवन केसरी विजय मिश्रा उदय लाहाकर प्रवीन मिश्रा मंटू भगत सहित गणेश मंदिर समिति के सभी सदस्य मौजुद वही बताते चले की मोबाइल वाणी के द्वारा ही,पवन भगत अशोक केसरी पवन केसरी विजय मिश्रा उदय लाकर प्रवीण मिश्रा मंटू भगत सहित गणेश मंदिर समिति के सभी सदस्य मधु वहीं बताते चले कि mobile वाणी के द्वारा ही,0.679
02-17467-01,deepgram,gramvaani,telephony,N/A,मोबाइल वाणी के बेहद लोकप्रिय और ख़ास कार्यक्रम खबरें जरा हट के में आपका स्वागत है,mobile वाणी के बेहद लोकप्रिय और खास कार्यक्रम खबरें जरा हटके में आपका स्वागत है,1.036
01-00097-03,deepgram,gramvaani,telephony,N/A,इस मध्य प्रदेश मोबाइल वाणी के सभी सुनने वाले श्रोताओं को और मेरे मित्रों को सभी को हार्दिक हार्दिक शुभकामनाएं धन्यवाद नमस्कार,इस मध्य प्रदेश मारवाड़ी के सभी सुनने वाले श्रोताओं को और मेरे मित्रों को सभी को हार्दिक हार्दिक शुभकामनाएं धन्यवाद नमस्कार,0.742
02-13426-02,deepgram,gramvaani,telephony,N/A,आँगनबाड़ी सहायिकाओं को पन्द्रह सौ रूपए के स्थान पर बाईस सौ सौ पचास रूपए मिलेंगे और अब ख़बर खेल जगत से कुछ देर में शुरू होगा पाँचवें दिन दिन का खेल शाख बचाने को उतरेगी टीम इंडिया ख़बर है नई दिल्ली से,आंगनबाड़ी psycho को पंद्रह सौ रुपए के स्थान पर बाइस सौ पचास रुपए मिलेंगे और अब खबर खेल जगत से कुछ देर में शुरू होगा पांचवें दिन तीन दिन का खेल सात बजे उतरे की team india खबर है नई दिल्ली से,0.709
02-14654-01,deepgram,gramvaani,telephony,N/A,याद है की मनरेगा में लंबित मजदूरी भुगतान नहीं होने के सम्बन्ध में शिकायतें प्राप्त हो रही थी राज्य शासन द्वारा शिकायतों के निराकरण के लिए ग्राम पंचायतों में कलस्टर,याद है कि मनरेगा में लंबित मजदूरी भुगतान नहीं होने के संबंध में शिकायतें प्राप्त हो रही थी राज्य शासन द्वारा शिकायतों के निराकरण के लिए gram पंचायतों में cholesterol,0.431
01-03123-03,deepgram,gramvaani,telephony,N/A,फ़िलहाल जारी अधिकतम तापमान का ट्रेंड गेहूं और दलहन का  यदि तापमान का रुख ऐसा ही जारी रहा,फ़िलहाल जारी अधिकतम तापमान का trend गेहूं और दलहन की फ़सल यदि तापमान का रुख ऐसा ही जारी रहा,0.562
02-12354-02,deepgram,gramvaani,telephony,N/A,तिलका मांझी भागलपुर विश्वविद्यालय प्रशासन ने बी ए फर्स्ट इयर दो हज़ार सतरह उन्नीस का परीक्षा कार्यक्रम घोषित कर दिया है परीक्षा दूसरी पाली में दो बजे,बिहारपुर विश्वविद्यालय प्रशासन ने first year दो हज़ार सत्रह उन्नीस का परीक्षा कार्यक्रम घोषित कर दिया है परीक्षा दूसरी पाली ने दो बजे,1.26
01-07629-02,deepgram,gramvaani,telephony,N/A,और पछताना नहीं पड़ता है बहुत से ऐसे गाँव के विद्यार्थी को मैंने देखा है की कई,और पैसा नहीं पड़ता है बहुत से ऐसे दास विद्यार्थियों को मैंने देखा है इसके करीब,0.747
01-06461-03,deepgram,gramvaani,telephony,N/A,मुंगेर प्रखंड क्षेत्र में बिजली के लिए हाहाकार मचा हुआ है चौबीस घंटे में से मात्र आठ से बारह घंटे तक भी बिजली नहीं मिलती है,मुंगेर में बिजली के लिए आकार में चल रहा है चौबीस घंटे में से मात्र आठ से बारह घंटे तक भी नहीं मिलती है,2.465
13-00159-01,deepgram,gramvaani,telephony,N/A,विरोधियों के बीच होने वाले इस मैच की तारीख से नाराज़ है बी सी सी ज है बी सी सी आई ने एशिया कप के कार्यक्रम में भारत और पाकिस्तान के मैच की मैच की तारीख पर आपत्ति जताई है,के beach होने वाले इस match की तारीख से नाराज़ है bcci ने asia cup के कार्यक्रम में भारत और pakistan की match ही match की तारीख पर आपत्ति जताई है,3.928
01-03050-02,deepgram,gramvaani,telephony,N/A,मैं राजीव कुमार ठाकुर जिला मुंगेर मुंगेर की आवाज़ से बाबा धरमदास मंदिर के निर्माण समिति द्वारा संकल्प दिवस का आयोजन,मैं राजीव कुमार ठाकुर जिला मुंगेर मुंगेर की आवाज़ से बाबा धर्मदास मंदिर निर्माण समिति द्वारा संकल्प दिवस का आयोजन,0.53
01-04208-01,deepgram,gramvaani,telephony,N/A,एक राज्य की छवि छवि खराब करने की ही और दूसरी राज्य को अपने शिक्षा व्यवस्था को ज्यादा गंभीरता से लेने के लिए बाध्य करने की करने की बिहार बोर्ड की परीक्षा में अभिभावकों द्वारा खुलेआम नकल कराने की तस्वीर दुनिया भर में चर्चित हुई थी,एक राज्य की अधिक की अधिक ख़राब करने की थी और दूसरी राज्य को अपनी शिक्षा व्यवस्था को ज़्यादा गंभीरता से लेने के लिए बारीक करने की करने की बिहार board की परीक्षा में अभिभावकों द्वारा खुले आम नकल कराने की एक तकलीफ़ दुनिया भर में दहशत हुई थी,2.494
02-21289-01,deepgram,gramvaani,telephony,N/A,डेढ़ साल पहले ही हम शादी के बंधन में बंधे है इस घर के इकलौते बेटे होने के नाते बचपन से ही सबके लाड प्यार ने इन्हे बिगाड़ रखा है रखा है सुबह से शाम ये अपने काम पर रहते है,डेढ़ साल पहले ही हम शादी के बंधन में बंदे हैं इस घर के इकलौते बेटे होने के नाते बचपन से ही सबके लात प्यार ने इन्हें बिगाड़ रखा है सुबह से शाम यह अपने कम पर रहते हैं,0.52
02-13499-02,deepgram,gramvaani,telephony,N/A,मोदी सरकार ने आशा कार्यकर्ताओं का भत्ता दो गुना किया प्रधानमंत्री बीमा भी मुफ्त मिलेगा,मोदी सरकार ने आशा कार्यकर्ताओं का भत्ता दोगुना किया प्रधानमंत्री बीमा भी मुफ्त मिलेगा,0.401
01-06401-03,deepgram,gramvaani,telephony,N/A,लगभग तीन तीन सौ की आबादी वाले बरवाडीह गाँव ना एक कुआँ ना तालाब है नहाने के लिए यहाँ के लोगो को करीब डेढ़ किलोमीटर की दूरी तय कर,लगभग तीन तीन सौ की आबादी वाले बर्बादी में अपना एक कुआं ना तालाब है नहाने के लिए यहां के लोगों को क़रीब डेढ़ kilometer की दूरी से sir,0.487
01-02125-02,deepgram,gramvaani,telephony,N/A,नमस्कार श्रोता मित्रों मेट्रिक की परीक्षा की शुरुआत शांतिपूर्ण तैतालिस परीक्षार्थी अनुपस्थित रहे मैं जेएम रंगीला कोऑर्डिनेटर बोकारो से झारखण्ड मोबाइल वाणी,नमस्कार प्रतीक्षा की शुरुआत शांति को पैंतालीस परीक्षा से अनुपस्थित रहे,0.428
01-01990-01,deepgram,gramvaani,telephony,N/A,लेकिन वहाँ पर नीचे उतारने का भी अभी तक कोई रास्ता नहीं गया है वहाँ पर बहुत झाड़ झुड़ रहता है इसलिए मैं ग्राम वाणी के द्वारा सरकार से अनुरोध करना चाहता हूँ,लेकिन उस वहां से नीचे उतरने का अभी तो कोई रास्ता नहीं गया है वहां पर बहुत साल जो रहता है इसीलिए मैं जमाने के द्वारा सरकार से enroll करना चाहता हूं,0.526
01-07043-02,deepgram,gramvaani,telephony,N/A,पुनः एक बार सहायता की की जाए धन्य धन्यवाद,कितना एक बार ऐसा है कि पहले पहले बार,0.409
01-02028-02,deepgram,gramvaani,telephony,N/A,उम्मीदवार होगी जिसे आम जन सामाजिक कार्यकर्ता कम और और राजनीती के रूप में अधिक जानेंगे इसमें कोई शक नहीं मैं राधू राय,उम्मीदवार होगी जिसे आमजन सामाजिक कार्यकर्ता कम राजनीतिक के रूप में अधिक जानेंगे इसमें कोई शक नहीं है,2.236
01-06650-01,deepgram,gramvaani,telephony,N/A,डालडा जो होता है उसमे आलू का मिश्रण मिश्रण हो रहा है तेल भी आज कल दोस्तों कोई खास ऑरिजनल नहीं आ रहा है तो आप और आपके परिवार प्लस आप आपके व्यवहारी,dalda जो होता है उसमें आलू का mised constent हो रहा है तेल भी आजकल दोस्तों कोई खास original नहीं आ रहा है तो आप और आपके परिवार plus आपके आपके व्यवहारी,0.436
02-16456-01,deepgram,gramvaani,telephony,N/A,है एक वरिष्ट सरकारी अधिकारी ने बताया कि ये योजनायें सरकारी हो सकती हैं पेंशन बीमा और भविष्य निधि के क्षेत्रों में निजी खिलाडियों का संचालन कर सकती है,है एक वरिष्ठ अधिकारी अधिकारी ने बताया कि यह योजनाएं सरकारी हो सकती हैं pension बीमा और भविष्य निधि के क्षेत्रों में निजी खिलाड़ियों का संचालन कर सकती,0.613
01-06529-02,deepgram,gramvaani,telephony,N/A,मैं ये वन प्रबंधन पदाधिकारी हजारीबाग से ये कहना चाहता हूँ की आप नक्शा पास केंद्र में गड्ढे नाले जहाँ भी हों वहाँ गड्ढा खोद कर के सारे,मैं यह वित्तमंत्र मंडल पदाधिकारी हज़ारीबाग से मैं कहना चाहता हूं कि आप नक्शा park के अंदर में गड्ढे नारे जहां भी हो तो आप कर के पा रहे हैं,0.485
01-10685-03,deepgram,gramvaani,telephony,N/A,नया टाइम टेबल लागू किया है रतलाम रेल मंडल पर चलने वाली उनतीस उनतीस गाड़ियों की गति को बढ़ाया गया है है रतलाम मंडल से होकर जाने वाली कुल पैसठ गाड़ियों की,नया time table लागू किया है रतलाम रेल मंडल पर चलने वाली उनतीस उनतीस गाड़ियों की गति को बढ़ाया गया है रतलाम मंडल से होकर जाने वाली कुल पैंसठ गाड़ियों के,0.99
01-05003-02,deepgram,gramvaani,telephony,N/A,के नेता को कभी अकेले तो कभी संदिग्ध रूप से सत्ता मिला लेकिन जनता की कसौटी पर कोई भी खड़ा नहीं उतर नहीं उतर सका यही सबसे बड़ी चिंता की बात है,के नेता को कभी अकेले तो कभी संगीत group में सत्ता मिला लेकिन जनता की कसौटी पर कोई भी खड़ा नहीं होता नहीं उतर सका यही सबसे बड़ी चिंता की बात है,0.985
01-00960-03,deepgram,gramvaani,telephony,N/A,की जाती है परन्तु कं पुतना ने जब कृष्ण को अपना दुध पिला रहे थे मारने के लिए तब ही भगवान कृष्ण चमत्कार दिखाया की साथ साथ जो है की उनका,जाती है परंतु उतना में जब कितनों को अपना आप का दूध पिला रहे थे मारने करके देता है भगवान की चमत्कार दिखाया इसके साथ साथ जो है कि उनका,0.626
02-12750-02,deepgram,gramvaani,telephony,N/A,नमस्कार श्रोताओं मैं सुनिधि लेकर आई हूँ बिहार मोबाइल वाणी पर शाम,नमस्कार श्रोताओं मैं सुनिधि लेकर आई हूँ बिहार mobile वाणी पर शांत,0.455
01-08134-02,deepgram,gramvaani,telephony,N/A,परीक्षा नौ अगस्त को खबर है नई दिल्ली से रेलवे ने सहायक लोको तकनीशियनों की की छबीस हजार पाँच सौ दो नियुक्तियों के लिए परीक्षा की तारीख नौ,nine august को खबर है नई दिल्ली से railway ने सहायक लोको तक nationों की twenty six thousand five hundred two reaction के लिए परीक्षा की तारीख नो,0.527
01-09492-02,deepgram,gramvaani,telephony,N/A,की है रूट लाइन व कतार के,कि है रूट line व कतार के,1.068
01-02482-01,deepgram,gramvaani,telephony,N/A,जयनगर अनुमंडल क्षेत्र से सुरेश कुमार गुप्ता जयनगर,जय नगर जय नगर,1.359
02-19405-01,deepgram,gramvaani,telephony,N/A,होता ई है कि एस एस जी चूकि महिलाओं का समूह है तो तुम्हारी मेहरारू को,होता यह है कि एस एच जी चुकी महिलाओं का समूह है तो तुम्हारी मेहरारू को कब,1.033
01-06986-01,deepgram,gramvaani,telephony,N/A,सब्जियों की दुकाने फलों फलों के ठेले और तरह तरह के ठेलों की यातायात को बाध्य कई जगहों पर सड़क किनारे लोगों ने घर बना लिया हैं उनके लिए सड़क ही आंगन बन जाता हैं,सब्जियों की दुकाने फलों के फलों के खेले और तरह तरह के लिए तैयार किया था आपको बात कई जगहों पर सड़क किनारे लोगों ने घर बना लिया है उनके लिए तरक्की आंगन वन जाता है,0.972
01-01715-03,deepgram,gramvaani,telephony,N/A,ये सुनना मैं बहुत पसंद करता हूँ मेरी जीवन में बदलाव की श्रण आती रहती है इसी के साथ में ये सन्देश देना चाहता हूँ बिहार मोबाइल वाणी के साथ,यह सुनना मैं बहुत पसंद कर रही हूं मेरे जीवन में बदलाव शिक्षण आती रहती है इसी के साथ मैं यह संदेश देना चाहता हूं बिहार mobile वाणी के साथ,1.003
01-09945-03,deepgram,gramvaani,telephony,N/A,अगर आपके आस पास या आपका क्षेत्रों में भी कुछ ऐसी ही खबरें हैं हैं जो ज़रा हटके हैं हैं तो हमें ज़रूर बताएं अपने मोबाइल में नंबर तीन दबा कर कर और साथ ही इसका,अगर आपके आसपास या आपके क्षेत्रों में भी कुछ ऐसी ही खबरें हैं जो जरा हटके हैं हैं तो हमें ज़रूर बताएं अपने mobile में number तीन दबाकर और साथ ही इसका,0.575
01-05555-02,deepgram,gramvaani,telephony,N/A,किसानों को यह जानकारी किसान पाठशाला लगाकर उपलब्ध कराई जाए की जानकारी प्रखंड पीसी ने बताया की ये कार्यक्रम  में चलाया जायेगा जिसके लिए चयन की प्रक्रि प्रक्रिया अंतिम चरण उन्होंने बताया की चयनित,किसानों को यह जानकारी किसान पाठशाला लगाकर उपलब्ध कराई जिसकी जानकारी प्रखंड सिंह ने बताया कि यह कार्यक्रम दायित्व में चलाया जाएगा इसके लिए चयन की प्रति प्रति शांति चरण उन्होंने बताया कि,1.319
02-15827-01,deepgram,gramvaani,telephony,N/A,सहकारी मुखिया सिकंदर  दिवाकर महतो उमेश कुमार चौबे चौबे मिथिलेश महाराज विनीत जैसवाल सोहेल अंसारी ने,निधि सरकारी मुखिया सिकंदर कपदादादादादादादादादादादादादादा नरेश कुमार चौबे मोहित मिथिलेश महाराज दिनेश जैसवाल तो है अंसारी ने,0.675
01-11055-03,deepgram,gramvaani,telephony,N/A,कि कोई भी परेशानी होने पर आम लोग उनसे सीधा संपर्क कर सकते हैं एवं उनका हर मदद किया जाएगा इस कार्यक्रम को लेकर वहाँ उपस्थित लोगों के बीच,कि कोई भी परेशानी होने पर आम लोग उनसे सीधा संपर्क कर सकते हैं एवं उनका हर मदद किया जाएगा इस कार्यक्रम को लेकर वहां उपस्थित लोगों के beach,0.619
01-10891-03,deepgram,gramvaani,telephony,N/A,सरकारी विमान कंपनी एयर इंडिया के पायलटों के  अपने उड़ान भत्तों के बकायें का तत्काल भुगतान नहीं होने पर परिचालन पायलटों का कहना है कि अन्य कर्मचारियों के वेतन और भत्तों का देर से ही सही लेकिन पूरा भुगतान हो रहा हैं,सरकारी विमानन company air india के pilotओं के एक ने अपने उड़ान भक्तों के बकाया का तत्काल भुगतान नहीं होने पर परिचालन पायलटओं का कहना है कि अन्य कर्मचारियों के वेतन और भक्तों का देर से ही सही लेकिन पूरा भुगतान हो रहा है,1.345
02-18071-01,deepgram,gramvaani,telephony,N/A,हम लोगों को वेतन नहीं दिया जा रहा हैं इधर जिस आवास में हम लोग रहते हैं उस उसके मालिक को भी कंपनी की और से से ताला बंद करने का फरमान दिया गया है,हम लोगो को वेतन नहीं दिया जा रहा है इधर जिस आवास में हम लोग रहते है उसके मालिक को भी company की ओर से ताला बंद करने का फरमान दिया गया है,0.792
02-17099-01,deepgram,gramvaani,telephony,N/A,मै रजनी कुमार सिंह जमुई से सोमवार को जिला परिषद की सामान्य बैठक अध्यक्ष व उपाध्यक्ष की,मैं रजनी कुमार सिंह जमुई से सोमवार को जिला परिषद की सामान्य बैठक अध्यक्ष हुआ उपाध्यक्ष की,0.673
01-06730-01,deepgram,gramvaani,telephony,N/A,है काफी प्रदूषण को लेकर आम लोगों को भी को भी जागरूक होने जरुरत है अन्यथा एक ऐसा समय आएगा जब प्रदूषण के दूषण के कारण जीवन  धन्यवाद,साथ ही प्रदूषण को लेकर आम लोगों को भी को भी ज़रूरत है या ना था एक ऐसा समय आएगा जब प्रदूषण के प्रदूषण के कारण जीवन का धन्यवाद,0.663
01-10262-03,deepgram,gramvaani,telephony,N/A,उद्देश्य है तभी तो इसमें सरकारी खर्च कल्याणकारी योजनाओं का चयन उनकी योजना का निष्पादन के तरीके और अनुवर्ती तरीके की लिए बहुत सारी विधियाँ होंगी,उद्देश्य है तभी तो इसमें सरकारी खर्च कल्याणकारी योजनाओं का चयन उनकी योजना का निष्पादन के तरीके और अनुवर्ती तरीके के लिए बहुत सारी विधियां होंगी,0.714
01-03753-01,deepgram,gramvaani,telephony,N/A,ग्राम पंचायत द्वारा प पानी की कोई सुविधा नहीं की जा रही है है यदि दि ग्राम पंचायत त द्वारा प पानी की कुछ की गयी है है तो,gram पंचायत द्वारा पक पाने की कोई सुविधा नहीं की जा रही है यदि gram पंचायत sir द्वारा पक पाने की कोई की गई है तो,0.856
01-01568-03,deepgram,gramvaani,telephony,N/A,और गुप्त रूप से छापामारी कर कार्रवाई करने का मापदंड अपनाने चाहिए मैं तेजनरायण ब्रह्मर्षि शान्ति प्रेरक की ओर से बिहार मोबाइल वाणी के लिए मधुबनी से से धन्यवाद,और गुप्त रूप से माता मालिक कार्तिक का मापदंड अपना लेकर आइए मैं सेरमसीत शांति clerk की ओर से बिहार mobile वाणी के लिए मतलब से धन्यवाद,0.386
01-00990-03,deepgram,gramvaani,telephony,N/A,दो महिना बीत जाने के बाद भी पोषाहार जो आंगनबाड़ी केन्द्रों धातृ माता बच्चों को दिया जाना है वो नहीं दी गई मैं झारखण्ड मोबाइल वाणी के माध्यम से,दो महीना बीत जाने के बाद भी गुवाहाटी केंद्र महात्मा का बच्चों को दिया जाना है उसी नई की गई मैं झारखंड भोपाल वाले के माध्यम से,0.511
01-11618-03,deepgram,gramvaani,telephony,N/A,इस मौके पर कम्युनिटी के सदस्य अद्या अमित कुमार भगत संपन गुप्ता सचिन नवीन बर्णवाल महासचिव सजन गुप्ता कोषाध्यक्ष मुन्ना केसरी प्रवीण मिश्रा राजेश मिश्रा भूपेश सिन्हा,इस मौके पर अंग्रेज़ी के सदस्य अभय अमित कुमार गुप्ता सचिन नवीन बनवाल महा सचिन रतन गुप्ता मिश्रा मिश्रा रजनीश मिश्रा भूपेश सिन्हा,0.535
01-04428-03,deepgram,gramvaani,telephony,N/A,सात प्रखंड कार्यालय में आधार कार्ड बनाने के लिए आयोजित तीन दिवसीय शिविर आज गुरुवार को समापन हो गया तीसरे और अंतिम दिन आधार कार्ड बनाने के लिए लोगो की काफी काफी भीड़ उमड़ पड़ी थी,सात प्रखंड का आधार card बनाने के लिए तारीख तीन दो अस्सी से भी सात गुरुवार को समापन हो गया तीसरे दिन आधार card बनाने के लिए लोगों की काफ़ी काफ़ी वीर कुमार पड़ी थी,0.83
02-13646-02,deepgram,gramvaani,telephony,N/A,नमस्कार दोस्तों गिद्धौर मोबाइल वाणी से मैं संजीवन कुमार सिंह सुहागिन महिलाओं ने पति के दीर्घआयु के लिए आज रखा है निर्जला उपवास पति के दीर्घ आयु के लिए सुहागिन महिलाओं ने,नमस्कार दोस्तों mobile वाले से मैं संजीवन कुमार सिंह हूं सुहागिन महिलाओं ने पति के दिल drive के लिए आ रखा है निर्वाह हुआ पति के दिल drive के लिए सुहागिन महिलाओं ने,0.656
01-05501-03,deepgram,gramvaani,telephony,N/A,देख छप्पन इंच का सीना आतंकवादियों को आया पसीना कह रहा है हिन्दू हिंदुस्तान सुधर जाओ रे पाकिस्तान,डेढ़ छप्पन inch का सीना आतंकवादियों को आया पसीना कह रहा है हिंदू हिंदुस्तान सुभाष और pakistan,2.197
01-01738-02,deepgram,gramvaani,telephony,N/A,भ्रष्टाचार शिष्टाचार बन गया है सभी जगह घूसखोरी निगरानी द्वारा उसी को पकड़ा जा रहा है जिस पर कोई पब्लिक पड़ गए हो और उसे पकड़वाया हो,भ्रष्टाचार वन गया है सभी जगह उसको भी निद्रा गुरुद्वारा उसी को पकड़ा जा रहा है जिस वर्ष कोई public पड़ गए हो और उसे पकड़वाया हो,0.423
02-16847-01,deepgram,gramvaani,telephony,N/A,हाथुडीह को मिलेगा जल संकट से निजात चलेगा तालाब जोड़ो अभियान खबर है महुदा से अगर सब कुछ योजनाबद्ध तरीके से हुआ तो तो शीघ्र ही हाथुडीह पंचायत के लोगों,हाथों डी को मिलेगा जल संकट से निजात चलेगा तालाब जोड़ो अभियान खबर है महोदय से अगर सब कुछ योजनाबद्ध तरीके से हुआ तो शीघ्र ही हाथों डी पंचायत के लोगों,0.684
13-00315-05,deepgram,gramvaani,telephony,N/A,विधायक सांसद जाना तय होगा,direct counter रहना pay होगा,0.547
02-17346-01,deepgram,gramvaani,telephony,N/A,के अध्यक्षता में संपन्न मंत्री परिषद की बैठक के बैठक के बाद पत्रकारों को सम्बोधित करते हुए मंत्रिमंडल सचिवालय विभाग के प्रधान सचिव,के अध्यक्षता में संपन्न मंत्री परिषद की बैठक की बैठक के बाद पत्रकारों को संबोधित करते हुए मंत्रिमंडल सचिवालय विभाग के प्रधान सचिव,0.513
01-02106-02,deepgram,gramvaani,telephony,N/A,और वे लोग भी अपनी मर्जी से तो एक दू महीना सब्जी बेचतें फिर अपने घर के पालन पोषण के लिए दूसरी जगह मजदूरी के लिए पलायन करते हैं,और वह है लोग भी बीमा जी के ऐसा एक दो महीना सर्दी देते हैं pickup में जाकर पालन पोषण के लिए दूसरी जगह मजदूरी के लिए plan करते हैं,0.475
02-21859-01,deepgram,gramvaani,telephony,N/A,तब तक आप सुनते रहिये हँसी की डोली कार्यक्रम आपके अपने मोबाइल वाणी पर अगर आपको हमारी खट्टी मीठी बातें दोस्तों और परिवार वालो को भी सुनाये,तब तक आप सुनते रहिये हंसी की टोली कार्यक्रम आपके अपने mobile वाणी पर अगर आपको हमारे खर्चे मीठी वाले दोस्तों और परिवार वालों को भी सुनाये,0.491
02-22739-01,deepgram,gramvaani,telephony,N/A,गुड़िया के लिए शायद वो आगे जानेंगे की माजी के बातों का का हमारे पति पर कितना असर पड़ता है हमारे पति हमारा साथ देंगे तब तक के लिए आप हमें बताइये,गुड़िया के लिए शायद वह आगे जानेंगे कि मां जी की बातों का का हमारे पति पर कितना असर पड़ता है हमारे पति हमारा साथ देंगे तब तक के लिए आप हमें बताइए,0.75
01-08047-01,deepgram,gramvaani,telephony,N/A,अधिकार की जानकारी दे तथा महिलाएं किसी भी अधिकार पर बहुत कम ही महिलायें भागीदारी ले पाती है क्योकि पंचायत की अधिकतर महिलाएं अशिक्षित होती,विकास की जानकारी दें तथा महिलाएं किसी भी अधिकार पर बहुत कम की महिलाएं भागीदारी ले पाती है क्योंकि पंचायत के अधिकतर महिलाएं,0.821
01-11183-02,deepgram,gramvaani,telephony,N/A,है जो जोकि चौथी पारी में असंभव बताया जा रहा है इंग्लैंड ने दिन का खेल ख़त्म होने तक बिना किसी नुकसान के तेईस रन बना लिए हैं,जो कि चौथी पारी में असंभव बताया जा रहा है england ने दिन का खेल खत्म होने तक बिना किसी नुकसान के तेईस run बना लिए हैं,1.209
02-16015-01,deepgram,gramvaani,telephony,N/A,की मदद से अफ़ग़ानिस्तान ने लचर शुरुआत से उबरकर बांग्लादेश के खिलाफ एशियाई कप,की मदद से afghanistan ने लचर शुरुआत से उबर कर बांग्लादेश के खिलाफ एशियाई cup,1.671
01-06755-01,deepgram,gramvaani,telephony,N/A,मैं राधु राय धनबाद मोबाइल मीडिया महुदा झारखंड से लव कुश योजना अधर में लटका चिलचिलाती धुप गर्म हवा गर्मी छियालीस डिग्री पर आम जन प्यासे और पशु पक्षी प्यास के मारे बेहाल पानी की खोज में दूर दूर तक भटक रहे,मैं राघव राज धनबाद अग्रवाल बढ़िया सौदा झारखंड जिला कुल्छी योजना घर में लटका इस इलाके दो गर्म हवा गर्मी चालीस degree पर आम जन प्यासे और पशु पत्ती इस प्रकार के मारे बेहाल अन्य क्षेत्रों में लोग दूर दूर तक बचाकर,6.801
01-03176-02,deepgram,gramvaani,telephony,N/A,जाने वाले रोड का पक्कीकरण व सौन्दर्यकरण किया जाएगा मौके पर आदिवासी विकास मंच के प्रवक्ता उमित सोरेन,जाने वाले road का वर्गीकरण और सौंदर्यीकरण किया जाएगा मौके पर आदिवासी विकास मंच के प्रवक्ता उन्नीस सौरेन,0.615
01-06865-02,deepgram,gramvaani,telephony,N/A,बजे तो सुनना न भूलें लें जनता की रिपोर्ट हर शाम पाँच बजे बजे आपके मोबाइल वाणी पर ध धन्यवाद,तो सुनना ना भूले play जनता की report हर शाम five:zero बजे आपके mobile वाणी पर धन्यवाद,0.81
01-06596-02,deepgram,gramvaani,telephony,N/A,किसानो को बोनस नहीं दी दी इस तरह बिहार के किसानो किसानो की आर्थिक स्थिति स्थिति अन्य राज्यों की तुलना में काफी दयनीय है इसके लिए यह सरकार काफी जिम्मेवार है धन्यवाद,किसानों को bonus नहीं दी इस तरह बिहार के किसानों शानो की आर्थिक क्षति अन्य राज्यों की तुलना में काफ़ी देनी है इसके लिए यह सरकार काफ़ी जिम्मेवार है,0.619
01-04132-03,deepgram,gramvaani,telephony,N/A,वन डब ऐट डबल जीरो द्वारा सोलह मार्च दो हजार सोलह को अनुसूचित जाती का प्रमाणपत्र हासिल कर चुनाव में आरक्षण का फायदा ले लिया श्री,one double eight double zero द्वारा सोलह march दो हज़ार सोलह को अनुसूचित जाति का प्रमाण पत्र हासिल कर चुनाव में आरक्षण का फ़ायदा ले लिया three,0.306
01-11742-01,deepgram,gramvaani,telephony,N/A,कर्मचारी राज्य बीमा योजना ना तथा एन पी एस के पास नए सदस्यों के नामांकन पर आधारित हैं हैं रिपोर्ट के अनुसार सितम्बर दो हज़ार सतरह से,कर्मचारी राज्य बीमा योजना तथा nps के पास नए सदस्यों के नामांकन पर आधारित है report के अनुसार september दो हज़ार सत्रह से,1.357
01-05071-03,deepgram,gramvaani,telephony,N/A,एक ऐसा कुछ अधिकर्मियों की गलती मान लो चाहे कुछ किसानों की गलती मान लो तो जरूरी नहीं है कि पूरे मध्य प्रदेश में हमारे सभी किसानों ने बीमा,कि ऐसा कुछ अधिकारियों की गलती मान लो चाहे कुछ किसानों की गलती मान लो तो ज़रूरी नहीं है कि पूरे मध्यप्रदेश में हमारे सभी किसानों ने बीमा,0.418
13-00272-06,deepgram,gramvaani,telephony,N/A,में की बोली गयी है कि बारह बजे दिन से से दो बजे तक ही ताजिया,अखिल मैं बोली गई है कि बारह बजे दिन से दो बजे तक के साथ या,1.035
01-12107-01,deepgram,gramvaani,telephony,N/A,ने छात्र को को इस आधार पर अनुमति दी है कि उसने दो हज़ार अठारह रा राष्ट्रीय पात्रता एवं प्रवेश परीक्षा क्षा असक्षम लोगों के वर्ग में पास की है,ने छात्रों को इस आधार पर अनुमति दी है कि उसने दो हज़ार अठारह पर राष्ट्रीय पात्रता एवं प्रवेश परीक्षा असक्षम लोगों के वर्ग में पास की,0.482
01-11453-01,deepgram,gramvaani,telephony,N/A,रेलवे में गेट मैन के लिए एक हज़ार चार सौ उनासी पदों के लिए करें अप्लाई ख़बर है पटना से पूर्व मध्य रेल ने एक हज़ार चार सौ उनासी पदों के लिए,railway में gateman के लिए एक हज़ार चार सौ उनासी पदों के लिए करें apply खबर है पटना से पूर्व मध्य rail ने एक हज़ार चार सौ उन्नासी पदों के लिए,0.458
01-01599-03,deepgram,gramvaani,telephony,N/A,की बहुत सी तरह की बीमारियाँ जो उत्प्न्न होती हैं जो की किसान भाई लोग काफ़ी दुःख छूटे हुए हैं और ऐसे ही मतलब बहुत सारे किसान हैं लेकिन फिर भी ये उर्वरक हमेशा डालतें हैं और आज तक हमारी झारखण्ड सरकार हैं की कुछ,जी बहुत ही तरह की बीमारियां उत्पन्न होती है जो कि किसान भाई लोग काफ़ी डूब चुके हुए हैं और ऐसे ही मतलब बहुत सारे किसान हैं लेकिन फिर भी यह rural हमेशा डालते हैं और आज तक हमारी झारखंड सरकार ऐसी,1.425
01-10772-03,deepgram,gramvaani,telephony,N/A,योजना लागू किए जाने पर आम लोगों ने सरकार व ज़िला प्रसाशन को बधाई भी दी और अब समाचार खेल से,लागू किए जाने पर आम लोगों ने सरकार व जिला प्रशासन को बधाई भी दी और अब समाचार खेल से,0.433
koramangala-quiet,sarvam,self,quiet,Koramangala,haan bhai main koramangala mein rehta hoon kab aana hai,"हाँ भाई, मैं कोरामंगला में ही रहता हूँ। कैब आना है?",2.124
indranagar-quet,sarvam,self,quiet,Indiranagar,mera ghar indiranagar mein hai 100 feet road ke paas,"मेरे घर इंद्रानगर मेन है, 100 फीट रोड के पास।",2.096
whitefield-quiet,sarvam,self,quiet,Whitefield,office whitefield mein hai roz ghanta bhar jaata hoon,"ऑफिस वाइट फील्ड में है, रोज़ घंटा बाहर जाता हूँ।",2.086
electroniccity-quite,sarvam,self,quiet,Electronic City,haan electronic city phase one mein kaam karta hoon,"हाँ, इलेक्ट्रॉनिक सिटी फेस वन मेन काम करता हूँ।",2.151
Marathahalli-quiet,sarvam,self,quiet,Marathahalli,main marathahalli mein rehta hoon bridge ke paas wala area,"मैं इन मरतहल्ली में रहता हूँ, ब्रिज के पास वाला एरिया है।",2.195
Jayanagar-noisy,sarvam,self,noisy,Jayanagar,jayanagar mein flat dhundh raha hoon koi option hai kya,"जया नागर में फ्लैट ढूंढ रहा हूँ, कोई ऑप्शन है क्या?",2.202
Rajajinagar-noisy,sarvam,self,noisy,Rajajinagar,bhai rajajinagar se majestic kitna time lagta hai,भाई राजाजीनगर से मैजेस्टिक कितना टाइम लगता है?,2.138
Hebbal-noisy,sarvam,self,noisy,Hebbal,main hebbal flyover ke paas hoon abhi traffic mein hoon,"मेन हेब्बल फ्लाईओवर के पास हूं अभी, ट्रैफिक में हूं।",2.091
yelahanka-noisy,sarvam,self,noisy,Yelahanka,yelahanka new town mein ek room chahiye budget kam hai,"इलाहन का न्यू टाउन में एक रूम चाहिए, बजट कम है।",2.083
banashankari-noisy,sarvam,self,noisy,Banashankari,banashankari mein rehti hoon temple ke paas wala area,बनाशंगरी में रहते हों टेम्पुल के पास वाला एरिया।,2.319
hsrlayout-rushed,sarvam,self,rushed,HSR Layout,hsr layout second sector mein hoon jaldi batao,"अरे अरे अरे अरे, एचएसआर लेआउट सेकंड सेक्टर में हो, जल्दी जल्दी बटो।",2.395
btmlayout-rushed,sarvam,self,rushed,BTM Layout,btm layout se silk board kitna door hai bhai jaldi,"बीटीएम लेआउट का सिल्क बोर्ड कितना डोर है भाई, जल्दी?",2.118
majestic-rushed,sarvam,self,rushed,Majestic,majestic bus stand pe hoon bus nikal jaayegi,"दूसरी बस स्टैंड पे हो हम, बस निकल जाएगी।",2.125
silkboard-rushed,sarvam,self,rushed,Silk Board,silk board junction pe jam hai late ho raha hoon,"सिल्क बोर्ड जंक्शन पे जाम है, लेट हो रहा ना हो।",2.152
bellandur-rushed,sarvam,self,rushed,Bellandur,bellandur mein hoon cab book karo jaldi please,"वेलोंदूर मेन हॉन, क्या बुक कर दो जल्दी प्लीज प्लीज प्लीज प्लीज प्लीज प्लीज।",3.162
sarjapur-whisper,sarvam,self,whisper,Sarjapur,sarjapur road pe ek pg dhundh raha hoon affordable chahiye,"सरजाबूर रोड पे एक पेज ढूंढ रहा हूँ, अफोर्डेबल चाहिए।",2.373
bommanahalli-whisper,sarvam,self,whisper,Bommanahalli,bommanahalli mein rehta hoon kaam ke liye apply karna tha,"वह माली में रहता हूँ, काम के लिए अप्लाई करना था।",2.555
krpuram-whisper,sarvam,self,whisper,KR Puram,kr puram station ke paas hoon koi job hai kya paas mein,"कैपी फार्म स्टेशन के पास हूँ, कोई जॉब है क्या पास में?",2.225
peenya-whisper,sarvam,self,whisper,Peenya,peenya industrial area mein supervisor ka kaam chahiye,पेन या इंटेस्ट्रल एरिया में इन सुपरवाइजर का क्या हम चाहिए?,2.156
yeshwanthpur-whisper,sarvam,self,whisper,Yeshwanthpur,yeshwanthpur se koi factory job milegi kya experience hai,यशवंतपुर से कोई फैक्ट्री जॉब में लेंगे क्या एक्सपीरियंस है ये?,2.131
01-04397-02,sarvam,gramvaani,telephony,N/A,बेईमानी और भ्रस्टाचारी की वजह से जनप्रतिनिधि अधिकारी व बिचौलिए माला माल हो रहे हैं,बेईमानी और भ्रष्टाचारी की वजह से जनप्रतिनिधि अधिकारी व बिचौलीय मालामाल हो रहे हैं।,2.52
01-01025-03,sarvam,gramvaani,telephony,N/A,कि बच्चे लेने वालों की संख्या अब समय आ गया है इन बच्चों का जिम्मा सरकार ले और गर्भपात पर रोक लगा दे कौन जनता है,कि बच्चे लेने वालों की संख्या में अब समय आ गया है कि इन बच्चों का जिम्मा सरकार ले और गर्भपात पर रोक लगा दे। कौन जानता है?,2.735
01-09868-01,sarvam,gramvaani,telephony,N/A,नमस्कार आदाब श्रोताओं मैं श्वेता बिहार मोबाइल वाणी पर पेश करती हूँ शाम की सुर्खियाँ मानसून की बारिश से पानी,"नमस्कार, आदाब श्रोताओं। मैं श्वेता बिहार मोबाइल वाणी पर पेश करती हूँ शाम की सुर्खियाँ। मानसून की बारिश से पानी।",2.684
01-08600-03,sarvam,gramvaani,telephony,N/A,लगाने का विकल्प मिल सकता है श्रम मंत्रालय निवेश पर मौजूदा कैप को हटाने के लिए नीति बना रहा है ऐसा होने पर पीएफ खाता धारकों को ज्यादा रिटर्न पाने का मौका मिल सकता है,लगाने का विकल्प मिल सकता है। श्रम मंत्रालय निवेश पर मौजूदा कैप को हटाने के लिए नीति बना रहा है। ऐसा होने पर पीएफ खाता धारकों को ज्यादा रिटर्न पाने का मौका मिल सकता है।,3.316
01-07995-03,sarvam,gramvaani,telephony,N/A,मदिरा नशा जैसी सामाजिक बुराई ने आज हमारे समाज एंव राष्ट्र को एक बड़ी शराब ना केवल लाखों हँसते खेलते परिवारों को रोने पर मजबूर कर दिया,मदूरा लसा जैसी सामाजिक दवाई ने आज हमारे समाज के रमदास को एक बड़ी शराब में केवल लाखों हॉस्पिटल के परिवारों को रोने पर मजदूर कर दिया।,2.595
01-05263-01,sarvam,gramvaani,telephony,N/A,में रहता है आजकल तो लड़की वाले दहेज़ के अलावा लड़की के लड़की के लिए दस से बीस हज़ार,रूप में रहता है। आजकल तो लड़के वाले दहेज के अलावा लड़की के लिए 10 से 20 वर्षों में।,2.381
01-03411-01,sarvam,gramvaani,telephony,N/A,राजू तिवारी आलोक कुमार के अलावे कई लोग उपस्थित थे इसी के साथ मैं शिवनारायण रिपोर्टर बोकारो मोबाइल मीडिया जरीडीह बोकारो से,"राजू तिवारी, आलोक कुमार के अलावा कई लोग उपस्थित थे। इसी के साथ मैं शिव नारायण रिपोर्टर बोकारो मोबाइल मीडिया जरीडी बोकारो से।",2.89
02-16304-01,sarvam,gramvaani,telephony,N/A,आज देखा जा रहा है की हमारे धान के खेत धान मरने की स्थिति में हो गए थी थी आज इस नए झारखण्ड में हमारी बारिश होने का,आज देखा जा रहा है कि हमारे धान के खेत धान मरने की स्थिति में हो गई थी। आज एक मुनाई झारखंड में हमारी बारिश होने का।,2.596
01-00703-03,sarvam,gramvaani,telephony,N/A,गठित की है और जाँच चल रही है बावजूद की कोयला का अवैध उत्खनन एवं तस्करी बद्कसूर जारी है सीसीएल ढोरी प्रक्षेत्र के तारणी परियोजना स्थित,गठित की है और जांच चल रही है। बावजूद भी कोयला का अवैध उत्खनन एवं तस्करी बद्ध सूत जारी है। सीसीएल की ढोली पर क्षेत्र के तारवी परियोजना स्थित है।,3.206
01-00666-01,sarvam,gramvaani,telephony,N/A,प्रतिभागियों को दिया मौके पर दर्जनों सदस्यों ने भाग लिया एवं प्रति पर अपने विचार लिखित रूप से जमा किया मैं राधू राय महुदा धनबाद से,"एक कुशल प्रतिभागी को दिया, मौके पर दर्जनों सदस्यों ने भाग लिया एवं प्रतिभागी पर अपने विचार लिखित रूप से जिम्मा किया। मेरे धन्यवाद से धन्यवाद।",2.894
01-01992-01,sarvam,gramvaani,telephony,N/A,करोड़ों रुपया में मिला हुआ है वैसे भी किसी बच्ची के नाम पर दस हजार बीस हजार पच्चीस हजार तीस हजार रुपया तक बाकया हो जाता है,"करोड़ रुपए में किया हुआ है, जैसे कि किसी व्यक्ति के नाम पर दस हज़ार, बीस हज़ार, पच्चीस हज़ार, तीस हज़ार रुपए तक बाक़ाया हो जाता है।",2.903
01-04281-03,sarvam,gramvaani,telephony,N/A,कोई विश्वासनीय खाका है जिसको आप जानते हैं हैं बिहार मोबाइल वाणी के लिए खजौली मधुबनी से रामाशीष सिंह धन्यवाद,कोई विश्वासीय खाका है जिसको आप जानते हैं? बिहार मोबाइल वाणी के लिए खजौली मधुबनी से रामाश्री सिंह मनोहर।,2.869
01-04493-02,sarvam,gramvaani,telephony,N/A,नमस्कार मधुबनी मोबाइल वाणी के लिए मैं मधवापुर साहरघाट से राजकिशोर यादव मधवापुर प्रखंड के बलवा गाँव में ग्यारह हजार तार पुपरी की ओर जाने वाली सड़क पर आज सुबह गिर गया है ग्यारह हजार तार गिर जाने से,"नमस्कार, मैं मधुबानी मोबाइल वाणी के लिए मैं मधलापुर तारघाट से राजकिशोर जादा। मधलापुर प्रखंड के बलवा गाँव में 11,000 तार ऊपरी चौरों जाने वाली सड़क पर आज सुबह गिर गया है। 11,000 तार गिर जाने से।",3.326
01-08776-01,sarvam,gramvaani,telephony,N/A,इस कार्य में काफ़ी संघर्ष का सामना करना पड़ा अब उन्होंने अर्पण नेचर सवेर ग्रुप बनाकर झी झील की दुबारा खूबसूरती लाने का भरसक प्रयास कर रहे हैं,इस कार्य में काफी संघर्ष का सामना करना पड़ा। अब उन्होंने अर्पन नेचर सेवर ग्रुप बनाकर झील की दोबारा खूबसूरती लाने का बढ़सक प्रयास कर रहे हैं।,3.348
01-10651-02,sarvam,gramvaani,telephony,N/A,की वजह से जनता को परेशान होना पड़ेगा पुलिस मुख्यालय की पहल को नया नंबर अलोट करने का निर्णय लिया,इसकी वजह से जनता को परेशान होना पड़ेगा। पुलिस मुख्यालय की पहल को नया नंबर अलॉट करने का निर्णय लिया।,2.877
01-00622-03,sarvam,gramvaani,telephony,N/A,जो भी है पहले का पंचायत भवन पुराना टुटल फुटल उसमें हमलोग बैठक चलाते हैं तो उसमे बरसात के सीजन में पानी घुस जाता है और धँसने वाला भी है है कहीं बैठक के समय धँस गया तो फिर लोगों की,तो जो भी है पहले का पंचायत भवन पुराना टुटल फुटल उसमें हम लोग बाइक चलाते हैं तो उसमें वर्षा का सीजन में पानी घुस जाता है और दसने का वाला भी है कहीं बैठे समय दस जाएगा तो फिर लोगों की,2.825
01-10039-03,sarvam,gramvaani,telephony,N/A,ये खुल गया प्राइस बैंड चार सौ अठारह से चार सौ बाईस रूपए और मिनिमम लोट साइज़ इज़ पैंतीस शेयर रखा गया है आई पी ओ दस अगस्ट तक खुला रहेगा,यह खुल गया। प्राइस बैंड 418 से 422 रुपये और मिनिमम लॉट साइज 35 शेयर रखा गया है। आईपीओ 10 अगस्त तक खुला रहेगा।,2.572
01-03999-01,sarvam,gramvaani,telephony,N/A,की सर्विस लगा पर रोक लगा कर रख दिया गया है पैदल चलने वाले यात्रियों को बहुत दिक्कत होती हैं साथ ही दो पहिये वाहन तथा चार पहिये वाहन के गुजरने में भारी दिक्कतें होती है,,0.0
02-12587-02,sarvam,gramvaani,telephony,N/A,से जिससे हमारा जीवन प्रभावित होती है होती है और आज भी हम एक ऐसे ही मुद्दे के साथ हाज़िर है आपके सामने,,0.0
01-11496-02,sarvam,gramvaani,telephony,N/A,अंत में समाचार खेल जगत से एशियाई खेल अंकिता के कांस्य के बाद भारत,,0.0
02-12399-02,sarvam,gramvaani,telephony,N/A,नमस्कार आदाब श्रोताओं देश के कौन कौन से किसान मज़दूर यूनियन काफ़ी संख्या में इकठ्ठा होकर सरकार से अपनी माँगों को लेकर दिल्ली के पार्लियामेंट स्ट्रीट में धरना,,0.0
01-09796-02,sarvam,gramvaani,telephony,N/A,का एलान भारत और इंग्लैंड के बीच नौ अगस्त से लॉर्ड्स में खेले जाने वाले वाले दूसरे टेस्ट मैच के लिए गयी है एक वेस्टर्न टेस्ट में इंग्लैंड ने भारत को इकतीस रन,,0.0
01-07562-01,sarvam,gramvaani,telephony,N/A,आवश्यक है है किन्तु नियोजित शिक्षको की मामले में न्यूनतम वेतन अठारह हजार लागू नहीं किया गया है जिसके लिए,"आवश्यक है, है, किंतु नियोजित शिक्षकों के मामले में न्यूनतम वेतन 18,000 लागू नहीं किया गया है, जिसके लिए।",2.653
01-04320-03,sarvam,gramvaani,telephony,N/A,मुंगेर नगर निगम की बदहाली व्यवस्था के कारण शहर वासियों को शुद्ध पेय जल नहीं मिल रहा है नगर निगम के साथ संचालित कस्तुरबा वॉटर वर्क्स,मुंगेर नगर निगम की बदहालत व्यवस्था के कारण शहरवासियों को शुद्ध पेयजल नहीं मिल रहा है। नगर निगम के साथ संचालित सुरवा वाटर बॉक्स।,2.86
01-08017-03,sarvam,gramvaani,telephony,N/A,के बेहतरीन महिला को एक पारदर्शी महिला को पंचायत में इनका आ आरक्षण मिले और उसका विकास हो आने वाले दिन में,"एक बेहतरीन महिला को, एक पारदर्शी महिला को पंचायत में इसका आरक्षण मिले और इसका विकास हो आने वाले दिन में।",2.754
01-10457-02,sarvam,gramvaani,telephony,N/A,इस देश के कई भाग से हैं जहाँ सिंचाई सुविधा के आभाव मैं बारिश पर निर्भर रहते हैं अगर बारिश समय पर नहीं हुए तो सारा फसल बर्बाद अब ऐसे मैं किसान करे तो क्या करे,इस देश के कई भाग ऐसे हैं जहां अधिकांत सिंचाई सुविधा के अभाव में खेल रही बारिश पर निर्भर रहते हैं और अगर बारिश समय पर नहीं हुई तो सारा फसल बर्बाद अब ऐसे में किसान करें तो क्या करें,3.115
02-14905-01,sarvam,gramvaani,telephony,N/A,श्री पावन भगत अशोक केसरी पवन केसरी विजय मिश्रा उदय लाहाकर प्रवीन मिश्रा मंटू भगत सहित गणेश मंदिर समिति के सभी सदस्य मौजुद वही बताते चले की मोबाइल वाणी के द्वारा ही,"श्री पवन भगत, अशोक केसरी, पवन केसरी, विजय मिश्रा, उदय लाहकार, प्रवीण मिश्रा, मंटू भगत सहित गणेश मंदिर समिति के सभी सदस्य में वहीं बताते चले कि मोबाइल वाणी के द्वारा ही।",3.463
02-17467-01,sarvam,gramvaani,telephony,N/A,मोबाइल वाणी के बेहद लोकप्रिय और ख़ास कार्यक्रम खबरें जरा हट के में आपका स्वागत है,,0.0
01-00097-03,sarvam,gramvaani,telephony,N/A,इस मध्य प्रदेश मोबाइल वाणी के सभी सुनने वाले श्रोताओं को और मेरे मित्रों को सभी को हार्दिक हार्दिक शुभकामनाएं धन्यवाद नमस्कार,"इस मध्य प्रदेश मोबाइल वाणी के सभी सुनने वाले श्रोताओं को और मेरे मित्रों को सभी को हार्दिक हार्दिक शुभकामनाएं, धन्यवाद, नमस्कार।",2.685
02-13426-02,sarvam,gramvaani,telephony,N/A,आँगनबाड़ी सहायिकाओं को पन्द्रह सौ रूपए के स्थान पर बाईस सौ सौ पचास रूपए मिलेंगे और अब ख़बर खेल जगत से कुछ देर में शुरू होगा पाँचवें दिन दिन का खेल शाख बचाने को उतरेगी टीम इंडिया ख़बर है नई दिल्ली से,,0.0
02-14654-01,sarvam,gramvaani,telephony,N/A,याद है की मनरेगा में लंबित मजदूरी भुगतान नहीं होने के सम्बन्ध में शिकायतें प्राप्त हो रही थी राज्य शासन द्वारा शिकायतों के निराकरण के लिए ग्राम पंचायतों में कलस्टर,ज्ञात है कि मनरेगा में लंबित मजदूरी भुगतान नहीं होने के संबंध में शिकायतें प्राप्त हो रही थीं। राज्य शासन द्वारा शिकायतों के निराकरण के लिए ग्राम पंचायतों में क्लस्टर।,2.795
01-03123-03,sarvam,gramvaani,telephony,N/A,फ़िलहाल जारी अधिकतम तापमान का ट्रेंड गेहूं और दलहन का  यदि तापमान का रुख ऐसा ही जारी रहा,,0.0
02-12354-02,sarvam,gramvaani,telephony,N/A,तिलका मांझी भागलपुर विश्वविद्यालय प्रशासन ने बी ए फर्स्ट इयर दो हज़ार सतरह उन्नीस का परीक्षा कार्यक्रम घोषित कर दिया है परीक्षा दूसरी पाली में दो बजे,तिलका माही भागरपुर विश्वविद्यालय प्रशासन ने बीएड फर्स्ट ईयर 2017-19 का परीक्षा कार्यक्रम घोषित कर दिया है। परीक्षा दूसरी पाली में 2 बजे।,2.918
01-07629-02,sarvam,gramvaani,telephony,N/A,और पछताना नहीं पड़ता है बहुत से ऐसे गाँव के विद्यार्थी को मैंने देखा है की कई,,0.0
01-06461-03,sarvam,gramvaani,telephony,N/A,मुंगेर प्रखंड क्षेत्र में बिजली के लिए हाहाकार मचा हुआ है चौबीस घंटे में से मात्र आठ से बारह घंटे तक भी बिजली नहीं मिलती है,मुंगेर प्रखंड क्षेत्र में बिजली के लिए हाहाकार मचा हुआ है। चौबीस घंटे में से मात्र आठ से बारह घंटे तक भी बिजली नहीं मिलती है।,2.836
13-00159-01,sarvam,gramvaani,telephony,N/A,विरोधियों के बीच होने वाले इस मैच की तारीख से नाराज़ है बी सी सी ज है बी सी सी आई ने एशिया कप के कार्यक्रम में भारत और पाकिस्तान के मैच की मैच की तारीख पर आपत्ति जताई है,,0.0
01-03050-02,sarvam,gramvaani,telephony,N/A,मैं राजीव कुमार ठाकुर जिला मुंगेर मुंगेर की आवाज़ से बाबा धरमदास मंदिर के निर्माण समिति द्वारा संकल्प दिवस का आयोजन,"मैं राजीव कुमार ठाकुर, जिला मुंगेर, मुंगेर की आवास से, बाबा धर्मदास मंदिर निर्माण समिति द्वारा संकल्प दिवस का आयोजन।",2.628
01-04208-01,sarvam,gramvaani,telephony,N/A,एक राज्य की छवि छवि खराब करने की ही और दूसरी राज्य को अपने शिक्षा व्यवस्था को ज्यादा गंभीरता से लेने के लिए बाध्य करने की करने की बिहार बोर्ड की परीक्षा में अभिभावकों द्वारा खुलेआम नकल कराने की तस्वीर दुनिया भर में चर्चित हुई थी,,0.0
02-21289-01,sarvam,gramvaani,telephony,N/A,डेढ़ साल पहले ही हम शादी के बंधन में बंधे है इस घर के इकलौते बेटे होने के नाते बचपन से ही सबके लाड प्यार ने इन्हे बिगाड़ रखा है रखा है सुबह से शाम ये अपने काम पर रहते है,"डेढ़ साल पहले ही हम शादी के बंधन में बंधे हैं। इस घर के इकलौते बेटे होने के नाते बचपन से ही सबके लाड प्यार ने इन्हें बिगाड़ रखा है। खैर, सुबह से शाम ये अपने काम पर रहते हैं।",3.12
02-13499-02,sarvam,gramvaani,telephony,N/A,मोदी सरकार ने आशा कार्यकर्ताओं का भत्ता दो गुना किया प्रधानमंत्री बीमा भी मुफ्त मिलेगा,,0.0
01-06401-03,sarvam,gramvaani,telephony,N/A,लगभग तीन तीन सौ की आबादी वाले बरवाडीह गाँव ना एक कुआँ ना तालाब है नहाने के लिए यहाँ के लोगो को करीब डेढ़ किलोमीटर की दूरी तय कर,लगभग तीन सौ की आबादी वाले बरवा भी गांव ना एक कुआँ ना तालाब है। नहाने के लिए यहाँ के लोगों को करीब डेढ़ किलोमीटर की दूरी सहकर।,2.758
01-02125-02,sarvam,gramvaani,telephony,N/A,नमस्कार श्रोता मित्रों मेट्रिक की परीक्षा की शुरुआत शांतिपूर्ण तैतालिस परीक्षार्थी अनुपस्थित रहे मैं जेएम रंगीला कोऑर्डिनेटर बोकारो से झारखण्ड मोबाइल वाणी,,0.0
01-01990-01,sarvam,gramvaani,telephony,N/A,लेकिन वहाँ पर नीचे उतारने का भी अभी तक कोई रास्ता नहीं गया है वहाँ पर बहुत झाड़ झुड़ रहता है इसलिए मैं ग्राम वाणी के द्वारा सरकार से अनुरोध करना चाहता हूँ,लेकिन उस महाकार नीचे उतरने का अभी तक कोई रास्ता नहीं गया है। वहाँ पर बहुत झाड़ जरूर रहता है। इसीलिए मैं ग्रामवाणी के द्वारा सरकार से अनुरोध करना चाहता हूँ।,2.762
01-07043-02,sarvam,gramvaani,telephony,N/A,पुनः एक बार सहायता की की जाए धन्य धन्यवाद,,0.0
01-02028-02,sarvam,gramvaani,telephony,N/A,उम्मीदवार होगी जिसे आम जन सामाजिक कार्यकर्ता कम और और राजनीती के रूप में अधिक जानेंगे इसमें कोई शक नहीं मैं राधू राय,उम्मीदवार होगी जिसे आम जन सामाजिक कार्यकर्ता कम और राजनीतिक के रूप में अधिक जानेंगे इसमें कोई शक नहीं शर्त में राधुर है,2.798
01-06650-01,sarvam,gramvaani,telephony,N/A,डालडा जो होता है उसमे आलू का मिश्रण मिश्रण हो रहा है तेल भी आज कल दोस्तों कोई खास ऑरिजनल नहीं आ रहा है तो आप और आपके परिवार प्लस आप आपके व्यवहारी,,0.0
02-16456-01,sarvam,gramvaani,telephony,N/A,है एक वरिष्ट सरकारी अधिकारी ने बताया कि ये योजनायें सरकारी हो सकती हैं पेंशन बीमा और भविष्य निधि के क्षेत्रों में निजी खिलाडियों का संचालन कर सकती है,"एक वरिष्ठ सरकारी अधिकारी ने बताया कि यह योजनाएँ सरकारी हो सकती हैं। पेंशन, बीमा और भविष्य निधि के क्षेत्रों में निजी खिलाड़ियों का संचालन कर सकती हैं।",2.587
01-06529-02,sarvam,gramvaani,telephony,N/A,मैं ये वन प्रबंधन पदाधिकारी हजारीबाग से ये कहना चाहता हूँ की आप नक्शा पास केंद्र में गड्ढे नाले जहाँ भी हों वहाँ गड्ढा खोद कर के सारे,मैं यह वन प्रबंधन पदाधिकारी हजारीबाग से मैं कहना चाहता हूँ कि आप नखरा पार्क केंद्र में गड्ढे नाले जहां भी हो वह गड्ढा खोज कर के पानी।,2.696
01-10685-03,sarvam,gramvaani,telephony,N/A,नया टाइम टेबल लागू किया है रतलाम रेल मंडल पर चलने वाली उनतीस उनतीस गाड़ियों की गति को बढ़ाया गया है है रतलाम मंडल से होकर जाने वाली कुल पैसठ गाड़ियों की,नया टाइम टेबल लागू किया है। रतलाम रेल मंडल पर चलने वाली 29 गाड़ियों की गति को बढ़ाया गया है। रतलाम मंडल से होकर जाने वाली कुल 65 गाड़ियों के,2.833
01-05003-02,sarvam,gramvaani,telephony,N/A,के नेता को कभी अकेले तो कभी संदिग्ध रूप से सत्ता मिला लेकिन जनता की कसौटी पर कोई भी खड़ा नहीं उतर नहीं उतर सका यही सबसे बड़ी चिंता की बात है,"के नेता को कभी अकेले तो कभी संजीवत रूप से सत्ता मिला, लेकिन जनता की कसौती पर कोई भी खरा नहीं उतर सका। यही सबसे बड़ी चिंता की बात है।",2.76
01-00960-03,sarvam,gramvaani,telephony,N/A,की जाती है परन्तु कं पुतना ने जब कृष्ण को अपना दुध पिला रहे थे मारने के लिए तब ही भगवान कृष्ण चमत्कार दिखाया की साथ साथ जो है की उनका,"की जाती है, परंतु भूतना ने जब कृष्ण को अपने अंग से दूध पिला रहे थे मारने के लिए, तभी भगवान कृष्ण के चमत्कार दिखाए के साथ साथ जो है कि उनका।",2.878
02-12750-02,sarvam,gramvaani,telephony,N/A,नमस्कार श्रोताओं मैं सुनिधि लेकर आई हूँ बिहार मोबाइल वाणी पर शाम,"नमस्कार श्रोताओं, मैं सुनिधि लेकर आई हूँ बिहार मोबाइल वाणी पर शाम तक।",2.23
01-08134-02,sarvam,gramvaani,telephony,N/A,परीक्षा नौ अगस्त को खबर है नई दिल्ली से रेलवे ने सहायक लोको तकनीशियनों की की छबीस हजार पाँच सौ दो नियुक्तियों के लिए परीक्षा की तारीख नौ,"परीक्षा 9 अगस्त को खबर है नई दिल्ली से रेलवे ने सहायक लोको तकनीशियनों की 26,502 रिक्तियों के लिए परीक्षा की तारीख 9 अगस्त",2.744
01-09492-02,sarvam,gramvaani,telephony,N/A,की है रूट लाइन व कतार के,की है। रूट लाइन व कतार के,2.019
01-02482-01,sarvam,gramvaani,telephony,N/A,जयनगर अनुमंडल क्षेत्र से सुरेश कुमार गुप्ता जयनगर,"जयनगर अनुमंडल सचिव सुरेश कुमार गुप्ता, जयनगर।",2.037
02-19405-01,sarvam,gramvaani,telephony,N/A,होता ई है कि एस एस जी चूकि महिलाओं का समूह है तो तुम्हारी मेहरारू को,"देखो, होता ये है कि एसएसजी क्योंकि महिलाओं का समूह है, तो तुम्हारी मेहरारू को कम",2.202
01-06986-01,sarvam,gramvaani,telephony,N/A,सब्जियों की दुकाने फलों फलों के ठेले और तरह तरह के ठेलों की यातायात को बाध्य कई जगहों पर सड़क किनारे लोगों ने घर बना लिया हैं उनके लिए सड़क ही आंगन बन जाता हैं,"सब्जियों की दुकानें, फलों के खेले और तरह-तरह के स्टाइलों की यातायात को बाद कई जगहों पर सड़क किनारे लोगों ने घर बना लिया है। उनके लिए सड़क ही आँगन बन जाता है।",2.872
01-01715-03,sarvam,gramvaani,telephony,N/A,ये सुनना मैं बहुत पसंद करता हूँ मेरी जीवन में बदलाव की श्रण आती रहती है इसी के साथ में ये सन्देश देना चाहता हूँ बिहार मोबाइल वाणी के साथ,यह सुनना मैं बहुत पसंद करती हूँ। मेरे जीवन में बदलाव की क्षण आती रहती है। इसी के साथ मैं यह संदेश देना चाहता हूँ कि हर मोबाइल वाणी के साथ।,2.758
01-09945-03,sarvam,gramvaani,telephony,N/A,अगर आपके आस पास या आपका क्षेत्रों में भी कुछ ऐसी ही खबरें हैं हैं जो ज़रा हटके हैं हैं तो हमें ज़रूर बताएं अपने मोबाइल में नंबर तीन दबा कर कर और साथ ही इसका,"अगर आपके आस पास या आपके क्षेत्रों में भी कुछ ऐसी ही खबरें हैं जो ज़रा हटके हैं, तो हमें ज़रूर बताएँ अपने मोबाइल में नंबर 3 दबाकर और साथ ही इसका।",2.893
01-05555-02,sarvam,gramvaani,telephony,N/A,किसानों को यह जानकारी किसान पाठशाला लगाकर उपलब्ध कराई जाए की जानकारी प्रखंड पीसी ने बताया की ये कार्यक्रम  में चलाया जायेगा जिसके लिए चयन की प्रक्रि प्रक्रिया अंतिम चरण उन्होंने बताया की चयनित,किसानों को यह जानकारी किसान पाठशाला लगाकर उपलब्ध कराई गई। इसकी जानकारी प्रखंड की सिंह ने बताया कि यह कार्यक्रम पैटो में चलाया जाएगा। इसके लिए चयन की प्रक्रिया अंतिम चरण। उन्होंने बताया कि चयनिक,2.823
02-15827-01,sarvam,gramvaani,telephony,N/A,सहकारी मुखिया सिकंदर  दिवाकर महतो उमेश कुमार चौबे चौबे मिथिलेश महाराज विनीत जैसवाल सोहेल अंसारी ने,"निधी सहकारी मुखिया सिकंदर कपरदार, दिवाकर महतो, उमेश कुमार चौबे, मोबे मिथिलेश महाराज, विनीत जायसवाल, सोहेल अंसारी ने।",2.57
01-11055-03,sarvam,gramvaani,telephony,N/A,कि कोई भी परेशानी होने पर आम लोग उनसे सीधा संपर्क कर सकते हैं एवं उनका हर मदद किया जाएगा इस कार्यक्रम को लेकर वहाँ उपस्थित लोगों के बीच,कि कोई भी परेशानी होने पर आम लोग उनसे सीधा संपर्क कर सकते हैं एवं उनका हर मदद किया जाएगा। इस कार्यक्रम को लेकर वहां उपस्थित लोगों के बीच।,3.017
01-10891-03,sarvam,gramvaani,telephony,N/A,सरकारी विमान कंपनी एयर इंडिया के पायलटों के  अपने उड़ान भत्तों के बकायें का तत्काल भुगतान नहीं होने पर परिचालन पायलटों का कहना है कि अन्य कर्मचारियों के वेतन और भत्तों का देर से ही सही लेकिन पूरा भुगतान हो रहा हैं,"सरकारी विमान कंपनी एयर इंडिया के पायलटों के एक ने अपने उड़ान भत्तों के बकाया का तत्काल भुगतान नहीं होने पर परिचालन रोक दिया। पायलटों का कहना है कि अन्य कर्मचारियों के वेतन और भत्तों का देर से ही सही, लेकिन पूरा भुगतान हो रहा है।",3.243
02-18071-01,sarvam,gramvaani,telephony,N/A,हम लोगों को वेतन नहीं दिया जा रहा हैं इधर जिस आवास में हम लोग रहते हैं उस उसके मालिक को भी कंपनी की और से से ताला बंद करने का फरमान दिया गया है,"से हम लोगों को वेतन नहीं दिया जा रहा है। इधर जिस आवास में हम लोग रहते हैं, उसके मालिक को भी कंपनी की ओर से ताला बंद करने का फरमान दिया गया है।",3.407
02-17099-01,sarvam,gramvaani,telephony,N/A,मै रजनी कुमार सिंह जमुई से सोमवार को जिला परिषद की सामान्य बैठक अध्यक्ष व उपाध्यक्ष की,मैं रजनी कुमार सिंह जमुई से सोमवार को जिला परिषद की सामान्य बैठक अध्यक्ष व उपाध्यक्ष की।,2.244
01-06730-01,sarvam,gramvaani,telephony,N/A,है काफी प्रदूषण को लेकर आम लोगों को भी को भी जागरूक होने जरुरत है अन्यथा एक ऐसा समय आएगा जब प्रदूषण के दूषण के कारण जीवन  धन्यवाद,काफी प्रदूषण को लेकर आम लोगों को भी जागरूक होने की जरूरत है। यह अच्छा एक ऐसा समय आएगा जब प्रदूषण के कारण जीवन का धन्यवाद।,2.576
01-10262-03,sarvam,gramvaani,telephony,N/A,उद्देश्य है तभी तो इसमें सरकारी खर्च कल्याणकारी योजनाओं का चयन उनकी योजना का निष्पादन के तरीके और अनुवर्ती तरीके की लिए बहुत सारी विधियाँ होंगी,"उद्देश्य है तभी तो इसमें सरकारी खर्च, कल्याणकारी योजनाओं का चयन, उनकी योजना का निष्पादन के तरीके और अनुवर्ती तरीके के लिए बहुत सारी विधियाँ होंगी।",2.946
01-03753-01,sarvam,gramvaani,telephony,N/A,ग्राम पंचायत द्वारा प पानी की कोई सुविधा नहीं की जा रही है है यदि दि ग्राम पंचायत त द्वारा प पानी की कुछ की गयी है है तो,ग्राम पंचायत द्वारा पानी की कोई सुविधा नहीं की जा रही है। यदि ग्राम पंचायत द्वारा पानी की कोशिश की गई है तो।,2.743
01-01568-03,sarvam,gramvaani,telephony,N/A,और गुप्त रूप से छापामारी कर कार्रवाई करने का मापदंड अपनाने चाहिए मैं तेजनरायण ब्रह्मर्षि शान्ति प्रेरक की ओर से बिहार मोबाइल वाणी के लिए मधुबनी से से धन्यवाद,और गुप्त रूप से छापामारी कर कार्रवाई करने का मापदंड अपनाने चाहिए। मैं तेज नरेंद्र मस्ती शांति क्लब की ओर से बिहार मोबाइल वाणी के लिए मधुबनी से धन्यवाद।,2.956
01-00990-03,sarvam,gramvaani,telephony,N/A,दो महिना बीत जाने के बाद भी पोषाहार जो आंगनबाड़ी केन्द्रों धातृ माता बच्चों को दिया जाना है वो नहीं दी गई मैं झारखण्ड मोबाइल वाणी के माध्यम से,दो महीना बित जाने के बाद भी कोषाहार जो आंगनवाड़ी केंद्रों में मात्र माता बच्चों को दिया जाना है उसी नहीं की गई मैं झारखंड मोबाइल वाणी के माध्यम से,2.903
01-11618-03,sarvam,gramvaani,telephony,N/A,इस मौके पर कम्युनिटी के सदस्य अद्या अमित कुमार भगत संपन गुप्ता सचिन नवीन बर्णवाल महासचिव सजन गुप्ता कोषाध्यक्ष मुन्ना केसरी प्रवीण मिश्रा राजेश मिश्रा भूपेश सिन्हा,"इस मौके पर कमिटी के सदस्य अजय अमित कुमार भगत, संपम गुप्ता, सचिव नवीन बंडवाल, महासचिव अजन गुप्ता, कोषाध्यक्ष मुन्ना केसी, प्रवीण मिश्र, राजेश मिश्रा, भूपेश सिन्हा।",2.927
01-04428-03,sarvam,gramvaani,telephony,N/A,सात प्रखंड कार्यालय में आधार कार्ड बनाने के लिए आयोजित तीन दिवसीय शिविर आज गुरुवार को समापन हो गया तीसरे और अंतिम दिन आधार कार्ड बनाने के लिए लोगो की काफी काफी भीड़ उमड़ पड़ी थी,राहत प्रखंड कार्यालय में आधार कार्ड बनाने के लिए आयोजित दिन द्विवर्ष के लिए आज गुरुवार को समापन हो गया। इस दिन अंतिम दिन आधार कार्ड बनाने के लिए लोगों की काफी भीड़ कोमल पड़ी थी।,2.634
02-13646-02,sarvam,gramvaani,telephony,N/A,नमस्कार दोस्तों गिद्धौर मोबाइल वाणी से मैं संजीवन कुमार सिंह सुहागिन महिलाओं ने पति के दीर्घआयु के लिए आज रखा है निर्जला उपवास पति के दीर्घ आयु के लिए सुहागिन महिलाओं ने,"नमस्कार दोस्तों, गीत और मोबाइल वाणी से मैं संजीवन कुमार सिंह। सुहागिन महिलाओं ने पति के दीर्घायु के लिए आज रखा है निर्जला हुआ। पति के दीर्घायु के लिए सुहागिन महिलाओं ने।",2.798
01-05501-03,sarvam,gramvaani,telephony,N/A,देख छप्पन इंच का सीना आतंकवादियों को आया पसीना कह रहा है हिन्दू हिंदुस्तान सुधर जाओ रे पाकिस्तान,देख 56 इंच का सेना आतंकवादियों को आया पसीना कर रहा है हिंदु हिंदुस्तान सुधर जाओ रे पाकिस्तान,2.542
01-01738-02,sarvam,gramvaani,telephony,N/A,भ्रष्टाचार शिष्टाचार बन गया है सभी जगह घूसखोरी निगरानी द्वारा उसी को पकड़ा जा रहा है जिस पर कोई पब्लिक पड़ गए हो और उसे पकड़वाया हो,भ्रष्टाचार भ्रष्टाचार बन गया है। सभी जगह घुसखोरी निगरानी द्वारा उसी को पकड़ा जा रहा है जिस पर कोई पब्लिक पड़ गई हो और उसे पकड़ पाया हो।,2.7
02-16847-01,sarvam,gramvaani,telephony,N/A,हाथुडीह को मिलेगा जल संकट से निजात चलेगा तालाब जोड़ो अभियान खबर है महुदा से अगर सब कुछ योजनाबद्ध तरीके से हुआ तो तो शीघ्र ही हाथुडीह पंचायत के लोगों,"हाथुडी को मिलेगा जल संकट से निजात, चलेगा तालाब जोड़ो अभियान। खबर है महोदा से, अगर सब कुछ योजनाबद्ध तरीके से हुआ तो शीघ्र ही हाथुडी पंचायत के लोगों को।",2.624
13-00315-05,sarvam,gramvaani,telephony,N/A,विधायक सांसद जाना तय होगा,विधायक सांसद रहना तय होगा।,1.776
02-17346-01,sarvam,gramvaani,telephony,N/A,के अध्यक्षता में संपन्न मंत्री परिषद की बैठक के बैठक के बाद पत्रकारों को सम्बोधित करते हुए मंत्रिमंडल सचिवालय विभाग के प्रधान सचिव,अध्यक्षता में संपन्न मंत्री परिषद की बैठक के बैठक के बाद पत्रकारों को संबोधित करते हुए मंत्रिमंडल सचिवालय विभाग के प्रधान सचिव।,2.828
01-02106-02,sarvam,gramvaani,telephony,N/A,और वे लोग भी अपनी मर्जी से तो एक दू महीना सब्जी बेचतें फिर अपने घर के पालन पोषण के लिए दूसरी जगह मजदूरी के लिए पलायन करते हैं,"और वह लोग भी विमल जी के हिसाब से एक दो महीना सब्जी देते हैं, अपने घर के पालन पोषण के लिए दूसरी जगह मजदूरी के लिए स्थान करते हैं।",2.684
02-21859-01,sarvam,gramvaani,telephony,N/A,तब तक आप सुनते रहिये हँसी की डोली कार्यक्रम आपके अपने मोबाइल वाणी पर अगर आपको हमारी खट्टी मीठी बातें दोस्तों और परिवार वालो को भी सुनाये,तब तक आप सुनते रहिए हसी टिटोली कार्यक्रम आपके अपने मोबाइल वाणी पर और अगर आपको हमारे खट्टी मीठी वाले दोस्तों और परिवार वालों को भी सुनाए,2.593
02-22739-01,sarvam,gramvaani,telephony,N/A,गुड़िया के लिए शायद वो आगे जानेंगे की माजी के बातों का का हमारे पति पर कितना असर पड़ता है हमारे पति हमारा साथ देंगे तब तक के लिए आप हमें बताइये,"बुढ़िया के लिए शायद वो आगे जानेंगे कि माँ जी की बातों का हमारे पति पर कितना असर पड़ता है। हमारे पति हमारा साथ देंगे, तब तक के लिए आप हमें बताइए।",2.739
01-08047-01,sarvam,gramvaani,telephony,N/A,अधिकार की जानकारी दे तथा महिलाएं किसी भी अधिकार पर बहुत कम ही महिलायें भागीदारी ले पाती है क्योकि पंचायत की अधिकतर महिलाएं अशिक्षित होती,अधिकार की जानकारी दें तथा महिलाएँ किसी भी अधिकार पर बहुत कम ही महिलाएँ भागीदारी ले पाती हैं क्योंकि पंचायत के अधिकतर महिलाएँ अशिक्षित हैं।,2.814
01-11183-02,sarvam,gramvaani,telephony,N/A,है जो जोकि चौथी पारी में असंभव बताया जा रहा है इंग्लैंड ने दिन का खेल ख़त्म होने तक बिना किसी नुकसान के तेईस रन बना लिए हैं,यह जो कि चौथी पारी में असंभव बताया जा रहा है। इंग्लैंड ने दिन का खेल खत्म होने तक बिना किसी नुकसान के 23 रन बना लिए हैं।,2.735
02-16015-01,sarvam,gramvaani,telephony,N/A,की मदद से अफ़ग़ानिस्तान ने लचर शुरुआत से उबरकर बांग्लादेश के खिलाफ एशियाई कप,की मदद से अफगानिस्तान ने लचर शुरुआत से उभरकर बांग्लादेश के खिलाफ एशियाई कप गोल किया।,2.289
01-06755-01,sarvam,gramvaani,telephony,N/A,मैं राधु राय धनबाद मोबाइल मीडिया महुदा झारखंड से लव कुश योजना अधर में लटका चिलचिलाती धुप गर्म हवा गर्मी छियालीस डिग्री पर आम जन प्यासे और पशु पक्षी प्यास के मारे बेहाल पानी की खोज में दूर दूर तक भटक रहे,"मैं राधो राय, दिनबाद मोबाइल मीडिया महोदा झारखंड जिला पुर की योजना अगर में लटका। इस जिला से दूर गर्म हवा, गर्मी, चालीस डिग्री पर आमजन प्यादे और पशु पक्षी की छक्के व्यास के मारे देहाल। पानी की शो में लोग दूर दूर तक भतक रहे हैं।",3.396
01-03176-02,sarvam,gramvaani,telephony,N/A,जाने वाले रोड का पक्कीकरण व सौन्दर्यकरण किया जाएगा मौके पर आदिवासी विकास मंच के प्रवक्ता उमित सोरेन,जाने वाले रोड का पक्कीकरण व सौंदर्यीकरण किया जाएगा। मौके पर आदिवासी विकास मंच के प्रवक्ता उमेद सोरेन।,2.501
01-06865-02,sarvam,gramvaani,telephony,N/A,बजे तो सुनना न भूलें लें जनता की रिपोर्ट हर शाम पाँच बजे बजे आपके मोबाइल वाणी पर ध धन्यवाद,बजे तो सुनना ना भूलें। जनता की रिपोर्ट हर शाम पाँच बजे आपके मोबाइल वाणी पर। धन्यवाद।,2.582
01-06596-02,sarvam,gramvaani,telephony,N/A,किसानो को बोनस नहीं दी दी इस तरह बिहार के किसानो किसानो की आर्थिक स्थिति स्थिति अन्य राज्यों की तुलना में काफी दयनीय है इसके लिए यह सरकार काफी जिम्मेवार है धन्यवाद,किसानों को बोनस नहीं दी। इस तरह बिहार के किसानों की आर्थिक स्थिति अन्य राज्यों की तुलना में काफी दयनीय है। इसके लिए यह सरकार काफी जिम्मेवार है। धन्यवाद।,2.602
01-04132-03,sarvam,gramvaani,telephony,N/A,वन डब ऐट डबल जीरो द्वारा सोलह मार्च दो हजार सोलह को अनुसूचित जाती का प्रमाणपत्र हासिल कर चुनाव में आरक्षण का फायदा ले लिया श्री,वन एट डबल जीरो द्वारा सोलह मार्च दो हज़ार सोलह को अनुसूचित जाति का प्रमाणपत्र हासिल कर चुनाव में आरक्षण का फायदा ले लिया श्री।,3.214
01-11742-01,sarvam,gramvaani,telephony,N/A,कर्मचारी राज्य बीमा योजना ना तथा एन पी एस के पास नए सदस्यों के नामांकन पर आधारित हैं हैं रिपोर्ट के अनुसार सितम्बर दो हज़ार सतरह से,कर्मचारी राज्य बीमा योजना तथा एनपीएस के पास नए सदस्यों के नामांकन पर आधारित है। रिपोर्ट के अनुसार सितंबर 2017 से,2.745
01-05071-03,sarvam,gramvaani,telephony,N/A,एक ऐसा कुछ अधिकर्मियों की गलती मान लो चाहे कुछ किसानों की गलती मान लो तो जरूरी नहीं है कि पूरे मध्य प्रदेश में हमारे सभी किसानों ने बीमा,कि ऐसा कुछ अधिकारियों की गलती मान लो चाहे कुछ किसानों की गलती मान लो तो जरूरी नहीं है कि पूरे मध्य प्रदेश हमारे सभी किसानों ने बीमा।,2.655
13-00272-06,sarvam,gramvaani,telephony,N/A,में की बोली गयी है कि बारह बजे दिन से से दो बजे तक ही ताजिया,अपील में कि बोली गई है कि बारह बजे दिन से दो बजे तक ताजिया।,2.509
01-12107-01,sarvam,gramvaani,telephony,N/A,ने छात्र को को इस आधार पर अनुमति दी है कि उसने दो हज़ार अठारह रा राष्ट्रीय पात्रता एवं प्रवेश परीक्षा क्षा असक्षम लोगों के वर्ग में पास की है,ने छात्र को इस आधार पर अनुमति दी है कि उसने 2018 राष्ट्रीय पात्रता एवं प्रवेश परीक्षा असक्षम लोगों के वर्ग में पास की है।,2.632
01-11453-01,sarvam,gramvaani,telephony,N/A,रेलवे में गेट मैन के लिए एक हज़ार चार सौ उनासी पदों के लिए करें अप्लाई ख़बर है पटना से पूर्व मध्य रेल ने एक हज़ार चार सौ उनासी पदों के लिए,"रेलवे में गेटमैन के लिए 1479 पदों के लिए करें अप्लाई। खबर है पटना से, पूर्व मध्य रेल ने 1479 पदों के लिए।",2.585
01-01599-03,sarvam,gramvaani,telephony,N/A,की बहुत सी तरह की बीमारियाँ जो उत्प्न्न होती हैं जो की किसान भाई लोग काफ़ी दुःख छूटे हुए हैं और ऐसे ही मतलब बहुत सारे किसान हैं लेकिन फिर भी ये उर्वरक हमेशा डालतें हैं और आज तक हमारी झारखण्ड सरकार हैं की कुछ,कि बहुत सी तरह की बीमारियाँ उत्पन्न होती हैं जो कि किसान भाई लोग काफी डूब चुके हुए हैं और ऐसे ही मतलब बहुत सारे किसान हैं लेकिन फिर भी ये उर्वरक हमेशा डालते हैं और आज तक हमारी झारखंड सरकार ऐसी,3.202
01-10772-03,sarvam,gramvaani,telephony,N/A,योजना लागू किए जाने पर आम लोगों ने सरकार व ज़िला प्रसाशन को बधाई भी दी और अब समाचार खेल से,योजना लागू किए जाने पर आम लोगों ने सरकार व जिला प्रशासन को बधाई भी दी और अब समाचार खेल से।,2.459
koramangala-quiet,whisper,self,quiet,Koramangala,haan bhai main koramangala mein rehta hoon kab aana hai,"हाँ भाई, मैंने कोरमांगला में रहता हूँ, क्या बाना है?",4.003
indranagar-quet,whisper,self,quiet,Indiranagar,mera ghar indiranagar mein hai 100 feet road ke paas,"मेरे गार इंद्रानगर में है, अंड्रट फीट रोड के पास।",2.754
whitefield-quiet,whisper,self,quiet,Whitefield,office whitefield mein hai roz ghanta bhar jaata hoon,"Office Whitefield में है, रोज गंटा बार जाता हूँ",1.908
electroniccity-quite,whisper,self,quiet,Electronic City,haan electronic city phase one mein kaam karta hoon,"हाँ, electronic CT phase 1 main कार्म करता हूँ",1.475
Marathahalli-quiet,whisper,self,quiet,Marathahalli,main marathahalli mein rehta hoon bridge ke paas wala area,"मैं इन मरतहली में रायता हूँ, ब्रिज के पास वाला एरिये।",2.666
Jayanagar-noisy,whisper,self,noisy,Jayanagar,jayanagar mein flat dhundh raha hoon koi option hai kya,"जयनागर में फ्लाज दून रहा हूँ, कोई आप्शन है क्या?",2.722
Rajajinagar-noisy,whisper,self,noisy,Rajajinagar,bhai rajajinagar se majestic kitna time lagta hai,बई राजाजी नगर से मैजस्टी कितना टाइम लागता है,2.532
Hebbal-noisy,whisper,self,noisy,Hebbal,main hebbal flyover ke paas hoon abhi traffic mein hoon,"मैं इन हेबल प्लायोर के पास हूँ अभी, ट्राफिक में हूँ",2.69
yelahanka-noisy,whisper,self,noisy,Yelahanka,yelahanka new town mein ek room chahiye budget kam hai,"एलाहन का न्यू टाउन में नेक रूम चाही है, बज़ेट काम है",2.725
banashankari-noisy,whisper,self,noisy,Banashankari,banashankari mein rehti hoon temple ke paas wala area,बनाशंगरी में रहते होन टेंपल के पास वाला एरिया,2.46
hsrlayout-rushed,whisper,self,rushed,HSR Layout,hsr layout second sector mein hoon jaldi batao,अरे अरे अरे अरे एचेसर ले और सेकिन सेक्टर में हो जल्डी जल्डी बाटो,23.061
btmlayout-rushed,whisper,self,rushed,BTM Layout,btm layout se silk board kitna door hai bhai jaldi,बीटीम लेवर के सिल्ग बोर्ड कितना डोर है बाई जलती,2.53
majestic-rushed,whisper,self,rushed,Majestic,majestic bus stand pe hoon bus nikal jaayegi,"यूजडिक बस्टेन पे हो हम, बस निकल जाईगे",2.242
silkboard-rushed,whisper,self,rushed,Silk Board,silk board junction pe jam hai late ho raha hoon,"सिल्बोर जंक्षन पे जाम है, लेट हो रहा न हो",2.244
bellandur-rushed,whisper,self,rushed,Bellandur,bellandur mein hoon cab book karo jaldi please,बेलंदर में होन्ड क्या बुक कर दो चल्दी प्लीज प्लीज प्लीज प्लीज प्लीज प्लीज,3.883
sarjapur-whisper,whisper,self,whisper,Sarjapur,sarjapur road pe ek pg dhundh raha hoon affordable chahiye,"सरजाबूर रोड पी एक पीजे दुन रहा हूँ, अफोडबल चाहिए।",3.12
bommanahalli-whisper,whisper,self,whisper,Bommanahalli,bommanahalli mein rehta hoon kaam ke liye apply karna tha,"मुमा एलिमेन रहता हूँ, काम के लिए अप्लेई करना था।",2.668
krpuram-whisper,whisper,self,whisper,KR Puram,kr puram station ke paas hoon koi job hai kya paas mein,"केपी भूम स्टेशन के पास हूँ, कोई जाव है इके अपास में",2.748
peenya-whisper,whisper,self,whisper,Peenya,peenya industrial area mein supervisor ka kaam chahiye,पिन या इंटरेस्ट्रिल एरिया में सुपरवेजर का क्याम चाहिए?,2.962
yeshwanthpur-whisper,whisper,self,whisper,Yeshwanthpur,yeshwanthpur se koi factory job milegi kya experience hai,यह श्रुन्तपूर्ज एक विफाक्री जाओ में लिंगे क्या एक्स्पिरियंस है?,3.453
01-04397-02,whisper,gramvaani,telephony,N/A,बेईमानी और भ्रस्टाचारी की वजह से जनप्रतिनिधि अधिकारी व बिचौलिए माला माल हो रहे हैं,देमानी और भ्रताचारी की वज़न से जर्ण पतिनी भी अधिकारी वो विचोईय माला माल हो रहे हैं।,4.115
01-01025-03,whisper,gramvaani,telephony,N/A,कि बच्चे लेने वालों की संख्या अब समय आ गया है इन बच्चों का जिम्मा सरकार ले और गर्भपात पर रोक लगा दे कौन जनता है,कि बच्चे लेने वालों की संख्या में अब समय आ गया है कि इन बच्चों का जिमा सरकार ले और गर्पात पर रूख लगा देते कौन जानता है,5.677
01-09868-01,whisper,gramvaani,telephony,N/A,नमस्कार आदाब श्रोताओं मैं श्वेता बिहार मोबाइल वाणी पर पेश करती हूँ शाम की सुर्खियाँ मानसून की बारिश से पानी,नमस्कार आदाप शोताओं मैं श्वेता बिहर मोबाइल वानी पर पेश करती हूँ शाम की सुर्खिया मानसुन की बारिज से पानी पड़ जाती है,5.609
01-08600-03,whisper,gramvaani,telephony,N/A,लगाने का विकल्प मिल सकता है श्रम मंत्रालय निवेश पर मौजूदा कैप को हटाने के लिए नीति बना रहा है ऐसा होने पर पीएफ खाता धारकों को ज्यादा रिटर्न पाने का मौका मिल सकता है,लगाने का विकल्प मिल सकता है श्रममंत्रालय निवेश्वर मौजूदा कैप को हटाने के लिए निति बना रहा है ऐसा होने पर पीएप खाताधारकों को ज्यादा रिटर्न पाने का मौका मिल सकता है,7.569
01-07995-03,whisper,gramvaani,telephony,N/A,मदिरा नशा जैसी सामाजिक बुराई ने आज हमारे समाज एंव राष्ट्र को एक बड़ी शराब ना केवल लाखों हँसते खेलते परिवारों को रोने पर मजबूर कर दिया,मदूरा अम्यशान के सिस्माचित दुआई ने हाल खमार घमार रमदार्थ को एक बरी फराबला के रलाकों ख़ित के पिदारों को रोने पर मल्बूर तहतिया,6.039
01-05263-01,whisper,gramvaani,telephony,N/A,में रहता है आजकल तो लड़की वाले दहेज़ के अलावा लड़की के लड़की के लिए दस से बीस हज़ार,आज कल तो लर्की वाले जैवेज शालावास लर्की के लिए दर्प लिस्वर चमूचा रहा है।,3.912
01-03411-01,whisper,gramvaani,telephony,N/A,राजू तिवारी आलोक कुमार के अलावे कई लोग उपस्थित थे इसी के साथ मैं शिवनारायण रिपोर्टर बोकारो मोबाइल मीडिया जरीडीह बोकारो से,राजु तिवारी आलोप कुमार के अलागे कई लोग उपस्थित चे इसी के साथ मैं स्रीम नरायन विपोधर बोकारो मोबाइल मेडिया जेरिटी बोकारो चे,6.131
02-16304-01,whisper,gramvaani,telephony,N/A,आज देखा जा रहा है की हमारे धान के खेत धान मरने की स्थिति में हो गए थी थी आज इस नए झारखण्ड में हमारी बारिश होने का,आज देखा जा रहा है कि हमारे धान के खेट धान मरने की सिती में हो गई थी आज एक नुनई जासन में हमारी बारिस पुनेशा,5.083
01-00703-03,whisper,gramvaani,telephony,N/A,गठित की है और जाँच चल रही है बावजूद की कोयला का अवैध उत्खनन एवं तस्करी बद्कसूर जारी है सीसीएल ढोरी प्रक्षेत्र के तारणी परियोजना स्थित,गजित की है और जात चल रही है बावजूर भी कोईला का वेद उठखाने में वो तस्तरी बद्धसूत जा रही है सिशल की धोई पर्चेत्र के तारवी परजिना इस्तित,6.564
01-00666-01,whisper,gramvaani,telephony,N/A,प्रतिभागियों को दिया मौके पर दर्जनों सदस्यों ने भाग लिया एवं प्रति पर अपने विचार लिखित रूप से जमा किया मैं राधू राय महुदा धनबाद से,"प्रति भाग लिया को दिया, मौके पर दर्जेनों सदैश्यों ने भाग लिया एबं पर्ति पर अपने विचार लिखित रूप से जिमा किया, तैस्वे मिरादुराई, मौराधनबाद से धन्यवाद.",7.372
01-01992-01,whisper,gramvaani,telephony,N/A,करोड़ों रुपया में मिला हुआ है वैसे भी किसी बच्ची के नाम पर दस हजार बीस हजार पच्चीस हजार तीस हजार रुपया तक बाकया हो जाता है,रुपया में जा हुआ है इसे कि इसी बद्धी का नाम पर सब्सक्राइब कर दो,3.275
01-04281-03,whisper,gramvaani,telephony,N/A,कोई विश्वासनीय खाका है जिसको आप जानते हैं हैं बिहार मोबाइल वाणी के लिए खजौली मधुबनी से रामाशीष सिंह धन्यवाद,कोई विश्वसी है खाका? है जिसको आप जानते हैं? है विहार मोबाल वानी पिले खड़ोली मरवनी के रामात पित्री मनवर,4.953
01-04493-02,whisper,gramvaani,telephony,N/A,नमस्कार मधुबनी मोबाइल वाणी के लिए मैं मधवापुर साहरघाट से राजकिशोर यादव मधवापुर प्रखंड के बलवा गाँव में ग्यारह हजार तार पुपरी की ओर जाने वाली सड़क पर आज सुबह गिर गया है ग्यारह हजार तार गिर जाने से,"अमस्कार मद्दुबानी मुभानवानी के लिए मन्दबापूर तारगार के राज की सोड़ागा मन्दबापूर तरकन के बलबा जाओंगी 11,000 तार उपरी चरोर जाने वाली तरक पर आज शुभा गिर रहा है 11,000 तार गिर रहा है से",8.824
01-08776-01,whisper,gramvaani,telephony,N/A,इस कार्य में काफ़ी संघर्ष का सामना करना पड़ा अब उन्होंने अर्पण नेचर सवेर ग्रुप बनाकर झी झील की दुबारा खूबसूरती लाने का भरसक प्रयास कर रहे हैं,इस कार्ज में कापिस संगर्ष का सामना करना पड़ा। अब उन्होंने अर्पन नेचर सेवर गुरूप बना कर जील की दुबारा खुशूर्ती लाने का वर्षक परियास कर रहे हैं।,7.016
01-10651-02,whisper,gramvaani,telephony,N/A,की वजह से जनता को परेशान होना पड़ेगा पुलिस मुख्यालय की पहल को नया नंबर अलोट करने का निर्णय लिया,की वज़र से जनता को परिशान होना पड़ेगा पुलिस मुख्याले की पहल को नया नंबर अलोट करने का निर्णय लिया,4.842
01-00622-03,whisper,gramvaani,telephony,N/A,जो भी है पहले का पंचायत भवन पुराना टुटल फुटल उसमें हमलोग बैठक चलाते हैं तो उसमे बरसात के सीजन में पानी घुस जाता है और धँसने वाला भी है है कहीं बैठक के समय धँस गया तो फिर लोगों की,जो भी है पहले कब पंचेत बवन पुरा ना चुटल चुटल उसमें हम लोग बैटिक चलाते हैं तो उसमें बच्चा का सिजे में पानी गुप जाता है और दस नहीं कहवाला भी है तो यह बैटे समय दस जाएगा तो फिर लोगों की,8.641
01-10039-03,whisper,gramvaani,telephony,N/A,ये खुल गया प्राइस बैंड चार सौ अठारह से चार सौ बाईस रूपए और मिनिमम लोट साइज़ इज़ पैंतीस शेयर रखा गया है आई पी ओ दस अगस्ट तक खुला रहेगा,लिए खुल गया प्राइस बैंक 418 से 422 रुपए और मिनिमम लॉट साइज 35 शेयर रखा गया है आईपीओ 10 अगस्त तक खुला रहेगा,5.302
01-03999-01,whisper,gramvaani,telephony,N/A,की सर्विस लगा पर रोक लगा कर रख दिया गया है पैदल चलने वाले यात्रियों को बहुत दिक्कत होती हैं साथ ही दो पहिये वाहन तथा चार पहिये वाहन के गुजरने में भारी दिक्कतें होती है,"प्रश्निक रुपट लगाकर रख दिया गया है पाइटल चलने वाले याथ्रियों को भी दिक्कते होती है जाथी तो पहिये वहान, पचा चार पहिये वहान के पच जर्मे में आरी दिक्कते होती है",17.384
02-12587-02,whisper,gramvaani,telephony,N/A,से जिससे हमारा जीवन प्रभावित होती है होती है और आज भी हम एक ऐसे ही मुद्दे के साथ हाज़िर है आपके सामने,जिससे हमारा जीवन प्रभावित होती है और आज भी हम एक ऐसे ही मुद्दे के साथ हाजिर हैं आपके सामने,4.369
01-11496-02,whisper,gramvaani,telephony,N/A,अंत में समाचार खेल जगत से एशियाई खेल अंकिता के कांस्य के बाद भारत,पर उसमें समझार खेल जगत से इस याएं खेल अंकीता के कांशे के बाद भारत,23.005
02-12399-02,whisper,gramvaani,telephony,N/A,नमस्कार आदाब श्रोताओं देश के कौन कौन से किसान मज़दूर यूनियन काफ़ी संख्या में इकठ्ठा होकर सरकार से अपनी माँगों को लेकर दिल्ली के पार्लियामेंट स्ट्रीट में धरना,"नमस्कार, आदाब सरोता हूँ, देश के कौन-कौन से किसान मजदूर यूनियन, काफी संक्या में इगठा होकर सरकार से अपनी मांगो को लेकर, दिल्ली के पारलिया में टिस्टेट में धरना पर पादेंगे,",37.656
01-09796-02,whisper,gramvaani,telephony,N/A,का एलान भारत और इंग्लैंड के बीच नौ अगस्त से लॉर्ड्स में खेले जाने वाले वाले दूसरे टेस्ट मैच के लिए गयी है एक वेस्टर्न टेस्ट में इंग्लैंड ने भारत को इकतीस रन,विश्वाद का एलान भारत व इंग्लैंड के बीचनाओं गच्च लॉट में खेले जाने वाले वाले दूसरे टेस्ट में के लिए में दिगई है एडवेस्टन टेस्ट में इंग्लैंड ने भारत को एक दिसरांत,7.998
01-07562-01,whisper,gramvaani,telephony,N/A,आवश्यक है है किन्तु नियोजित शिक्षको की मामले में न्यूनतम वेतन अठारह हजार लागू नहीं किया गया है जिसके लिए,"अवस्थक है, लेकिन नियोजित सिच्छकों की मामली में नियोंतम वेतन अथ्थारा हजार लागू नहीं किया गया है, जिसके लिए",5.092
01-04320-03,whisper,gramvaani,telephony,N/A,मुंगेर नगर निगम की बदहाली व्यवस्था के कारण शहर वासियों को शुद्ध पेय जल नहीं मिल रहा है नगर निगम के साथ संचालित कस्तुरबा वॉटर वर्क्स,मुंज़ नगर निगम की बदहाली बवस्था के कारण सहारबास्थों को सुद पेजल नहीं मिल रहा है नगर निगम के कारण 47 वाटर वर्ग से,5.63
01-08017-03,whisper,gramvaani,telephony,N/A,के बेहतरीन महिला को एक पारदर्शी महिला को पंचायत में इनका आ आरक्षण मिले और उसका विकास हो आने वाले दिन में,और तेहत्री महला को एक पादर्शी महला को पंचात में इसका आश्रम ले और इसका अधिकात हो।,3.94
01-10457-02,whisper,gramvaani,telephony,N/A,इस देश के कई भाग से हैं जहाँ सिंचाई सुविधा के आभाव मैं बारिश पर निर्भर रहते हैं अगर बारिश समय पर नहीं हुए तो सारा फसल बर्बाद अब ऐसे मैं किसान करे तो क्या करे,इस देश के कई भाग ऐसे हैं जहां अधिकान सिचाय सुविधा के अभाव में खेली बारिस पर निर्भर रहते हैं और अगर बारिस समय पर नहीं हुई तो सारा फसल बरबाद अब ऐसे में किसान करे तो क्या करे,8.045
02-14905-01,whisper,gramvaani,telephony,N/A,श्री पावन भगत अशोक केसरी पवन केसरी विजय मिश्रा उदय लाहाकर प्रवीन मिश्रा मंटू भगत सहित गणेश मंदिर समिति के सभी सदस्य मौजुद वही बताते चले की मोबाइल वाणी के द्वारा ही,पवन भगत आशोक केशरी पवन केशरी मिजय मिश्रा उदय लाकार परविन मिश्रा मंतु भगत सहित गनिश मंद्र समिति के सभी सदस्य मदुष वहीं बताते चले कि मोबाइल वानी के द्वारा ही,7.516
02-17467-01,whisper,gramvaani,telephony,N/A,मोबाइल वाणी के बेहद लोकप्रिय और ख़ास कार्यक्रम खबरें जरा हट के में आपका स्वागत है,मोबाइल वानी के बिहत दुख प्रिये और खास कारिकरम खबरे जरा हटके में आपका स्वागत है,3.92
01-00097-03,whisper,gramvaani,telephony,N/A,इस मध्य प्रदेश मोबाइल वाणी के सभी सुनने वाले श्रोताओं को और मेरे मित्रों को सभी को हार्दिक हार्दिक शुभकामनाएं धन्यवाद नमस्कार,इस मंद प्रदेश मुझे बाद के सली सुनने वाले सुरुताओं को और मेरे मित्रों को तभी को हार्षिक हार्षिक सुप्ताओं ले धन्यवाद नवस्कार,5.907
02-13426-02,whisper,gramvaani,telephony,N/A,आँगनबाड़ी सहायिकाओं को पन्द्रह सौ रूपए के स्थान पर बाईस सौ सौ पचास रूपए मिलेंगे और अब ख़बर खेल जगत से कुछ देर में शुरू होगा पाँचवें दिन दिन का खेल शाख बचाने को उतरेगी टीम इंडिया ख़बर है नई दिल्ली से,आंगन बारी साइकाओ को 1500 रुपए के अस्थान पर 250 रुपए मिलेंगे और अब खबर खेल जगत से कुछ देर में शुरू होगा पांचवे दिन के विदिन का खेल साग बचाने उत्रे की टीम इंडिया खबर है नई दिली से,8.588
02-14654-01,whisper,gramvaani,telephony,N/A,याद है की मनरेगा में लंबित मजदूरी भुगतान नहीं होने के सम्बन्ध में शिकायतें प्राप्त हो रही थी राज्य शासन द्वारा शिकायतों के निराकरण के लिए ग्राम पंचायतों में कलस्टर,ज्याद है कि मन्रिगा में लंबित मजदूरी भुक्ता नहीं होने के सम्मन्द में शिकायते प्राप्त हो रही थी राज शासन द्वारा शिकायतों की निराकरण के लिए ग्राम पंचायतों में कलस्टर विश्वान,8.064
01-03123-03,whisper,gramvaani,telephony,N/A,फ़िलहाल जारी अधिकतम तापमान का ट्रेंड गेहूं और दलहन का  यदि तापमान का रुख ऐसा ही जारी रहा,प्रिजाल जारी अधिक्तम तापमान का ट्रेंट जिहू और दलन की प्रत्मान का रुप ऐसा ही जारी रहा,4.272
02-12354-02,whisper,gramvaani,telephony,N/A,तिलका मांझी भागलपुर विश्वविद्यालय प्रशासन ने बी ए फर्स्ट इयर दो हज़ार सतरह उन्नीस का परीक्षा कार्यक्रम घोषित कर दिया है परीक्षा दूसरी पाली में दो बजे,तिलका मानी भागर पूल इस जाले प्रसासन ने जीज और सियर 2017-19 का परिछा टारिकरम गोशित कर दिया है।,4.331
01-07629-02,whisper,gramvaani,telephony,N/A,और पछताना नहीं पड़ता है बहुत से ऐसे गाँव के विद्यार्थी को मैंने देखा है की कई,और प्रस्ताना में ही पड़ता है बहुत शायद बहुत इजात्र को मैंने देखा है कि परीज,3.824
01-06461-03,whisper,gramvaani,telephony,N/A,मुंगेर प्रखंड क्षेत्र में बिजली के लिए हाहाकार मचा हुआ है चौबीस घंटे में से मात्र आठ से बारह घंटे तक भी बिजली नहीं मिलती है,"मुंगे शक्रण छत्र में देवी के लिए आकार मिचा हुआ है, 24 गंटे मेंचे माथ्रा 8-12 गंटे तक भी दूली नहीं मिलती है।",5.073
13-00159-01,whisper,gramvaani,telephony,N/A,विरोधियों के बीच होने वाले इस मैच की तारीख से नाराज़ है बी सी सी ज है बी सी सी आई ने एशिया कप के कार्यक्रम में भारत और पाकिस्तान के मैच की मैच की तारीख पर आपत्ति जताई है,प्रदियों के बीच होने वाले इस मैच की तारीग से नाराज है BCCI ने एशिया कप के कारिकरम में भारत और पाकिस्तान की मैच की तारीग पर आपती जताई है,6.26
01-03050-02,whisper,gramvaani,telephony,N/A,मैं राजीव कुमार ठाकुर जिला मुंगेर मुंगेर की आवाज़ से बाबा धरमदास मंदिर के निर्माण समिति द्वारा संकल्प दिवस का आयोजन,मैं राजीतुम अठाकुर जिला मुंगेर मुंगेर की अवाज से बावा ध्रंदात मंदिल निर्मान समिती द्वारातंकल दिवत का आयोजन,5.445
01-04208-01,whisper,gramvaani,telephony,N/A,एक राज्य की छवि छवि खराब करने की ही और दूसरी राज्य को अपने शिक्षा व्यवस्था को ज्यादा गंभीरता से लेने के लिए बाध्य करने की करने की बिहार बोर्ड की परीक्षा में अभिभावकों द्वारा खुलेआम नकल कराने की तस्वीर दुनिया भर में चर्चित हुई थी,एक राजी की खरीख करेंगे और दूसरी राजी को अपनी सिक्षा विवसा को ज्यादा गर्विता से लेने के लिए बाद करने की करने की पिहार बोट की परिचा में अगर आपको दोरा खुले आम नकल कराने के एक तक्रिप दुनिया फर्में जैकित हुई थी,9.57
02-21289-01,whisper,gramvaani,telephony,N/A,डेढ़ साल पहले ही हम शादी के बंधन में बंधे है इस घर के इकलौते बेटे होने के नाते बचपन से ही सबके लाड प्यार ने इन्हे बिगाड़ रखा है रखा है सुबह से शाम ये अपने काम पर रहते है,देट साल पहले ही हम शादी के बंधन में बंधे हैं इस घर के एकलोते बेटे होने के नाते बच्पन से ही सबके लाट प्यार ने इन्हें बिगार रखा है सोबा से शाम ये अपने काम पर रहते हैं,7.448
02-13499-02,whisper,gramvaani,telephony,N/A,मोदी सरकार ने आशा कार्यकर्ताओं का भत्ता दो गुना किया प्रधानमंत्री बीमा भी मुफ्त मिलेगा,मोधी सरकार ने आशा कारे करताओं का भत्ता दोगना किया प्रधान मंत्री बीमा भी मुफ्त मिलेगा,4.042
01-06401-03,whisper,gramvaani,telephony,N/A,लगभग तीन तीन सौ की आबादी वाले बरवाडीह गाँव ना एक कुआँ ना तालाब है नहाने के लिए यहाँ के लोगो को करीब डेढ़ किलोमीटर की दूरी तय कर,लगबग तीन सो की आवादी वाले परवादी ना एक कुआना सालाब है। नहाने के लिए यहां के लोगों को करीद देड़ किलो मेटर की दूरी सहे कर।,5.912
01-02125-02,whisper,gramvaani,telephony,N/A,नमस्कार श्रोता मित्रों मेट्रिक की परीक्षा की शुरुआत शांतिपूर्ण तैतालिस परीक्षार्थी अनुपस्थित रहे मैं जेएम रंगीला कोऑर्डिनेटर बोकारो से झारखण्ड मोबाइल वाणी,"नमस्कार शुरूता मित्रों, मैच्छी की परिछा की शुरुआत साम्तिक होने सेतालिब परिछाते अनुपत्वित रहे, मैं जियम रजीला कोडिनेटर बुकारोश शुरूता साम्तिक जारकन मोबाइल वानी",7.806
01-01990-01,whisper,gramvaani,telephony,N/A,लेकिन वहाँ पर नीचे उतारने का भी अभी तक कोई रास्ता नहीं गया है वहाँ पर बहुत झाड़ झुड़ रहता है इसलिए मैं ग्राम वाणी के द्वारा सरकार से अनुरोध करना चाहता हूँ,"लेकिन उस महाचाल नीचे उठाने का अगुत अपने रास्ता नहीं दिया है, वहाँ पर बहुत शार जोड़ आता है, इसलिए मैं जराम वानी के दुआरा सरकार से अनुवोट करना चाहता हूँ।",7.298
01-07043-02,whisper,gramvaani,telephony,N/A,पुनः एक बार सहायता की की जाए धन्य धन्यवाद,कि पुना है एक बार इस सहता की जाए थाने बाद,2.235
01-02028-02,whisper,gramvaani,telephony,N/A,उम्मीदवार होगी जिसे आम जन सामाजिक कार्यकर्ता कम और और राजनीती के रूप में अधिक जानेंगे इसमें कोई शक नहीं मैं राधू राय,उन्हें द्वार होगी जिसे आम जन समाधी कार्यकर्तक कम और राजनीतिक के रूप में अधिक जानेंगे इसमें कोई तक नहीं स्थित्र मिराद हो रहा है,5.763
01-06650-01,whisper,gramvaani,telephony,N/A,डालडा जो होता है उसमे आलू का मिश्रण मिश्रण हो रहा है तेल भी आज कल दोस्तों कोई खास ऑरिजनल नहीं आ रहा है तो आप और आपके परिवार प्लस आप आपके व्यवहारी,डाल्टा जो होता है उसमें आलू का मिश्रू का मिश्रून हो रहा है तेल भी आज काल दोखतों कोई खास औरिजिनल नहीं आ रहा है तो आप और आपके परिवार प्लस आपके व्यवहारी,7.306
02-16456-01,whisper,gramvaani,telephony,N/A,है एक वरिष्ट सरकारी अधिकारी ने बताया कि ये योजनायें सरकारी हो सकती हैं पेंशन बीमा और भविष्य निधि के क्षेत्रों में निजी खिलाडियों का संचालन कर सकती है,"एक वरिश सरकारी अधिकारी ने बताया की ये योजनाई सरकारी हो सकती है पेंसन, बीमा और भविशे नीदी के छेतरों में नीजी खिलाडियों का संचालन कर सकती है",6.391
01-06529-02,whisper,gramvaani,telephony,N/A,मैं ये वन प्रबंधन पदाधिकारी हजारीबाग से ये कहना चाहता हूँ की आप नक्शा पास केंद्र में गड्ढे नाले जहाँ भी हों वहाँ गड्ढा खोद कर के सारे,मैं ये गंतरमंदर पदाविकारी हजारी बाग के में पहरा चाहता हूँ कि आप लक्षा पार्चे अंदर में गड़े नाले जहाँ जिवाओ और जट्ठा खोट करके पारे,6.66
01-10685-03,whisper,gramvaani,telephony,N/A,नया टाइम टेबल लागू किया है रतलाम रेल मंडल पर चलने वाली उनतीस उनतीस गाड़ियों की गति को बढ़ाया गया है है रतलाम मंडल से होकर जाने वाली कुल पैसठ गाड़ियों की,नया टाइम टेबू लागू किया है रतलाम रेल मंडल पर चलने वाली 29 गाड़ियों की गती को बढ़ाया गया है रतलाम मंडल से होकर जाने वाली कुल 65 गाड़ियों के,6.741
01-05003-02,whisper,gramvaani,telephony,N/A,के नेता को कभी अकेले तो कभी संदिग्ध रूप से सत्ता मिला लेकिन जनता की कसौटी पर कोई भी खड़ा नहीं उतर नहीं उतर सका यही सबसे बड़ी चिंता की बात है,प्रदाविक नेता को कभी अकेले तो कभी संजित रुप्षे सक्ता मिला लेकिन जनता की कशोदी पर कोई भी खाला नहीं उतर नहीं उतर सका। यही सच्चे बड़ी तिंता की बात है।,16.961
01-00960-03,whisper,gramvaani,telephony,N/A,की जाती है परन्तु कं पुतना ने जब कृष्ण को अपना दुध पिला रहे थे मारने के लिए तब ही भगवान कृष्ण चमत्कार दिखाया की साथ साथ जो है की उनका,प्रश्न पुत्ना ने जब चिपनों को अपना अपना दूप पिला रहे हैं तो मार में किरके लेता हुए भर्मान की स्टमच्कार दिखाया कि ये साथ साथ जो है कि उनका,6.363
02-12750-02,whisper,gramvaani,telephony,N/A,नमस्कार श्रोताओं मैं सुनिधि लेकर आई हूँ बिहार मोबाइल वाणी पर शाम,नमस्कार शुरुताओं मैं सुनी दी लेकर आई हूँ बिहार मबाइल वाणी पर शामिर पर देखते हैं,4.162
01-08134-02,whisper,gramvaani,telephony,N/A,परीक्षा नौ अगस्त को खबर है नई दिल्ली से रेलवे ने सहायक लोको तकनीशियनों की की छबीस हजार पाँच सौ दो नियुक्तियों के लिए परीक्षा की तारीख नौ,परिछा नौ अगस्त को खबर है नई दिल्ली से रेल्वे ने सहायक लोकों तक निश्यों की तब इस अजार 502 रिक्तियों के लिए परिछा की तारीख नौ,5.895
01-09492-02,whisper,gramvaani,telephony,N/A,की है रूट लाइन व कतार के,की है रूट लाइन वक्तार के,1.517
01-02482-01,whisper,gramvaani,telephony,N/A,जयनगर अनुमंडल क्षेत्र से सुरेश कुमार गुप्ता जयनगर,जैने गर अनुमान लाइक सकते हैं प्रेज मार्गित्ता जैने गर,2.954
02-19405-01,whisper,gramvaani,telephony,N/A,होता ई है कि एस एस जी चूकि महिलाओं का समूह है तो तुम्हारी मेहरारू को,होता यह है कि एसेस जी चुकी महिलाओं का समूह है तो तुम्हारी महरारों को कब जाएगा,3.656
01-06986-01,whisper,gramvaani,telephony,N/A,सब्जियों की दुकाने फलों फलों के ठेले और तरह तरह के ठेलों की यातायात को बाध्य कई जगहों पर सड़क किनारे लोगों ने घर बना लिया हैं उनके लिए सड़क ही आंगन बन जाता हैं,"सबजियों की दुकाने, फलों के फलों के खेले और तरह-तरह के अस्टेनों की अताव को बात करते हैं। कई जगहों पर चलक किनारे लोगों ने घर बना लिया है। उनके लिए चलकी आंगन बन जाता है।",7.726
01-01715-03,whisper,gramvaani,telephony,N/A,ये सुनना मैं बहुत पसंद करता हूँ मेरी जीवन में बदलाव की श्रण आती रहती है इसी के साथ में ये सन्देश देना चाहता हूँ बिहार मोबाइल वाणी के साथ,ये सुनना मैं बहुत प्रसंद करते हूँ मेरी जीवने बदला पिछन आती रहती है इसे के साथ मैं ये संदेश देना चाता हूँ जिहार मुगलवानी के साथ,6.488
01-09945-03,whisper,gramvaani,telephony,N/A,अगर आपके आस पास या आपका क्षेत्रों में भी कुछ ऐसी ही खबरें हैं हैं जो ज़रा हटके हैं हैं तो हमें ज़रूर बताएं अपने मोबाइल में नंबर तीन दबा कर कर और साथ ही इसका,अगर आपके आसपास या आपके क्षेत्रों में भी कुछ ऐसी ही खबरे हैं जो जरा हटके हैं तो हमें जरूर बताएं अपने मुबाइल में नमबर तीन दवा का और साथ ही इसका बताएं।,7.054
01-05555-02,whisper,gramvaani,telephony,N/A,किसानों को यह जानकारी किसान पाठशाला लगाकर उपलब्ध कराई जाए की जानकारी प्रखंड पीसी ने बताया की ये कार्यक्रम  में चलाया जायेगा जिसके लिए चयन की प्रक्रि प्रक्रिया अंतिम चरण उन्होंने बताया की चयनित,जिसकी जानकारी परखंड की सिंह ने बताया कि यह कार्यक्रम भैतों में चराया जाएगा इसके लिए सेहन की पर्चिलिया अंतिर्चर्ण। पिछर उन्हें बताया की चेरिक,16.85
02-15827-01,whisper,gramvaani,telephony,N/A,सहकारी मुखिया सिकंदर  दिवाकर महतो उमेश कुमार चौबे चौबे मिथिलेश महाराज विनीत जैसवाल सोहेल अंसारी ने,दिनिधी सहजारी मुख्या किकंदर कपण्डा शिवाकर मातो उन्हेश कुमार चोगे नोगे वितलेश महराज विनीत जैसवाल तोहल अंतारी ने,5.621
01-11055-03,whisper,gramvaani,telephony,N/A,कि कोई भी परेशानी होने पर आम लोग उनसे सीधा संपर्क कर सकते हैं एवं उनका हर मदद किया जाएगा इस कार्यक्रम को लेकर वहाँ उपस्थित लोगों के बीच,कि कोई भी परिशानी होने पर आम लोग उनसे सीधा संपाग कर सकते हैं एवं उनका हर मदद किया जाएगा इस कारिक्रम को लेकर वहां उपस्थित लोगों के बीच,6.341
01-10891-03,whisper,gramvaani,telephony,N/A,सरकारी विमान कंपनी एयर इंडिया के पायलटों के  अपने उड़ान भत्तों के बकायें का तत्काल भुगतान नहीं होने पर परिचालन पायलटों का कहना है कि अन्य कर्मचारियों के वेतन और भत्तों का देर से ही सही लेकिन पूरा भुगतान हो रहा हैं,सरकारी विमान कंपनी Air India के पाइलोटों के एकने अपने उरान भट्तों के बगाय का ततकाल भुक्तान नहीं होने पर परिचालन रूप पाइलोटों का कहना है कि अने करमचारियों के वेतन और भट्तों का देव सही सही लेकिन पूरा भुक्तान हो रहा है,28.452
02-18071-01,whisper,gramvaani,telephony,N/A,हम लोगों को वेतन नहीं दिया जा रहा हैं इधर जिस आवास में हम लोग रहते हैं उस उसके मालिक को भी कंपनी की और से से ताला बंद करने का फरमान दिया गया है,से हम लोगों को वेदन नहीं दिया जा रहा है इधर जिस आवास में हम लोग रहते हैं उसके मालिक को भी कंपनी की ओर से ताला बंद करने का फर्मान दिया गया है,6.189
02-17099-01,whisper,gramvaani,telephony,N/A,मै रजनी कुमार सिंह जमुई से सोमवार को जिला परिषद की सामान्य बैठक अध्यक्ष व उपाध्यक्ष की,मैं रजनी कुमार सिंग जमूई से सोमवार को जिला परिशत की सामाने बैठक अध्यक्ष वा उपाध्यक्ष की,4.366
01-06730-01,whisper,gramvaani,telephony,N/A,है काफी प्रदूषण को लेकर आम लोगों को भी को भी जागरूक होने जरुरत है अन्यथा एक ऐसा समय आएगा जब प्रदूषण के दूषण के कारण जीवन  धन्यवाद,प्रदुषन के लिए आम लोगों को भी जागनूत को हो जावत जरुवत है या ना था एक ऐसा समय आएगा जब परदुषन के दुषन के कारण जीवन जागनूत है धन्यवाद,6.808
01-10262-03,whisper,gramvaani,telephony,N/A,उद्देश्य है तभी तो इसमें सरकारी खर्च कल्याणकारी योजनाओं का चयन उनकी योजना का निष्पादन के तरीके और अनुवर्ती तरीके की लिए बहुत सारी विधियाँ होंगी,"उदेश्य है तभी तो इसमें सरकारी खर्च, कल्यानकारी योजनाओं का चैन, उनकी योजना का निष्पादन के तरीके और अनुवर्ती तरीके के लिए बहुत सारी विधियां होंगी।",6.977
01-03753-01,whisper,gramvaani,telephony,N/A,ग्राम पंचायत द्वारा प पानी की कोई सुविधा नहीं की जा रही है है यदि दि ग्राम पंचायत त द्वारा प पानी की कुछ की गयी है है तो,ग्राम पंचर द्वारा पानी की कोई सुवधा नहीं की जा रही है यदि ग्राम पंचर द्वारा पानी की की जा रही है तो,4.835
01-01568-03,whisper,gramvaani,telephony,N/A,और गुप्त रूप से छापामारी कर कार्रवाई करने का मापदंड अपनाने चाहिए मैं तेजनरायण ब्रह्मर्षि शान्ति प्रेरक की ओर से बिहार मोबाइल वाणी के लिए मधुबनी से से धन्यवाद,और गुफ्तुरिक से शाता मारी कर तादवाई करते का माफ़दन अपना ने चाहिए मैं तेर नेंद्र मर्शी सांचिक लगती ओर से प्यार मोबाइल वाली के लिए मत्रणिके दन्वार,7.001
01-00990-03,whisper,gramvaani,telephony,N/A,दो महिना बीत जाने के बाद भी पोषाहार जो आंगनबाड़ी केन्द्रों धातृ माता बच्चों को दिया जाना है वो नहीं दी गई मैं झारखण्ड मोबाइल वाणी के माध्यम से,तो महिना बिट जाने के बाद भी उसाहार श्वागनवारी केंद्रो मात्रिमा का बच्चों को दिया जाना है। उत्ती नहीं की गई। मैं धारखन मुझवाली वाली के बाद जानते हूँ।,7.354
01-11618-03,whisper,gramvaani,telephony,N/A,इस मौके पर कम्युनिटी के सदस्य अद्या अमित कुमार भगत संपन गुप्ता सचिन नवीन बर्णवाल महासचिव सजन गुप्ता कोषाध्यक्ष मुन्ना केसरी प्रवीण मिश्रा राजेश मिश्रा भूपेश सिन्हा,"इस मौतिपर कहोई के सदस्याद्य अनित्समार भगत, संपंपंपंपं गुप्ता, सचुन नविन बन्डवाल, मासचुन रजन गुप्ता, कोशा जोख मुन्ना केसी, प्रदिमिनिश्र राजिस्मिश्ला बुपेज सिना",8.253
01-04428-03,whisper,gramvaani,telephony,N/A,सात प्रखंड कार्यालय में आधार कार्ड बनाने के लिए आयोजित तीन दिवसीय शिविर आज गुरुवार को समापन हो गया तीसरे और अंतिम दिन आधार कार्ड बनाने के लिए लोगो की काफी काफी भीड़ उमड़ पड़ी थी,प्रखन काजार में अधार कार बनाने के लिए आज गुरुबार कोई स्वापन हो गया। इस वे रंशीन दिन अधार कार बनाने के लिए लोगों की काफी काफी विल्व उमर पड़ी थी।,7.338
02-13646-02,whisper,gramvaani,telephony,N/A,नमस्कार दोस्तों गिद्धौर मोबाइल वाणी से मैं संजीवन कुमार सिंह सुहागिन महिलाओं ने पति के दीर्घआयु के लिए आज रखा है निर्जला उपवास पति के दीर्घ आयु के लिए सुहागिन महिलाओं ने,हुआ है नमस्कार दोस्तों यह वॉइट को वाला ने संजीवल कमाथी स्वागिन महीलाओं ने पत्ती के दिलगायों के लिए आए रखा है ने जवास व्हाट पत्ती के दिलगायों के लिए प्रोग्रम महीलाओं ने,32.841
01-05501-03,whisper,gramvaani,telephony,N/A,देख छप्पन इंच का सीना आतंकवादियों को आया पसीना कह रहा है हिन्दू हिंदुस्तान सुधर जाओ रे पाकिस्तान,जेख सपन इंच कर देना आत्मवादियों को आया पद देना कहा रहा है हिंदु हिंदुस्तान सुधर जावरे पाकिस्तान,4.831
01-01738-02,whisper,gramvaani,telephony,N/A,भ्रष्टाचार शिष्टाचार बन गया है सभी जगह घूसखोरी निगरानी द्वारा उसी को पकड़ा जा रहा है जिस पर कोई पब्लिक पड़ गए हो और उसे पकड़वाया हो,"ब्रह्षाचा शिकाचार बन गया है, सवी जगग उश्कोरी, निग्रान उजवारा उसी को पकड़ा जा रहा है जिस पर कोई पब्लिक पड़ गये हो और उसे पकड़ आया हो।",6.544
02-16847-01,whisper,gramvaani,telephony,N/A,हाथुडीह को मिलेगा जल संकट से निजात चलेगा तालाब जोड़ो अभियान खबर है महुदा से अगर सब कुछ योजनाबद्ध तरीके से हुआ तो तो शीघ्र ही हाथुडीह पंचायत के लोगों,हातु डी को मिलेगा जल संकट से निजात चलेगा तलाब जोडो अभियान खबर है महुदा से अगर सब कुछ योजना बद तरीके से हुआ तो शिगर ही हातु डी पंचायत के लोगों,6.979
13-00315-05,whisper,gramvaani,telephony,N/A,विधायक सांसद जाना तय होगा,दिरायत सांतर रहना पर होगा,1.516
02-17346-01,whisper,gramvaani,telephony,N/A,के अध्यक्षता में संपन्न मंत्री परिषद की बैठक के बैठक के बाद पत्रकारों को सम्बोधित करते हुए मंत्रिमंडल सचिवालय विभाग के प्रधान सचिव,अधिक्षता में समपन मंदृपरिशत की बैठट की बैठट के बाद पद्रकारों को संबोधित करते वे मंदृमंदर सच्चवाले विभार के प्रधान सचिव।,45.768
01-02106-02,whisper,gramvaani,telephony,N/A,और वे लोग भी अपनी मर्जी से तो एक दू महीना सब्जी बेचतें फिर अपने घर के पालन पोषण के लिए दूसरी जगह मजदूरी के लिए पलायन करते हैं,और वह लोग भी दिमार जीत हैं ता एक दू मैना सब्जी देते हैं प्रिज़ा प्राण को संकेजे दूसरे जगा मर्जूरी के लिए प्राइम करते हैं,6.116
02-21859-01,whisper,gramvaani,telephony,N/A,तब तक आप सुनते रहिये हँसी की डोली कार्यक्रम आपके अपने मोबाइल वाणी पर अगर आपको हमारी खट्टी मीठी बातें दोस्तों और परिवार वालो को भी सुनाये,तब तक आप सुनते रहे हैं हसी ठिटोली कारिक्रम आपके अपने मोबाइल बानी पर अगर आपको हमारी खत्ये मिठे बालें दोस्तों और परिवार वालों को भी सुनाएं,6.704
02-22739-01,whisper,gramvaani,telephony,N/A,गुड़िया के लिए शायद वो आगे जानेंगे की माजी के बातों का का हमारे पति पर कितना असर पड़ता है हमारे पति हमारा साथ देंगे तब तक के लिए आप हमें बताइये,गुडिया के लिए शायद वो आगे जानेंगे कि माजी की बातों का हमारे पती पर कितना असर पड़ता है। हमारे पती हमारा साथ देंगे तब तक के लिए आप हमें बताएं।,6.774
01-08047-01,whisper,gramvaani,telephony,N/A,अधिकार की जानकारी दे तथा महिलाएं किसी भी अधिकार पर बहुत कम ही महिलायें भागीदारी ले पाती है क्योकि पंचायत की अधिकतर महिलाएं अशिक्षित होती,अविकार की जानकारी दें तका मलिलाएं किसी भी अविकार पर बहुत कम की मलाएं भाविदाई ले पाती हैं क्योंकि पैंचेक्स ये अविकर मलाएं आशिकित होती हैं,6.391
01-11183-02,whisper,gramvaani,telephony,N/A,है जो जोकि चौथी पारी में असंभव बताया जा रहा है इंग्लैंड ने दिन का खेल ख़त्म होने तक बिना किसी नुकसान के तेईस रन बना लिए हैं,जो की चौती पारी में असंभो बताया जा रहा है इंग्लैंड ने दिन का खेल खत्म होने तक बिना किसी नुकान के 23 रन बना लिये हैं,5.21
02-16015-01,whisper,gramvaani,telephony,N/A,की मदद से अफ़ग़ानिस्तान ने लचर शुरुआत से उबरकर बांग्लादेश के खिलाफ एशियाई कप,की मदद से अफगानिस्तान ने लचर शुरुवात से उबर कर बांगलादेश के खिलाफ एशियाई कब गुणा,4.396
01-06755-01,whisper,gramvaani,telephony,N/A,मैं राधु राय धनबाद मोबाइल मीडिया महुदा झारखंड से लव कुश योजना अधर में लटका चिलचिलाती धुप गर्म हवा गर्मी छियालीस डिग्री पर आम जन प्यासे और पशु पक्षी प्यास के मारे बेहाल पानी की खोज में दूर दूर तक भटक रहे,"मैं राजोरा, दिनबाद मवाल मुड़ी, मोदाजार कंशलापूर्षी योजिना अधर में लड़का, इस पिलाते दो, गर्म हवा, गर्मी, फलिफ दिग्री सा, आमजन, प्यादे, और पतुपत्वी की पत्वजात के मारे दिहाल, आनी की सोम में लोग दुल-दूल तक बच",10.009
01-03176-02,whisper,gramvaani,telephony,N/A,जाने वाले रोड का पक्कीकरण व सौन्दर्यकरण किया जाएगा मौके पर आदिवासी विकास मंच के प्रवक्ता उमित सोरेन,जाने वाले रोड का पक्की करन और सुन्दर्जी करन किया जाएगा मौके पर आदिवासी विकास मंच के प्रवक्ता उमेप्य सोरेन,5.289
01-06865-02,whisper,gramvaani,telephony,N/A,बजे तो सुनना न भूलें लें जनता की रिपोर्ट हर शाम पाँच बजे बजे आपके मोबाइल वाणी पर ध धन्यवाद,तो सुनना न भूले जनता की रिपोर्ट हर साम 5 बजे आपके मोबाल बानी पर धन्यवाद,3.692
01-06596-02,whisper,gramvaani,telephony,N/A,किसानो को बोनस नहीं दी दी इस तरह बिहार के किसानो किसानो की आर्थिक स्थिति स्थिति अन्य राज्यों की तुलना में काफी दयनीय है इसके लिए यह सरकार काफी जिम्मेवार है धन्यवाद,इस तरह बिहार की किसानों कानों की आपसे किसी किसी किसी अनलाजें की तुलना में काफी देवी है इसके लिए यह सरकार काफी जिमेवार है,5.468
01-04132-03,whisper,gramvaani,telephony,N/A,वन डब ऐट डबल जीरो द्वारा सोलह मार्च दो हजार सोलह को अनुसूचित जाती का प्रमाणपत्र हासिल कर चुनाव में आरक्षण का फायदा ले लिया श्री,वाला द्वारा तोलर मार्च 2014 को अनुसुचित जाति का प्रमान पत्र हासिल कर चुनाव में आरक्षन का फायदा ले लिया,4.949
01-11742-01,whisper,gramvaani,telephony,N/A,कर्मचारी राज्य बीमा योजना ना तथा एन पी एस के पास नए सदस्यों के नामांकन पर आधारित हैं हैं रिपोर्ट के अनुसार सितम्बर दो हज़ार सतरह से,कर्मचारी राज्य वीमा योजना तता NPS के पास नए सदस्यों के नामंकन पर आधारित है रिपोर्ट के अनुसार सितंबर 2017 से,5.097
01-05071-03,whisper,gramvaani,telephony,N/A,एक ऐसा कुछ अधिकर्मियों की गलती मान लो चाहे कुछ किसानों की गलती मान लो तो जरूरी नहीं है कि पूरे मध्य प्रदेश में हमारे सभी किसानों ने बीमा,कि ऐसा कुछ अभी कार्यों की गलती मान लो चाहे कुछ किसानों की गलती मान लो तो जरूर नहीं है कि पूरे मद्द पर जरूर से हमारे सभी किसानों ने बीमा,6.193
13-00272-06,whisper,gramvaani,telephony,N/A,में की बोली गयी है कि बारह बजे दिन से से दो बजे तक ही ताजिया,अपिरिमेटी बुली गई है कि 12 वज़े दिन से 2 वज़े तक भी ताजिया,3.212
01-12107-01,whisper,gramvaani,telephony,N/A,ने छात्र को को इस आधार पर अनुमति दी है कि उसने दो हज़ार अठारह रा राष्ट्रीय पात्रता एवं प्रवेश परीक्षा क्षा असक्षम लोगों के वर्ग में पास की है,ने छात्रकोप को इस आधार पर अनुमती दी है कि उसने 2018 राष्ट्री पात्रता एवं प्रवेश परिक्षा असक्षम लोगों के वर्ग में पास की है।,5.96
01-11453-01,whisper,gramvaani,telephony,N/A,रेलवे में गेट मैन के लिए एक हज़ार चार सौ उनासी पदों के लिए करें अप्लाई ख़बर है पटना से पूर्व मध्य रेल ने एक हज़ार चार सौ उनासी पदों के लिए,रिल्वे में गेटमैन के लिए 1489 पदों के लिए करे अपलाई खबर है पतना से पूर्वमदे रेल ने 1489 पदों के लिए,4.955
01-01599-03,whisper,gramvaani,telephony,N/A,की बहुत सी तरह की बीमारियाँ जो उत्प्न्न होती हैं जो की किसान भाई लोग काफ़ी दुःख छूटे हुए हैं और ऐसे ही मतलब बहुत सारे किसान हैं लेकिन फिर भी ये उर्वरक हमेशा डालतें हैं और आज तक हमारी झारखण्ड सरकार हैं की कुछ,बहुत सी तरह की जिमानियां को उत्तम होती है जो कि किसान भाई लोग काफी डूब चुके हुए हैं और ऐसे ही मतलब बहुत सारे किसान हैं लेकिन फिर भी इन उड़ोरत्स हमेशा डालते हैं और आज तक हमारी धारकंड सिर्कार ऐसी,8.805
01-10772-03,whisper,gramvaani,telephony,N/A,योजना लागू किए जाने पर आम लोगों ने सरकार व ज़िला प्रसाशन को बधाई भी दी और अब समाचार खेल से,प्रशासन को बधाई भी दी और अब समचार खेल से,2.352
koramangala-quiet,indicwhisper,self,quiet,Koramangala,haan bhai main koramangala mein rehta hoon kab aana hai,हां भाई में मंगला में रहता हूं क्या बना है,7.257
indranagar-quet,indicwhisper,self,quiet,Indiranagar,mera ghar indiranagar mein hai 100 feet road ke paas,मेरे घर इंदिरा नगर में हैं 100 फीट रोड के पास,7.881
whitefield-quiet,indicwhisper,self,quiet,Whitefield,office whitefield mein hai roz ghanta bhar jaata hoon,ऑफिस व्हाइट फील्ड में है रोज घंटा बार जाता हूं,8.912
electroniccity-quite,indicwhisper,self,quiet,Electronic City,haan electronic city phase one mein kaam karta hoon,हां इलेक्ट्रॉनिक सिटी फेस वन में काम करता हूं,7.887
Marathahalli-quiet,indicwhisper,self,quiet,Marathahalli,main marathahalli mein rehta hoon bridge ke paas wala area,मैं माली में रहता हूं ब्रिज के पास वाला एरिया,8.346
Jayanagar-noisy,indicwhisper,self,noisy,Jayanagar,jayanagar mein flat dhundh raha hoon koi option hai kya,जयनगर में क्या रहा हूँ कोई ऑप्शन हाई किया,7.553
Rajajinagar-noisy,indicwhisper,self,noisy,Rajajinagar,bhai rajajinagar se majestic kitna time lagta hai,भाई राजाजी नगर से मजिस्ट्रेट कितना टाइम लगता है,8.949
Hebbal-noisy,indicwhisper,self,noisy,Hebbal,main hebbal flyover ke paas hoon abhi traffic mein hoon,मैं प्लेयर के पास हूं अभी ट्रैफिक में हूं,6.816
yelahanka-noisy,indicwhisper,self,noisy,Yelahanka,yelahanka new town mein ek room chahiye budget kam hai,"इलाहन का न्यू टाउन में नेक रूम चाहिए, बजट कम है",8.333
banashankari-noisy,indicwhisper,self,noisy,Banashankari,banashankari mein rehti hoon temple ke paas wala area,बनासंगरी में रहते हो टेम्पल के पास वाला एरिया,7.259
hsrlayout-rushed,indicwhisper,self,rushed,HSR Layout,hsr layout second sector mein hoon jaldi batao,सेकंड सेक्टर में जल्दी जल्दी,8.823
btmlayout-rushed,indicwhisper,self,rushed,BTM Layout,btm layout se silk board kitna door hai bhai jaldi,बीटीएस बोर्ड कितना डोर है बाई जल्दी,6.21
majestic-rushed,indicwhisper,self,rushed,Majestic,majestic bus stand pe hoon bus nikal jaayegi,बस निकल जाएगी,5.304
silkboard-rushed,indicwhisper,self,rushed,Silk Board,silk board junction pe jam hai late ho raha hoon,जंक्शन भी जाम है लेट होना हो,4.875
bellandur-rushed,indicwhisper,self,rushed,Bellandur,bellandur mein hoon cab book karo jaldi please,बैंड में हो क्या बुक करो जल्दी प्लीज प्लीज प्लीज प्लीज प्लीज,10.988
sarjapur-whisper,indicwhisper,self,whisper,Sarjapur,sarjapur road pe ek pg dhundh raha hoon affordable chahiye,सरजाबुर रोड पर एक पेजेब ढूंढ रहा हूँ। अफ़ोर्डेबल चाहिए।,13.124
bommanahalli-whisper,indicwhisper,self,whisper,Bommanahalli,bommanahalli mein rehta hoon kaam ke liye apply karna tha,काम के लिए अप्लाई करना था,7.37
krpuram-whisper,indicwhisper,self,whisper,KR Puram,kr puram station ke paas hoon koi job hai kya paas mein,केपीब्रहम स्टेशन के पास हूँ। कोई जाब है के आपास में।,9.45
peenya-whisper,indicwhisper,self,whisper,Peenya,peenya industrial area mein supervisor ka kaam chahiye,पेनियाइटस्ट्रल एरिया में सुपरवाइज़र का काम चाहिए।,9.77
yeshwanthpur-whisper,indicwhisper,self,whisper,Yeshwanthpur,yeshwanthpur se koi factory job milegi kya experience hai,क्या एक्सपीरियंस है,6.316
01-04397-02,indicwhisper,gramvaani,telephony,N/A,बेईमानी और भ्रस्टाचारी की वजह से जनप्रतिनिधि अधिकारी व बिचौलिए माला माल हो रहे हैं,देवमानी और भ्रष्टाचार की वजह ऐसी जन प्रतिनिधि अधिकारी वा बिचौलिए मालामाल हो रहे,15.439
01-01025-03,indicwhisper,gramvaani,telephony,N/A,कि बच्चे लेने वालों की संख्या अब समय आ गया है इन बच्चों का जिम्मा सरकार ले और गर्भपात पर रोक लगा दे कौन जनता है,की बच्चे लेने वालों की संख्या में अब समय आ गया है इन बच्चों का जिम्मा सरकार ने और गर्भपात पर रोक लगा देते है कौन जानता है,22.779
01-09868-01,indicwhisper,gramvaani,telephony,N/A,नमस्कार आदाब श्रोताओं मैं श्वेता बिहार मोबाइल वाणी पर पेश करती हूँ शाम की सुर्खियाँ मानसून की बारिश से पानी,नमस्कार आदाब श्रोताओं मैं श्वेता बिहार मोबाइल वाणी आरोप पेश करती हूँ शाम की सुर्खियाँ मानसून की बारिश ऐसी पानी,21.624
01-08600-03,indicwhisper,gramvaani,telephony,N/A,लगाने का विकल्प मिल सकता है श्रम मंत्रालय निवेश पर मौजूदा कैप को हटाने के लिए नीति बना रहा है ऐसा होने पर पीएफ खाता धारकों को ज्यादा रिटर्न पाने का मौका मिल सकता है,लगने का विकल्प मिल सकता है श्रम मंत्रालय निवेश आरोप मौजूदा कैब को हटाने के लिए नीति बना रहा है ऐसा होने आरोप पी जी एफ खाता धारकों को ज्यादा रिटर्न पाने का मौका मिल सकता है,34.371
01-07995-03,indicwhisper,gramvaani,telephony,N/A,मदिरा नशा जैसी सामाजिक बुराई ने आज हमारे समाज एंव राष्ट्र को एक बड़ी शराब ना केवल लाखों हँसते खेलते परिवारों को रोने पर मजबूर कर दिया,मजदूरी और नशा जैसी सामाजिक दुआई ने आज हमारे समाज एवं राष्ट्र को एकबारी शराब नाट्य एवं लाखों पेदारों को लोने आरोप मजदूर कर दिया,29.936
01-05263-01,indicwhisper,gramvaani,telephony,N/A,में रहता है आजकल तो लड़की वाले दहेज़ के अलावा लड़की के लड़की के लिए दस से बीस हज़ार,में रहता है आजकल तो लड़की वाले दहेज़ छालावास लड़की के लिए दस ऐसी बीस वर्ष,12.885
01-03411-01,indicwhisper,gramvaani,telephony,N/A,राजू तिवारी आलोक कुमार के अलावे कई लोग उपस्थित थे इसी के साथ मैं शिवनारायण रिपोर्टर बोकारो मोबाइल मीडिया जरीडीह बोकारो से,राजू तिवारी आलोक कुमार के अलावा कई लोग उपस्थित थे इसी के साथ मैं शिवनारायण रिपोर्टर बोकारो मोबाइल मीडिया जरीडीह बोकारो से,25.041
02-16304-01,indicwhisper,gramvaani,telephony,N/A,आज देखा जा रहा है की हमारे धान के खेत धान मरने की स्थिति में हो गए थी थी आज इस नए झारखण्ड में हमारी बारिश होने का,आज देखा जा रहा है की हमारे धान के खेत धान मरने की स्थिति में हो गयी थी आज झारखण्ड में हमारी बारिश होने का,18.162
01-00703-03,indicwhisper,gramvaani,telephony,N/A,गठित की है और जाँच चल रही है बावजूद की कोयला का अवैध उत्खनन एवं तस्करी बद्कसूर जारी है सीसीएल ढोरी प्रक्षेत्र के तारणी परियोजना स्थित,कथित की है और जाँच सदर रही है बावजूद भी कोयला का अवैध उत्खनन एवं तस्करी बद्द सूट जारी है सीसीएल की धोरी परिक्षेत्र के चारवी परियोजना स्थित,29.213
01-00666-01,indicwhisper,gramvaani,telephony,N/A,प्रतिभागियों को दिया मौके पर दर्जनों सदस्यों ने भाग लिया एवं प्रति पर अपने विचार लिखित रूप से जमा किया मैं राधू राय महुदा धनबाद से,ये कुशल प्रतिभागियों को दिया मौके पर दर्जनों सदस्यों ने भाग लिया एवं अपने विचार लिखित रूप ऐसी जमा किया धनबाद ऐसी धन्यवाद,31.526
01-01992-01,indicwhisper,gramvaani,telephony,N/A,करोड़ों रुपया में मिला हुआ है वैसे भी किसी बच्ची के नाम पर दस हजार बीस हजार पच्चीस हजार तीस हजार रुपया तक बाकया हो जाता है,करोड़ रूपया में क्या हुआ है ऐसे भी इसकी बच्ची का नाम आरोप दस हजार बीस हजार पचीस हजार तेईस हजार रूपया तक बाकाया हो जाता है,23.333
01-04281-03,indicwhisper,gramvaani,telephony,N/A,कोई विश्वासनीय खाका है जिसको आप जानते हैं हैं बिहार मोबाइल वाणी के लिए खजौली मधुबनी से रामाशीष सिंह धन्यवाद,कोई विश्वसनीय खाता है जिसको आप जानते है बिहार मोबाइल वाणी के लिए खजौली मधुबनी ऐसी रामाशीष सिंह धन्यवाद,20.849
01-04493-02,indicwhisper,gramvaani,telephony,N/A,नमस्कार मधुबनी मोबाइल वाणी के लिए मैं मधवापुर साहरघाट से राजकिशोर यादव मधवापुर प्रखंड के बलवा गाँव में ग्यारह हजार तार पुपरी की ओर जाने वाली सड़क पर आज सुबह गिर गया है ग्यारह हजार तार गिर जाने से,नमस्कार मधुबनी मोबाइल वाणी के लिए मधुबनी प्रखंड के गाँव में ग्यारह हजार आज सुबह गिर गया है गिर जाने ऐसी,29.09
01-08776-01,indicwhisper,gramvaani,telephony,N/A,इस कार्य में काफ़ी संघर्ष का सामना करना पड़ा अब उन्होंने अर्पण नेचर सवेर ग्रुप बनाकर झी झील की दुबारा खूबसूरती लाने का भरसक प्रयास कर रहे हैं,इस कार्य में काफी संघर्ष का सामना करना पड़ा अब उन्होंने अर्पण नेचर सेवर ग्रुप बनाकर झील की दोबारा खूबसूरती लाने का वर्षा प्रयास कर रहे है,27.61
01-10651-02,indicwhisper,gramvaani,telephony,N/A,की वजह से जनता को परेशान होना पड़ेगा पुलिस मुख्यालय की पहल को नया नंबर अलोट करने का निर्णय लिया,की वजह ऐसी जनता को परेशान होना पड़ेगा पुलिस मुख्यालय की पहल को नया नंबर अलॉट करने का निर्णय लिया,18.356
01-00622-03,indicwhisper,gramvaani,telephony,N/A,जो भी है पहले का पंचायत भवन पुराना टुटल फुटल उसमें हमलोग बैठक चलाते हैं तो उसमे बरसात के सीजन में पानी घुस जाता है और धँसने वाला भी है है कहीं बैठक के समय धँस गया तो फिर लोगों की,जो भी है पहले का पंचायत भवन पुराना टोटल फुटल उसमे हम लोग बैठक चलाते है तो उसमे बर्फबारी का सीजन में पानी घुट जाता है और दस मिनट वाला भी है कहीं बैठे समय दस जाएगा तो फिर लोगो की,38.144
01-10039-03,indicwhisper,gramvaani,telephony,N/A,ये खुल गया प्राइस बैंड चार सौ अठारह से चार सौ बाईस रूपए और मिनिमम लोट साइज़ इज़ पैंतीस शेयर रखा गया है आई पी ओ दस अगस्ट तक खुला रहेगा,ये खुल गया प्राइस बैंड चार सौ अठारह ऐसी चार सौ बाईस रूपए और मिनिमम लॉट साइज पैतीस शेयर रखा गया है आईपीओ दस अगस्त तक खुला रहेगा,28.278
01-03999-01,indicwhisper,gramvaani,telephony,N/A,की सर्विस लगा पर रोक लगा कर रख दिया गया है पैदल चलने वाले यात्रियों को बहुत दिक्कत होती हैं साथ ही दो पहिये वाहन तथा चार पहिये वाहन के गुजरने में भारी दिक्कतें होती है,सर्विस रोटर लगा कर दिया गया है पैदल चलने वाले यात्रियों को भी दिक्कतें होती है साथ ही दो पहिये वाहन तथा चार पहिये वाहन के सुधरने में भारी दिक्कतें होती है,29.612
02-12587-02,indicwhisper,gramvaani,telephony,N/A,से जिससे हमारा जीवन प्रभावित होती है होती है और आज भी हम एक ऐसे ही मुद्दे के साथ हाज़िर है आपके सामने,जिससे हमारा जीवन प्रभावित होती है और आज भी हम एक ऐसे ही मुद्दे के साथ हाज़िर है आपके सामने,17.523
01-11496-02,indicwhisper,gramvaani,telephony,N/A,अंत में समाचार खेल जगत से एशियाई खेल अंकिता के कांस्य के बाद भारत,में समाचार खेल जगत ऐसी एशियाई खेल अंकिता के कांस्य के बाद भारत,10.512
02-12399-02,indicwhisper,gramvaani,telephony,N/A,नमस्कार आदाब श्रोताओं देश के कौन कौन से किसान मज़दूर यूनियन काफ़ी संख्या में इकठ्ठा होकर सरकार से अपनी माँगों को लेकर दिल्ली के पार्लियामेंट स्ट्रीट में धरना,नमस्कार आदाब श्रोताओं देश के कौन कौन ऐसी किसान मजदूर यूनियन काफी संख्या में इकठ्ठा होकर सरकार ऐसी अपनी मांगों को लेकर डेल्ही के पार्लियामेंट स्टेट में धरना,31.532
01-09796-02,indicwhisper,gramvaani,telephony,N/A,का एलान भारत और इंग्लैंड के बीच नौ अगस्त से लॉर्ड्स में खेले जाने वाले वाले दूसरे टेस्ट मैच के लिए गयी है एक वेस्टर्न टेस्ट में इंग्लैंड ने भारत को इकतीस रन,का ऐलान भारत और इंग्लैंड के बीच नौ अगस्त में खेले जाने वाले दुसरे टेस्ट मैच के लिए में दी गयी है एक वेस्टर्न टेस्ट में इंग्लैंड ने भारत को इकतीस रन,30.933
01-07562-01,indicwhisper,gramvaani,telephony,N/A,आवश्यक है है किन्तु नियोजित शिक्षको की मामले में न्यूनतम वेतन अठारह हजार लागू नहीं किया गया है जिसके लिए,आवश्यक है किन्तु नियोजित शिक्षकों के मामले में न्यूनतम वेतन अठारह हजार लागू नहीं किया गया है जिसके लिए,20.17
01-04320-03,indicwhisper,gramvaani,telephony,N/A,मुंगेर नगर निगम की बदहाली व्यवस्था के कारण शहर वासियों को शुद्ध पेय जल नहीं मिल रहा है नगर निगम के साथ संचालित कस्तुरबा वॉटर वर्क्स,मुंगेर नगर निगम की बदहाली व्यवस्था के कारण शहरवासियों को शुद्ध पेय जल नहीं मिल रहा है नगर निगम के साथ संचालित वाटर बॉक्स,25.184
01-08017-03,indicwhisper,gramvaani,telephony,N/A,के बेहतरीन महिला को एक पारदर्शी महिला को पंचायत में इनका आ आरक्षण मिले और उसका विकास हो आने वाले दिन में,महिला को एक पारदर्शी महिला को पंचायत में इसका आयोजन मिले और इसका विकास हो आने वाले दिन में,15.587
01-10457-02,indicwhisper,gramvaani,telephony,N/A,इस देश के कई भाग से हैं जहाँ सिंचाई सुविधा के आभाव मैं बारिश पर निर्भर रहते हैं अगर बारिश समय पर नहीं हुए तो सारा फसल बर्बाद अब ऐसे मैं किसान करे तो क्या करे,इस देश के कई भाग ऐसे है जहाँ अधिकांश सिंचाई सुविधा के अभाव में खेली बारिश आरोप निर्भर रहते है और अगर बारिश समय आरोप नहीं हुई तो सारा फसल बर्बाद अब ऐसे में किसान करे तो क्या करे,39.066
02-14905-01,indicwhisper,gramvaani,telephony,N/A,श्री पावन भगत अशोक केसरी पवन केसरी विजय मिश्रा उदय लाहाकर प्रवीन मिश्रा मंटू भगत सहित गणेश मंदिर समिति के सभी सदस्य मौजुद वही बताते चले की मोबाइल वाणी के द्वारा ही,श्री पवन भगत अशोक केशरी पवन केशरी विजय मिश्रा उदय लहकार प्रवीण मिश्रा मंटू भगत सहित गणेश मंत्री समिति के सभी सदस्य मधु वही बताते चले की मोबाइल वाणी के द्वारा ही,36.7
02-17467-01,indicwhisper,gramvaani,telephony,N/A,मोबाइल वाणी के बेहद लोकप्रिय और ख़ास कार्यक्रम खबरें जरा हट के में आपका स्वागत है,मोबाइल वाणी के बेहद लोकप्रिय और खास कार्यक्रम खबरें जरा हटके में आपका स्वागत है,15.945
01-00097-03,indicwhisper,gramvaani,telephony,N/A,इस मध्य प्रदेश मोबाइल वाणी के सभी सुनने वाले श्रोताओं को और मेरे मित्रों को सभी को हार्दिक हार्दिक शुभकामनाएं धन्यवाद नमस्कार,इस मध्य प्रदेश मोबाइल वाणी के सभी सुनने वाले श्रोताओं को और मेरे मित्रों को सभी को हार्दिक हार्दिक शुभकामनाएँ धन्यवाद नमस्कार,24.654
02-13426-02,indicwhisper,gramvaani,telephony,N/A,आँगनबाड़ी सहायिकाओं को पन्द्रह सौ रूपए के स्थान पर बाईस सौ सौ पचास रूपए मिलेंगे और अब ख़बर खेल जगत से कुछ देर में शुरू होगा पाँचवें दिन दिन का खेल शाख बचाने को उतरेगी टीम इंडिया ख़बर है नई दिल्ली से,आंगनबाड़ी सहायिकाओं को पंद्रह सौ रूपए के स्थान आरोप बाईस सौ पचास रूपए मिलेंगे और अब खबर खेल जगत ऐसी कुछ देर में शुरू होगा पांचवे दिन का खेल सात बच्चों ने उतरे की टीम इंडिया खबर है नई डेल्ही ऐसी,46.85
02-14654-01,indicwhisper,gramvaani,telephony,N/A,याद है की मनरेगा में लंबित मजदूरी भुगतान नहीं होने के सम्बन्ध में शिकायतें प्राप्त हो रही थी राज्य शासन द्वारा शिकायतों के निराकरण के लिए ग्राम पंचायतों में कलस्टर,ज्ञात है की मनरेगा में लंबित मजदूरी भुगतान नहीं होने के सम्बन्ध में शिकायतें प्राप्त हो रही थी राज्य शासन द्वारा शिकायतों के निराकरण के लिए ग्राम पंचायतों में कलस्टर,34.609
01-03123-03,indicwhisper,gramvaani,telephony,N/A,फ़िलहाल जारी अधिकतम तापमान का ट्रेंड गेहूं और दलहन का  यदि तापमान का रुख ऐसा ही जारी रहा,फिलहाल जारी अधिकतम तापमान का ट्रेंड गेहू और दलहन की फसल यदि तापमान का रूप ऐसा ही जारी रहा,16.765
02-12354-02,indicwhisper,gramvaani,telephony,N/A,तिलका मांझी भागलपुर विश्वविद्यालय प्रशासन ने बी ए फर्स्ट इयर दो हज़ार सतरह उन्नीस का परीक्षा कार्यक्रम घोषित कर दिया है परीक्षा दूसरी पाली में दो बजे,तिलका मानी भागलपुर विश्वविद्यालय प्रसाशन ने बी एड फर्स्ट ईयर दो हजार सत्रह उन्नीस का परीक्षा कार्यक्रम घोषित कर दिया है परीक्षा दूसरी पाली में दो बजे,31.952
01-07629-02,indicwhisper,gramvaani,telephony,N/A,और पछताना नहीं पड़ता है बहुत से ऐसे गाँव के विद्यार्थी को मैंने देखा है की कई,और पहचाना नहीं पड़ता है बहुत से ऐसे गाँव के विद्यार्थियों को मैंने देखा है की परीक्ष,15.08
01-06461-03,indicwhisper,gramvaani,telephony,N/A,मुंगेर प्रखंड क्षेत्र में बिजली के लिए हाहाकार मचा हुआ है चौबीस घंटे में से मात्र आठ से बारह घंटे तक भी बिजली नहीं मिलती है,मुंगेर प्रखंड क्षेत्र में बिजली के लिए आकर मचा हुआ है चौदह घंटे में ऐसी मात्र आठ ऐसी बारह घंटे तक वो बिजली नहीं मिलती है,24.167
13-00159-01,indicwhisper,gramvaani,telephony,N/A,विरोधियों के बीच होने वाले इस मैच की तारीख से नाराज़ है बी सी सी ज है बी सी सी आई ने एशिया कप के कार्यक्रम में भारत और पाकिस्तान के मैच की मैच की तारीख पर आपत्ति जताई है,के बीच होने वाले इस मैच की तारीख़ ऐसी नाराज है बी सी सी आई ने एशिया कप के कार्यक्रम में भारत और पाकिस्तान की मैच की तारीख़ आरोप आपत्ति जताई है,26.844
01-03050-02,indicwhisper,gramvaani,telephony,N/A,मैं राजीव कुमार ठाकुर जिला मुंगेर मुंगेर की आवाज़ से बाबा धरमदास मंदिर के निर्माण समिति द्वारा संकल्प दिवस का आयोजन,मैं राजीव कुमार ठाकुर जिला मुंगेर मुंगेर की आवाज़ ऐसी बाबा धर्मदास मंदिर निर्माण समिति द्वारा संकल्प दिवस का आयोजन,22.726
01-04208-01,indicwhisper,gramvaani,telephony,N/A,एक राज्य की छवि छवि खराब करने की ही और दूसरी राज्य को अपने शिक्षा व्यवस्था को ज्यादा गंभीरता से लेने के लिए बाध्य करने की करने की बिहार बोर्ड की परीक्षा में अभिभावकों द्वारा खुलेआम नकल कराने की तस्वीर दुनिया भर में चर्चित हुई थी,एक राज्य की खरीद खराब करने की और दुसरे राज्य को अपनी शिक्षा व्यवस्था को ज्यादा गंभीरता ऐसी लेने के लिए बात करने की बिहार बोर्ड की परीक्षा में अभिभावकों द्वारा खुले आम नतम कराने की एक प्रक्रिया दुनिया भर में चर्चित हुई थी,54.036
02-21289-01,indicwhisper,gramvaani,telephony,N/A,डेढ़ साल पहले ही हम शादी के बंधन में बंधे है इस घर के इकलौते बेटे होने के नाते बचपन से ही सबके लाड प्यार ने इन्हे बिगाड़ रखा है रखा है सुबह से शाम ये अपने काम पर रहते है,डेढ़ साल पहले ही हम शादी के बंधन में बंधे है इस घर के इकलौते बेटे होने के नाते बचपन ऐसी ही सबके लाल प्यार ने इन्हें बिगाड रखा है सुबह ऐसी शाम ये अपने काम आरोप रहते है,34.781
02-13499-02,indicwhisper,gramvaani,telephony,N/A,मोदी सरकार ने आशा कार्यकर्ताओं का भत्ता दो गुना किया प्रधानमंत्री बीमा भी मुफ्त मिलेगा,मोदी सरकार ने आशा कार्यकर्ताओं का भत्ता दोगुना किया प्रधान मंत्री बीमा भी मुफ्त मिलेगा,15.265
01-06401-03,indicwhisper,gramvaani,telephony,N/A,लगभग तीन तीन सौ की आबादी वाले बरवाडीह गाँव ना एक कुआँ ना तालाब है नहाने के लिए यहाँ के लोगो को करीब डेढ़ किलोमीटर की दूरी तय कर,लगभग तीन तीन सौ की आबादी वाले पर्वतीय गाँव न एक गुआ न तालाब हैं नहाने के लिए यहाँ के लोगों को करीब डेढ़ किलोमीटर की दूरी तय कर,25.585
01-02125-02,indicwhisper,gramvaani,telephony,N/A,नमस्कार श्रोता मित्रों मेट्रिक की परीक्षा की शुरुआत शांतिपूर्ण तैतालिस परीक्षार्थी अनुपस्थित रहे मैं जेएम रंगीला कोऑर्डिनेटर बोकारो से झारखण्ड मोबाइल वाणी,नमस्कार श्रोता मित्रों मैं ऐसी की परीक्षा की शुरुआत शांति पूर्ण सैतालीस परीक्षार्थियों अनुपस्थित रहे मैं जी M रजिला कोऑर्डिनेटर बोकारो झारखण्ड मोबाइल वाणी,33.948
01-01990-01,indicwhisper,gramvaani,telephony,N/A,लेकिन वहाँ पर नीचे उतारने का भी अभी तक कोई रास्ता नहीं गया है वहाँ पर बहुत झाड़ झुड़ रहता है इसलिए मैं ग्राम वाणी के द्वारा सरकार से अनुरोध करना चाहता हूँ,लेकिन वहाँ आकर नीचे उतरने का अभी तक कोई रास्ता नहीं गया है वहाँ पे बहुत झाड़ जोड़ रहता है इसीलिए मैं ग्राम वाणी के द्वारा सरकार ऐसी अनुवोद करना चाहता हूँ,32.104
01-07043-02,indicwhisper,gramvaani,telephony,N/A,पुनः एक बार सहायता की की जाए धन्य धन्यवाद,पुनः एक बार सहायता की जाए धन्यवाद,7.654
01-02028-02,indicwhisper,gramvaani,telephony,N/A,उम्मीदवार होगी जिसे आम जन सामाजिक कार्यकर्ता कम और और राजनीती के रूप में अधिक जानेंगे इसमें कोई शक नहीं मैं राधू राय,उमीदवार होगी जिसे आम जन सामाजिक कार्यकर्ता कम और राजनीतिक के रूप में अधिक जानेंगे इसमें कोई शक नहीं चर्च में राधू राय,22.735
01-06650-01,indicwhisper,gramvaani,telephony,N/A,डालडा जो होता है उसमे आलू का मिश्रण मिश्रण हो रहा है तेल भी आज कल दोस्तों कोई खास ऑरिजनल नहीं आ रहा है तो आप और आपके परिवार प्लस आप आपके व्यवहारी,डाइटा जो होता है उसमे आलू का मिश्रण हो रहा है तेल भी आजकल दोस्तों कोई खास ऑर्जिनल नहीं आ रहा है तो आप और आपके परिवार प्लस आपके व्यवहारी,27.242
02-16456-01,indicwhisper,gramvaani,telephony,N/A,है एक वरिष्ट सरकारी अधिकारी ने बताया कि ये योजनायें सरकारी हो सकती हैं पेंशन बीमा और भविष्य निधि के क्षेत्रों में निजी खिलाडियों का संचालन कर सकती है,है एक वरिष्ट सरकारी अधिकारी ने बताया की ये योजनाएं सरकारी हो सकती है पेंशन बीमा और भविष्य निधि के क्षेत्रों में निजी खिलाड़ियों का संचालन कर सकती है,28.947
01-06529-02,indicwhisper,gramvaani,telephony,N/A,मैं ये वन प्रबंधन पदाधिकारी हजारीबाग से ये कहना चाहता हूँ की आप नक्शा पास केंद्र में गड्ढे नाले जहाँ भी हों वहाँ गड्ढा खोद कर के सारे,मैं एवं प्रबंधन पदाधिकारी हजारीबाग ऐसी मैं कहना चाहता हूँ की आप नक्शा पार्क के अन्दर में गड्ढे नाले जहाँ भी हो और गड्ढा खोद करके पारे,27.503
01-10685-03,indicwhisper,gramvaani,telephony,N/A,नया टाइम टेबल लागू किया है रतलाम रेल मंडल पर चलने वाली उनतीस उनतीस गाड़ियों की गति को बढ़ाया गया है है रतलाम मंडल से होकर जाने वाली कुल पैसठ गाड़ियों की,नया टाइम टेबल लागू किया है रतलाम रेल मंडल आरोप चलने वाली उनतीस उनतीस गाडियों की गति को बढ़ाया गया है रतलाम मंडल ऐसी होकर जाने वाली कुल पैंसठ गाडियों के,29.72
01-05003-02,indicwhisper,gramvaani,telephony,N/A,के नेता को कभी अकेले तो कभी संदिग्ध रूप से सत्ता मिला लेकिन जनता की कसौटी पर कोई भी खड़ा नहीं उतर नहीं उतर सका यही सबसे बड़ी चिंता की बात है,के नेता को कभी अकेले तो कभी संयुक्त रूप ऐसी सत्ता मिला लेकिन जनता की कसौटी आरोप कोई भी खड़ा नहीं उतर सका यही सबसे बड़ी चिंता की बात है,27.284
01-00960-03,indicwhisper,gramvaani,telephony,N/A,की जाती है परन्तु कं पुतना ने जब कृष्ण को अपना दुध पिला रहे थे मारने के लिए तब ही भगवान कृष्ण चमत्कार दिखाया की साथ साथ जो है की उनका,की जाती है परन्तु कम उतना नहीं जब किसानों को अपने आपस में दूध पिला रहे थे मारने के लिए तभी भगवान की समस्या दिखाया के साथ साथ जो है की उनका,27.124
02-12750-02,indicwhisper,gramvaani,telephony,N/A,नमस्कार श्रोताओं मैं सुनिधि लेकर आई हूँ बिहार मोबाइल वाणी पर शाम,नमस्कार श्रोताओं मैं सुनिधि लेकर आई हूँ बिहार मोबाइल वाणी आरोप शाम,12.176
01-08134-02,indicwhisper,gramvaani,telephony,N/A,परीक्षा नौ अगस्त को खबर है नई दिल्ली से रेलवे ने सहायक लोको तकनीशियनों की की छबीस हजार पाँच सौ दो नियुक्तियों के लिए परीक्षा की तारीख नौ,नौ अगस्त को खबर है नई डेल्ही ऐसी रेलवे ने सहायक लोगों तकनीशियों की छब्बीस हजार पाँच सौ दो रिक्तियों के लिए परीक्षा की तारीख नौ अगस्त,27.545
01-09492-02,indicwhisper,gramvaani,telephony,N/A,की है रूट लाइन व कतार के,की है रूट लाइन वगैरह कतार के,5.036
01-02482-01,indicwhisper,gramvaani,telephony,N/A,जयनगर अनुमंडल क्षेत्र से सुरेश कुमार गुप्ता जयनगर,जयनगर अनुमंडल ऐसी प्रेम कुमार गुप्ता जयनगर,9.397
02-19405-01,indicwhisper,gramvaani,telephony,N/A,होता ई है कि एस एस जी चूकि महिलाओं का समूह है तो तुम्हारी मेहरारू को,होता ये है की एस एस जी चुकी महिलाओं का समूह है तो तुम्हारी महिलाओं को,11.632
01-06986-01,indicwhisper,gramvaani,telephony,N/A,सब्जियों की दुकाने फलों फलों के ठेले और तरह तरह के ठेलों की यातायात को बाध्य कई जगहों पर सड़क किनारे लोगों ने घर बना लिया हैं उनके लिए सड़क ही आंगन बन जाता हैं,सब्जियों की दुकाने फलों के खेले और तरह तरह के पहलों की यातायात को बाधित कई जगहों पर सड़क किनारे लोगों ने घर बना लिया है उनके लिए सड़क ही आंगन बन जाता है,29.577
01-01715-03,indicwhisper,gramvaani,telephony,N/A,ये सुनना मैं बहुत पसंद करता हूँ मेरी जीवन में बदलाव की श्रण आती रहती है इसी के साथ में ये सन्देश देना चाहता हूँ बिहार मोबाइल वाणी के साथ,ये सुनना मैं बहुत पसंद करता हूँ मेरे जीवन में बदलाव आती रहती है इसी के साथ मैं ये सन्देश देना चाहता हूँ बिहार मोबाइल वाणी के साथ,26.588
01-09945-03,indicwhisper,gramvaani,telephony,N/A,अगर आपके आस पास या आपका क्षेत्रों में भी कुछ ऐसी ही खबरें हैं हैं जो ज़रा हटके हैं हैं तो हमें ज़रूर बताएं अपने मोबाइल में नंबर तीन दबा कर कर और साथ ही इसका,अगर आपके आस पास या आपके क्षेत्रो में भी कुछ ऐसी ही खबरें है जो जरा हटके है तो हमें जरुर बताए अपने मोबाइल में नंबर तीन दबाकर और साथ ही इसका,28.052
01-05555-02,indicwhisper,gramvaani,telephony,N/A,किसानों को यह जानकारी किसान पाठशाला लगाकर उपलब्ध कराई जाए की जानकारी प्रखंड पीसी ने बताया की ये कार्यक्रम  में चलाया जायेगा जिसके लिए चयन की प्रक्रि प्रक्रिया अंतिम चरण उन्होंने बताया की चयनित,किसानों को यह जानकारी किसान पाठशाला लगाकर उपलब्ध कराई जाएगी इसकी जानकारी प्रखंड कृषि ने बताया की यह कार्यक्रम बैठकों में चलाया जाएगा इसके लिए चयन की प्रक्रिया अंतिम चरम उन्होंने बताया की चयनित,43.94
02-15827-01,indicwhisper,gramvaani,telephony,N/A,सहकारी मुखिया सिकंदर  दिवाकर महतो उमेश कुमार चौबे चौबे मिथिलेश महाराज विनीत जैसवाल सोहेल अंसारी ने,मुखिया सिकंदर का पददा दिवाकर महतो उमेश कुमार चौबे मोबाइल मीडिया महाराज विनीत जयसवाल सोहैल अंसारी ने,19.268
01-11055-03,indicwhisper,gramvaani,telephony,N/A,कि कोई भी परेशानी होने पर आम लोग उनसे सीधा संपर्क कर सकते हैं एवं उनका हर मदद किया जाएगा इस कार्यक्रम को लेकर वहाँ उपस्थित लोगों के बीच,की कोई भी परेशानी होने आरोप आम लोग उनसे सीधा संपर्क कर सकते है एवं उनका हर मदद किया जायेगा इस कार्यक्रम को लेकर वहाँ उपस्थित लोगो के बीच,26.643
01-10891-03,indicwhisper,gramvaani,telephony,N/A,सरकारी विमान कंपनी एयर इंडिया के पायलटों के  अपने उड़ान भत्तों के बकायें का तत्काल भुगतान नहीं होने पर परिचालन पायलटों का कहना है कि अन्य कर्मचारियों के वेतन और भत्तों का देर से ही सही लेकिन पूरा भुगतान हो रहा हैं,सरकारी विमानन कंपनी एयर इंडिया के पायलटों के एक ने अपने उड़ान भत्तों के बकाया का तत्काल भुगतान नहीं होने आरोप परिचालन पायलटों का कहना है की अन्य कर्मचारियों के वेतन और भत्तों का देर से ही सही लेकिन पूरा भुगतान हो रहा है,46.891
02-18071-01,indicwhisper,gramvaani,telephony,N/A,हम लोगों को वेतन नहीं दिया जा रहा हैं इधर जिस आवास में हम लोग रहते हैं उस उसके मालिक को भी कंपनी की और से से ताला बंद करने का फरमान दिया गया है,ऐसी हम लोगों को वेतन नहीं दिया जा रहा है इधर जिस आवास में हम लोग रहते है उसके मालिक को भी कंपनी की ओर ऐसी ताला बंद करने का फरमान दिया गया है,25.335
02-17099-01,indicwhisper,gramvaani,telephony,N/A,मै रजनी कुमार सिंह जमुई से सोमवार को जिला परिषद की सामान्य बैठक अध्यक्ष व उपाध्यक्ष की,मैं रजनी कुमार सिंह जमुई ऐसी सोमवार को जिला परिषद की सामान्य बैठक अध्यक्ष वगैरह उपाध्यक्ष की,17.358
01-06730-01,indicwhisper,gramvaani,telephony,N/A,है काफी प्रदूषण को लेकर आम लोगों को भी को भी जागरूक होने जरुरत है अन्यथा एक ऐसा समय आएगा जब प्रदूषण के दूषण के कारण जीवन  धन्यवाद,साथ ही प्रदूषण को लेकर आम लोगों को भी जागरूक होना जरुरत है यह न था एक ऐसा समय आयेगा जब प्रदूषण के कारण जीवन का धन्यवाद,26.409
01-10262-03,indicwhisper,gramvaani,telephony,N/A,उद्देश्य है तभी तो इसमें सरकारी खर्च कल्याणकारी योजनाओं का चयन उनकी योजना का निष्पादन के तरीके और अनुवर्ती तरीके की लिए बहुत सारी विधियाँ होंगी,उद्देश्य है तभी तो इसमें सरकारी खर्च कल्याणकारी योजनाओं का चयन उनकी योजना का निष्पादन के तरीके और अनुवर्ती तरीके के लिए बहुत सारी विधियाँ होंगी,30.935
01-03753-01,indicwhisper,gramvaani,telephony,N/A,ग्राम पंचायत द्वारा प पानी की कोई सुविधा नहीं की जा रही है है यदि दि ग्राम पंचायत त द्वारा प पानी की कुछ की गयी है है तो,ग्राम पंचायत द्वारा पानी की कोई सुविधा नहीं की जा रही है यदि ग्राम पंचायत द्वारा पानी की कुछ की गयी है तो,20.524
01-01568-03,indicwhisper,gramvaani,telephony,N/A,और गुप्त रूप से छापामारी कर कार्रवाई करने का मापदंड अपनाने चाहिए मैं तेजनरायण ब्रह्मर्षि शान्ति प्रेरक की ओर से बिहार मोबाइल वाणी के लिए मधुबनी से से धन्यवाद,और गुप्त रूप ऐसी छापामारी कर राजवाई करने का मापदंड अपनाने चाहिए मैं तेज नरेंद्र महतो शांति की ओर ऐसी बिहार मोबाइल वाणी के लिए मधुबनी ऐसी धन्यवाद,31.56
01-00990-03,indicwhisper,gramvaani,telephony,N/A,दो महिना बीत जाने के बाद भी पोषाहार जो आंगनबाड़ी केन्द्रों धातृ माता बच्चों को दिया जाना है वो नहीं दी गई मैं झारखण्ड मोबाइल वाणी के माध्यम से,दो महिना बीत जाने के बाद भी आंगनबाड़ी केंद्रों में झारखण्ड मोबाइल वाणी के माध्यम ऐसी,25.127
01-11618-03,indicwhisper,gramvaani,telephony,N/A,इस मौके पर कम्युनिटी के सदस्य अद्या अमित कुमार भगत संपन गुप्ता सचिन नवीन बर्णवाल महासचिव सजन गुप्ता कोषाध्यक्ष मुन्ना केसरी प्रवीण मिश्रा राजेश मिश्रा भूपेश सिन्हा,इस मौके आरोप कपड़ती के सदस्य अजय अमित कुमार भगत पम्पम गुप्ता सचिन नवीन बंडवाल महासचिन रजन गुप्ता कोसा अध्यक्ष मुन्ना केसरी प्रदीप मिश्र राजेश मिश्रा भूपेश सिन्हा,37.422
01-04428-03,indicwhisper,gramvaani,telephony,N/A,सात प्रखंड कार्यालय में आधार कार्ड बनाने के लिए आयोजित तीन दिवसीय शिविर आज गुरुवार को समापन हो गया तीसरे और अंतिम दिन आधार कार्ड बनाने के लिए लोगो की काफी काफी भीड़ उमड़ पड़ी थी,राहत प्रखंड कार्यालय में आधार कार्ड बनाने के लिए आयोजित तीन दिवसीय शिविर आज गुरुवार को समापन हो गया तीसरे रन चीन दिन आधार कार्ड बनाने के लिए लोगो की काफी भीड़ उमड़ पड़ी थी,39.277
02-13646-02,indicwhisper,gramvaani,telephony,N/A,नमस्कार दोस्तों गिद्धौर मोबाइल वाणी से मैं संजीवन कुमार सिंह सुहागिन महिलाओं ने पति के दीर्घआयु के लिए आज रखा है निर्जला उपवास पति के दीर्घ आयु के लिए सुहागिन महिलाओं ने,नमस्कार दोस्तों विश्व मोबाइल वाणी ऐसी मई संजीवन कुमार सिंह सुहागिन महिलाओं ने पाती के दीर्घायु के लिए आय रखा है निर्जला हुआ पाती के दीर्घायु के लिए सुहागिन महिलाओं ने,36.262
01-05501-03,indicwhisper,gramvaani,telephony,N/A,देख छप्पन इंच का सीना आतंकवादियों को आया पसीना कह रहा है हिन्दू हिंदुस्तान सुधर जाओ रे पाकिस्तान,देश छप्पन इंच का सेना आतंकवादियों को आयात देना कर रहा है हिंदुस्तान सुधर जा रहे पाकिस्तान,16.813
01-01738-02,indicwhisper,gramvaani,telephony,N/A,भ्रष्टाचार शिष्टाचार बन गया है सभी जगह घूसखोरी निगरानी द्वारा उसी को पकड़ा जा रहा है जिस पर कोई पब्लिक पड़ गए हो और उसे पकड़वाया हो,भ्रष्टाचार शिष्टाचार बन गया है सभी जगह बुस्कोरी निगरानी द्वारा उसी को पकड़ा जा रहा है जिस आरोप कोई पब्लिक पड़ गए हो और उसे पकड़वाया हो,28.545
02-16847-01,indicwhisper,gramvaani,telephony,N/A,हाथुडीह को मिलेगा जल संकट से निजात चलेगा तालाब जोड़ो अभियान खबर है महुदा से अगर सब कुछ योजनाबद्ध तरीके से हुआ तो तो शीघ्र ही हाथुडीह पंचायत के लोगों,हाथो डी को मिलेगा जल संकट ऐसी निजात चलेगा तालाब जोड़ो अभियान खबर है महुदा ऐसी अगर सब कुछ योजनाबद्ध तरीके ऐसी हुआ तो शीघ्र ही हाथो डी पंचायत के लोगो,32.835
13-00315-05,indicwhisper,gramvaani,telephony,N/A,विधायक सांसद जाना तय होगा,विधायक सांसद रहना तय होगा,5.478
02-17346-01,indicwhisper,gramvaani,telephony,N/A,के अध्यक्षता में संपन्न मंत्री परिषद की बैठक के बैठक के बाद पत्रकारों को सम्बोधित करते हुए मंत्रिमंडल सचिवालय विभाग के प्रधान सचिव,की अधिकता में सम्पन्न मंत्री परिषद की बैठक के बाद पत्रकारों को सम्बोधित करते हुए मंत्रिमंडल सचिवालय विभाग के प्रधान सचिव,23.102
01-02106-02,indicwhisper,gramvaani,telephony,N/A,और वे लोग भी अपनी मर्जी से तो एक दू महीना सब्जी बेचतें फिर अपने घर के पालन पोषण के लिए दूसरी जगह मजदूरी के लिए पलायन करते हैं,और वही लोग भी बेमर्जी के हिस्सा एक दो महिना सब्जी देते है फिर अपने घर के पालन कोशिश के लिए दूसरी जगह मजदूरी के लिए काम करते है,24.777
02-21859-01,indicwhisper,gramvaani,telephony,N/A,तब तक आप सुनते रहिये हँसी की डोली कार्यक्रम आपके अपने मोबाइल वाणी पर अगर आपको हमारी खट्टी मीठी बातें दोस्तों और परिवार वालो को भी सुनाये,तब तक आप सुनते रहिये हँसी की टोली कार्यक्रम आपके अपने मोबाइल वाणी आरोप और जी अगर आपको हमारी खच्चे मीठे बातें दोस्तों और परिवार वालों को भी सुनाए,31.545
02-22739-01,indicwhisper,gramvaani,telephony,N/A,गुड़िया के लिए शायद वो आगे जानेंगे की माजी के बातों का का हमारे पति पर कितना असर पड़ता है हमारे पति हमारा साथ देंगे तब तक के लिए आप हमें बताइये,गुडिया के लिए शायद वो आगे जानेंगे की माँ जी की बातों का हमारे पाती आरोप कितना असर पड़ता है हमारे पाती हमारा साथ देंगे तब तक के लिए आप हमें बताए,28.599
01-08047-01,indicwhisper,gramvaani,telephony,N/A,अधिकार की जानकारी दे तथा महिलाएं किसी भी अधिकार पर बहुत कम ही महिलायें भागीदारी ले पाती है क्योकि पंचायत की अधिकतर महिलाएं अशिक्षित होती,अधिकार की जानकारी दे तथा महिलाएं किसी भी अधिकार आरोप बहुत कम की महिलाएं भागीदारी ले पाती है क्यूँकी पंचायत के अधिकतर महिलाएं,27.022
01-11183-02,indicwhisper,gramvaani,telephony,N/A,है जो जोकि चौथी पारी में असंभव बताया जा रहा है इंग्लैंड ने दिन का खेल ख़त्म होने तक बिना किसी नुकसान के तेईस रन बना लिए हैं,है जो की चौथी पारी में असंभव बताया जा रहा है इंग्लैंड ने दिन का खेल खत्म होने तक बिना किसी नुकसान के तेईस रन बना लिए है,22.92
02-16015-01,indicwhisper,gramvaani,telephony,N/A,की मदद से अफ़ग़ानिस्तान ने लचर शुरुआत से उबरकर बांग्लादेश के खिलाफ एशियाई कप,की मदद ऐसी अफगानिस्तान ने लचर शुरुआत ऐसी उबर कर बंग्लादेश के खिलाफ एशियाई कप,15.927
01-06755-01,indicwhisper,gramvaani,telephony,N/A,मैं राधु राय धनबाद मोबाइल मीडिया महुदा झारखंड से लव कुश योजना अधर में लटका चिलचिलाती धुप गर्म हवा गर्मी छियालीस डिग्री पर आम जन प्यासे और पशु पक्षी प्यास के मारे बेहाल पानी की खोज में दूर दूर तक भटक रहे,मैं राधू राय धनबाद मोबाइल मीडिया महुदा झारखण्ड जिला पुरुष की योजना आधार में लटका इस जिला के दूध गर्म हवा गर्मी चालीस डिग्री पर आम जन प्याज और पशु पक्षी की प्याज के मारे बिहार पानी की तोह में लोग दूर दूर तक भटक रहे,54.851
01-03176-02,indicwhisper,gramvaani,telephony,N/A,जाने वाले रोड का पक्कीकरण व सौन्दर्यकरण किया जाएगा मौके पर आदिवासी विकास मंच के प्रवक्ता उमित सोरेन,जाने वाले रोड का पक्कीकरण और सौंदर्यीकरण किया जाएगा मौके आरोप आदिवासी विकास मंच के प्रवक्ता उमेश सोरेन,20.063
01-06865-02,indicwhisper,gramvaani,telephony,N/A,बजे तो सुनना न भूलें लें जनता की रिपोर्ट हर शाम पाँच बजे बजे आपके मोबाइल वाणी पर ध धन्यवाद,तो सुनना न भूलें जनता की रिपोर्ट हर शाम पांच बजे आपके मोबाइल वाणी आरोप धन्यवाद,16.897
01-06596-02,indicwhisper,gramvaani,telephony,N/A,किसानो को बोनस नहीं दी दी इस तरह बिहार के किसानो किसानो की आर्थिक स्थिति स्थिति अन्य राज्यों की तुलना में काफी दयनीय है इसके लिए यह सरकार काफी जिम्मेवार है धन्यवाद,किसानों को बोनस नहीं दी इस तरह बिहार के किसानों की आर्थिक स्थिति अन्य राज्यों की तुलना में काफी दयनीय है इसके लिए सरकार काफी जिम्मेदार है,27.541
01-04132-03,indicwhisper,gramvaani,telephony,N/A,वन डब ऐट डबल जीरो द्वारा सोलह मार्च दो हजार सोलह को अनुसूचित जाती का प्रमाणपत्र हासिल कर चुनाव में आरक्षण का फायदा ले लिया श्री,वन डबल जीरो द्वारा सोलह मार्च दो हजार सोलह को अनुसूचित जाती का प्रमाण पत्र हासिल कर चुनाव में आरक्षण का फायदा ले लिया श्री,25.291
01-11742-01,indicwhisper,gramvaani,telephony,N/A,कर्मचारी राज्य बीमा योजना ना तथा एन पी एस के पास नए सदस्यों के नामांकन पर आधारित हैं हैं रिपोर्ट के अनुसार सितम्बर दो हज़ार सतरह से,कर्मचारी राज्य विमान योजना तथा एन पी जी एस के पास नए सदस्यों के नामांकन आरोप आधारित है रिपोर्ट के अनुसार सितम्बर दो हजार सत्रह ऐसी,25.883
01-05071-03,indicwhisper,gramvaani,telephony,N/A,एक ऐसा कुछ अधिकर्मियों की गलती मान लो चाहे कुछ किसानों की गलती मान लो तो जरूरी नहीं है कि पूरे मध्य प्रदेश में हमारे सभी किसानों ने बीमा,की ऐसा कुछ अधिकारियों की गलती मान लो चाहे कुछ किसानों की गलती मान लो तो ज़रूरी नहीं है की पुरे मध्य प्रदेश में हमारे सभी किसानों ने बीमा,25.44
13-00272-06,indicwhisper,gramvaani,telephony,N/A,में की बोली गयी है कि बारह बजे दिन से से दो बजे तक ही ताजिया,अपील में की बोली गयी है की बारह बजे दिन ऐसी दो बजे तक,10.428
01-12107-01,indicwhisper,gramvaani,telephony,N/A,ने छात्र को को इस आधार पर अनुमति दी है कि उसने दो हज़ार अठारह रा राष्ट्रीय पात्रता एवं प्रवेश परीक्षा क्षा असक्षम लोगों के वर्ग में पास की है,छात्र को इस आधार आरोप अनुमति दी है की उसने दो हजार अठारह राष्ट्रीय पात्रता एवं प्रवेश परीक्षा असक्षम लोगो के वर्ग में पास की है,26.874
01-11453-01,indicwhisper,gramvaani,telephony,N/A,रेलवे में गेट मैन के लिए एक हज़ार चार सौ उनासी पदों के लिए करें अप्लाई ख़बर है पटना से पूर्व मध्य रेल ने एक हज़ार चार सौ उनासी पदों के लिए,रेलवे में गेट मैन के लिए एक हजार चार सौ उनासी पदों के लिए करें अप्लाई खबर है पटना ऐसी पूर्व मध्य रेल ने एक हजार चार सौ उनासी पदों के लिए,27.483
01-01599-03,indicwhisper,gramvaani,telephony,N/A,की बहुत सी तरह की बीमारियाँ जो उत्प्न्न होती हैं जो की किसान भाई लोग काफ़ी दुःख छूटे हुए हैं और ऐसे ही मतलब बहुत सारे किसान हैं लेकिन फिर भी ये उर्वरक हमेशा डालतें हैं और आज तक हमारी झारखण्ड सरकार हैं की कुछ,की बहुत ही तरह की बीमारियाँ तो उत्पन होती है जो की किसान भाई लोग काफी डूब चुके हुए है और ऐसे ही मतलब बहुत सरे किसान है लेकिन फिर भी ये उर्वरत हमेशा डालते है और आज तक हमारी झारखण्ड सरकार ऐसी कुछ,42.591
01-10772-03,indicwhisper,gramvaani,telephony,N/A,योजना लागू किए जाने पर आम लोगों ने सरकार व ज़िला प्रसाशन को बधाई भी दी और अब समाचार खेल से,लागू किए जाने आरोप आम लोगो ने सरकार वगैरह जिला प्रशासन को बधाई भी दी और अब समाचार खेल ऐसी,18.304
