file,model,source,condition,locality,reference,hypothesis,normalized_ref,normalized_hyp,latency_s,wer,cer,entity_hit
koramangala-quiet,deepgram,self,quiet,Koramangala,haan bhai main koramangala mein rehta hoon kab aana hai,हां भाई main कोरमंगला में रहता हूं क्या बहाना है,haan bhai main koramangala mein rehta hoon kab aana hai,ham bhai main koramamgala mem rahata hum kya bahana hai,1.323,0.7,0.2545454545454545,1.0
indranagar-quet,deepgram,self,quiet,Indiranagar,mera ghar indiranagar mein hai 100 feet road ke paas,मेरे घर इन्द्रनगर में इन्हें hundred feet road के पास,mera ghar indiranagar mein hai 100 feet road ke paas,mere ghara indranagara mem inhem hundred feet road ke pasa,1.805,0.7,0.3269230769230769,1.0
whitefield-quiet,deepgram,self,quiet,Whitefield,office whitefield mein hai roz ghanta bhar jaata hoon,office whitefield main है रोज़ घंटा बाहर जाता हूं,office whitefield mein hai roz ghanta bhar jaata hoon,office whitefield main hai roza ghamta bahara jata hum,0.48,0.6666666666666666,0.16981132075471697,1.0
electroniccity-quite,deepgram,self,quiet,Electronic City,haan electronic city phase one mein kaam karta hoon,हां हां इलेक्ट्रॉनिक city phase one main काम करता हूं,haan electronic city phase one mein kaam karta hoon,ham ham ilektraॉnika city phase one main kama karata hum,0.435,0.7777777777777778,0.3333333333333333,1.0
Marathahalli-quiet,deepgram,self,quiet,Marathahalli,main marathahalli mein rehta hoon bridge ke paas wala area,मैं मारता हूं ब्रिज के पास वाला area है,main marathahalli mein rehta hoon bridge ke paas wala area,maim marata hum brija ke pasa vala area hai,1.152,0.9,0.5344827586206896,0.0
Jayanagar-noisy,deepgram,self,noisy,Jayanagar,jayanagar mein flat dhundh raha hoon koi option hai kya,जय नगर मैं एक flat ढूंढ रहा हूं कोई option है क्या,jayanagar mein flat dhundh raha hoon koi option hai kya,jaya nagara maim eka flat dhumdha raha hum koi option hai kya,0.403,0.6,0.23636363636363636,1.0
Rajajinagar-noisy,deepgram,self,noisy,Rajajinagar,bhai rajajinagar se majestic kitna time lagta hai,भाई राजा जी नगर से megastic कितना time लगाता है,bhai rajajinagar se majestic kitna time lagta hai,bhai raja ji nagara se megastic kitana time lagata hai,0.592,0.75,0.16326530612244897,1.0
Hebbal-noisy,deepgram,self,noisy,Hebbal,main hebbal flyover ke paas hoon abhi traffic mein hoon,मैं cheaple flyover के पास हूं ना भी traffic में हूं,main hebbal flyover ke paas hoon abhi traffic mein hoon,maim cheaple flyover ke pasa hum na bhi traffic mem hum,0.356,0.8,0.32727272727272727,0.0
yelahanka-noisy,deepgram,self,noisy,Yelahanka,yelahanka new town mein ek room chahiye budget kam hai,ऐलान का new town main ये room चाहिए budget कम है,yelahanka new town mein ek room chahiye budget kam hai,ailana ka new town main ye room chahie budget kama hai,1.802,0.6,0.16666666666666666,0.0
banashankari-noisy,deepgram,self,noisy,Banashankari,banashankari mein rehti hoon temple ke paas wala area,बनासांगड़ी में रहते होन टेंपो के पास वाला area,banashankari mein rehti hoon temple ke paas wala area,banasamga di mem rahate hona tempo ke pasa vala area,0.513,0.8888888888888888,0.32075471698113206,0.0
hsrlayout-rushed,deepgram,self,rushed,HSR Layout,hsr layout second sector mein hoon jaldi batao,अरे अरे अरे अरे अच्छा sir ले और second sector में हो जल्दी जल्दी बैठो,hsr layout second sector mein hoon jaldi batao,are are are are achcha sir le aura second sector mem ho jaldi jaldi baitho,0.383,1.5,0.8260869565217391,0.0
btmlayout-rushed,deepgram,self,rushed,BTM Layout,btm layout se silk board kitna door hai bhai jaldi,video में और यह सिर्फ board कितना डोर है भाई जल्दी,btm layout se silk board kitna door hai bhai jaldi,video mem aura yaha sirpha board kitana dora hai bhai jaldi,0.696,0.7,0.46,0.0
majestic-rushed,deepgram,self,rushed,Majestic,majestic bus stand pe hoon bus nikal jaayegi,दूसरी bus stand पर हो हम bus निकल जाएगी,majestic bus stand pe hoon bus nikal jaayegi,dusari bus stand para ho hama bus nikala jaegi,1.716,0.75,0.4090909090909091,0.0
silkboard-rushed,deepgram,self,rushed,Silk Board,silk board junction pe jam hai late ho raha hoon,सिल्क road जंक्शन भी जाम है लेट हो रहा ना हो,silk board junction pe jam hai late ho raha hoon,silka road jamkshana bhi jama hai leta ho raha na ho,7.532,0.8,0.4375,1.0
bellandur-rushed,deepgram,self,rushed,Bellandur,bellandur mein hoon cab book karo jaldi please,bellender main ho on cab book kar ho जल्दी please please please please,bellandur mein hoon cab book karo jaldi please,bellender main ho on cab book kar ho jaldi please please please please,3.889,1.125,0.5869565217391305,0.0
sarjapur-whisper,deepgram,self,whisper,Sarjapur,sarjapur road pe ek pg dhundh raha hoon affordable chahiye,sir जयपुर road पर यह page और धूम रहा हूं affordable चाहिए,sarjapur road pe ek pg dhundh raha hoon affordable chahiye,sir jayapura road para yaha page aura dhuma raha hum affordable chahie,1.114,0.9,0.4482758620689655,0.0
bommanahalli-whisper,deepgram,self,whisper,Bommanahalli,bommanahalli mein rehta hoon kaam ke liye apply karna tha,हमारे में रहता हूं काम के लिए अप्रे करना था,bommanahalli mein rehta hoon kaam ke liye apply karna tha,hamare mem rahata hum kama ke lie apre karana tha,0.353,0.8,0.42105263157894735,0.0
krpuram-whisper,deepgram,self,whisper,KR Puram,kr puram station ke paas hoon koi job hai kya paas mein,kb g b gm station के पास हूँ कोई जवाब है क्या पास में,kr puram station ke paas hoon koi job hai kya paas mein,kb g b gm station ke pasa hu n koi javaba hai kya pasa mem,1.526,0.8333333333333334,0.32727272727272727,0.0
peenya-whisper,deepgram,self,whisper,Peenya,peenya industrial area mein supervisor ka kaam chahiye,बेनियाई testल area में एक supervisor का काम चाहिए,peenya industrial area mein supervisor ka kaam chahiye,beniyai testla area mem eka supervisor ka kama chahie,1.432,0.75,0.3333333333333333,0.0
yeshwanthpur-whisper,deepgram,self,whisper,Yeshwanthpur,yeshwanthpur se koi factory job milegi kya experience hai,यह श्रुतिपुर से कोई factory job मिलेंगे क्या experience है,yeshwanthpur se koi factory job milegi kya experience hai,yaha shrutipura se koi factory job milemge kya experience hai,0.737,0.3333333333333333,0.19298245614035087,0.0
01-04397-02,deepgram,gramvaani,telephony,N/A,बेईमानी और भ्रस्टाचारी की वजह से जनप्रतिनिधि अधिकारी व बिचौलिए माला माल हो रहे हैं,बेईमानी और भ्रष्टाचारी की वजह से जन प्रतिनिधि अधिकारी व हो रहा,beimani aura bhrastachari ki vajaha se janapratinidhi adhikari va bichaulie mala mala ho rahe haim,beimani aura bhrashtachari ki vajaha se jana pratinidhi adhikari va ho raha,0.534,0.5333333333333333,0.2755102040816326,
01-01025-03,deepgram,gramvaani,telephony,N/A,कि बच्चे लेने वालों की संख्या अब समय आ गया है इन बच्चों का जिम्मा सरकार ले और गर्भपात पर रोक लगा दे कौन जनता है,कि बच्चे लेने वालों की संख्या अब समय आ गया है तीन बच्चों का ज़िम्मा सरकार ने और गर्भपात पर रोक लगा देते हैं कौन जानता है,ki bachche lene valom ki samkhya aba samaya a gaya hai ina bachchom ka jimma sarakara le aura garbhapata para roka laga de kauna janata hai,ki bachche lene valom ki samkhya aba samaya a gaya hai tina bachchom ka zimma sarakara ne aura garbhapata para roka laga dete haim kauna janata hai,0.933,0.19230769230769232,0.07194244604316546,
01-09868-01,deepgram,gramvaani,telephony,N/A,नमस्कार आदाब श्रोताओं मैं श्वेता बिहार मोबाइल वाणी पर पेश करती हूँ शाम की सुर्खियाँ मानसून की बारिश से पानी,नमस्कार आदाब श्वेता मैं श्वेता बिहार mobile वाणी पर पेश करती हूं शाम की सुर्खियां मानसून की बारिश से पानी,namaskara adaba shrotaom maim shveta bihara mobaila vani para pesha karati hu n shama ki surkhiya n manasuna ki barisha se pani,namaskara adaba shveta maim shveta bihara mobile vani para pesha karati hum shama ki surkhiyam manasuna ki barisha se pani,1.33,0.2727272727272727,0.07874015748031496,
01-08600-03,deepgram,gramvaani,telephony,N/A,लगाने का विकल्प मिल सकता है श्रम मंत्रालय निवेश पर मौजूदा कैप को हटाने के लिए नीति बना रहा है ऐसा होने पर पीएफ खाता धारकों को ज्यादा रिटर्न पाने का मौका मिल सकता है,लगाने का विकल्प मिल सकता है श्रम मंत्रालय निवेश पर मौजूदा कैप को हटाने के लिए नीति बना रहा है ऐसा होने पर pf धारकों को ज़्यादा रिटर्न पाने का मौका मिल सकता है,lagane ka vikalpa mila sakata hai shrama mamtralaya nivesha para maujuda kaipa ko hatane ke lie niti bana raha hai aisa hone para piepha khata dharakom ko jyada ritarna pane ka mauka mila sakata hai,lagane ka vikalpa mila sakata hai shrama mamtralaya nivesha para maujuda kaipa ko hatane ke lie niti bana raha hai aisa hone para pf dharakom ko zyada ritarna pane ka mauka mila sakata hai,0.848,0.08571428571428572,0.06060606060606061,
01-07995-03,deepgram,gramvaani,telephony,N/A,मदिरा नशा जैसी सामाजिक बुराई ने आज हमारे समाज एंव राष्ट्र को एक बड़ी शराब ना केवल लाखों हँसते खेलते परिवारों को रोने पर मजबूर कर दिया,,madira nasha jaisi samajika burai ne aja hamare samaja emva rashtra ko eka ba di sharaba na kevala lakhom ha nsate khelate parivarom ko rone para majabura kara diya,,0.923,1.0,1.0,
01-05263-01,deepgram,gramvaani,telephony,N/A,में रहता है आजकल तो लड़की वाले दहेज़ के अलावा लड़की के लड़की के लिए दस से बीस हज़ार,में रहता है आजकल तो लड़के वाले दलित सालाबाद लड़की के लड़की के लिए दस से बीस बार,mem rahata hai ajakala to la daki vale daheza ke alava la daki ke la daki ke lie dasa se bisa hazara,mem rahata hai ajakala to la dake vale dalita salabada la daki ke la daki ke lie dasa se bisa bara,0.448,0.22727272727272727,0.12,
01-03411-01,deepgram,gramvaani,telephony,N/A,राजू तिवारी आलोक कुमार के अलावे कई लोग उपस्थित थे इसी के साथ मैं शिवनारायण रिपोर्टर बोकारो मोबाइल मीडिया जरीडीह बोकारो से,राजू तिवारी आलोक कुमार के अलावा कई लोग उपस्थित थे इसी के साथ मैं शिव नारायण reporter बोकारो mobile media,raju tivari aloka kumara ke alave kai loga upasthita the isi ke satha maim shivanarayana riportara bokaro mobaila midiya jaridiha bokaro se,raju tivari aloka kumara ke alava kai loga upasthita the isi ke satha maim shiva narayana reporter bokaro mobile media,0.534,0.4090909090909091,0.2014388489208633,
02-16304-01,deepgram,gramvaani,telephony,N/A,आज देखा जा रहा है की हमारे धान के खेत धान मरने की स्थिति में हो गए थी थी आज इस नए झारखण्ड में हमारी बारिश होने का,आज देखा जा रहा है कि हमारे धान के खेत धान मरने की स्थिति में हो गई थी ही आज एक मई झारखंड में हमारी बारिश होनी था,aja dekha ja raha hai ki hamare dhana ke kheta dhana marane ki sthiti mem ho gae thi thi aja isa nae jharakhanda mem hamari barisha hone ka,aja dekha ja raha hai ki hamare dhana ke kheta dhana marane ki sthiti mem ho gai thi hi aja eka mai jharakhamda mem hamari barisha honi tha,0.409,0.25,0.07194244604316546,
01-00703-03,deepgram,gramvaani,telephony,N/A,गठित की है और जाँच चल रही है बावजूद की कोयला का अवैध उत्खनन एवं तस्करी बद्कसूर जारी है सीसीएल ढोरी प्रक्षेत्र के तारणी परियोजना स्थित,की है और जांच चल रही है बावजूद जी कोयला काग़ज़ उठाना है वह तस्करी बद्रीनाथ suit जारी है,gathita ki hai aura ja ncha chala rahi hai bavajuda ki koyala ka avaidha utkhanana evam taskari badkasura jari hai sisiela dhori prakshetra ke tarani pariyojana sthita,ki hai aura jamcha chala rahi hai bavajuda ji koyala kagaza uthana hai vaha taskari badrinatha suit jari hai,0.461,0.6296296296296297,0.46107784431137727,
01-00666-01,deepgram,gramvaani,telephony,N/A,प्रतिभागियों को दिया मौके पर दर्जनों सदस्यों ने भाग लिया एवं प्रति पर अपने विचार लिखित रूप से जमा किया मैं राधू राय महुदा धनबाद से,एक सौ सैंतालीस को दिया मौके पर दर्जनों स्वदेश ने भाग लिया पर अपने विचार लिखित रूप से जमा किया sir मेरा अधूरा है मुरादाबाद से धन्यवाद हां,pratibhagiyom ko diya mauke para darjanom sadasyom ne bhaga liya evam prati para apane vichara likhita rupa se jama kiya maim radhu raya mahuda dhanabada se,eka sau saimtalisa ko diya mauke para darjanom svadesha ne bhaga liya para apane vichara likhita rupa se jama kiya sir mera adhura hai muradabada se dhanyavada ham,0.489,0.5,0.358974358974359,
01-01992-01,deepgram,gramvaani,telephony,N/A,करोड़ों रुपया में मिला हुआ है वैसे भी किसी बच्ची के नाम पर दस हजार बीस हजार पच्चीस हजार तीस हजार रुपया तक बाकया हो जाता है,करोड़ रुपया भी क्या हुआ जैसे कि किसी व्यक्ति के नाम पर दस हज़ार बीस हज़ार चालीस हज़ार तीस हज़ार रुपया तक हो जाता है,karo dom rupaya mem mila hua hai vaise bhi kisi bachchi ke nama para dasa hajara bisa hajara pachchisa hajara tisa hajara rupaya taka bakaya ho jata hai,karo da rupaya bhi kya hua jaise ki kisi vyakti ke nama para dasa hazara bisa hazara chalisa hazara tisa hazara rupaya taka ho jata hai,0.439,0.4642857142857143,0.23684210526315788,
01-04281-03,deepgram,gramvaani,telephony,N/A,कोई विश्वासनीय खाका है जिसको आप जानते हैं हैं बिहार मोबाइल वाणी के लिए खजौली मधुबनी से रामाशीष सिंह धन्यवाद,कोई दिक़्क़त यह है खाता है जिसको आप जानते हैं बिहार mobile वाणी के लिए खदौली मजौनी श्री रामाती सिंह,koi vishvasaniya khaka hai jisako apa janate haim haim bihara mobaila vani ke lie khajauli madhubani se ramashisha simha dhanyavada,koi diqqata yaha hai khata hai jisako apa janate haim bihara mobile vani ke lie khadauli majauni shri ramati simha,4.306,0.55,0.33587786259541985,
01-04493-02,deepgram,gramvaani,telephony,N/A,नमस्कार मधुबनी मोबाइल वाणी के लिए मैं मधवापुर साहरघाट से राजकिशोर यादव मधवापुर प्रखंड के बलवा गाँव में ग्यारह हजार तार पुपरी की ओर जाने वाली सड़क पर आज सुबह गिर गया है ग्यारह हजार तार गिर जाने से,नमस्कार medibuddy mobile वाले के लिए मलवापुर सागर से rocket हो जाएगा मलवापुर प्रखंड के गांव में ग्यारह हज़ार चार ऊपरी करोड़ जाने वाली तरफ़ पर आज सुबह गिर गया है ग्यारह हज़ार आगे जाने से,namaskara madhubani mobaila vani ke lie maim madhavapura saharaghata se rajakishora yadava madhavapura prakhamda ke balava ga nva mem gyaraha hajara tara pupari ki ora jane vali sa daka para aja subaha gira gaya hai gyaraha hajara tara gira jane se,namaskara medibuddy mobile vale ke lie malavapura sagara se rocket ho jaega malavapura prakhamda ke gamva mem gyaraha hazara chara upari karo da jane vali tarafa para aja subaha gira gaya hai gyaraha hazara age jane se,0.579,0.5609756097560976,0.2701612903225806,
01-08776-01,deepgram,gramvaani,telephony,N/A,इस कार्य में काफ़ी संघर्ष का सामना करना पड़ा अब उन्होंने अर्पण नेचर सवेर ग्रुप बनाकर झी झील की दुबारा खूबसूरती लाने का भरसक प्रयास कर रहे हैं,इस कार्य में काफी संघर्ष का सामना करना पड़ा अब उन्होंने अर्पण nature सेवा group बनाकर झील की दुबारा खूबसूरती लाने का भरसक प्रयास कर रहे हैं,isa karya mem kafi samgharsha ka samana karana pa da aba unhomne arpana nechara savera grupa banakara jhi jhila ki dubara khubasurati lane ka bharasaka prayasa kara rahe haim,isa karya mem kaphi samgharsha ka samana karana pa da aba unhomne arpana nature seva group banakara jhila ki dubara khubasurati lane ka bharasaka prayasa kara rahe haim,0.425,0.1724137931034483,0.09195402298850575,
01-10651-02,deepgram,gramvaani,telephony,N/A,की वजह से जनता को परेशान होना पड़ेगा पुलिस मुख्यालय की पहल को नया नंबर अलोट करने का निर्णय लिया,की वजह से जनता को परेशान होना पड़ेगा police मुख्यालय की पहल को नया number अलॉट करने का निर्णय,ki vajaha se janata ko pareshana hona pa dega pulisa mukhyalaya ki pahala ko naya nambara alota karane ka nirnaya liya,ki vajaha se janata ko pareshana hona pa dega police mukhyalaya ki pahala ko naya number alaॉta karane ka nirnaya,0.371,0.19047619047619047,0.11016949152542373,
01-00622-03,deepgram,gramvaani,telephony,N/A,जो भी है पहले का पंचायत भवन पुराना टुटल फुटल उसमें हमलोग बैठक चलाते हैं तो उसमे बरसात के सीजन में पानी घुस जाता है और धँसने वाला भी है है कहीं बैठक के समय धँस गया तो फिर लोगों की,जो भी है पहले का पंचायत भवन पुराना total total उसमें हम लोग बैठक चलाते हैं तो उसमें में पानी घुस जाता है और दस नेता वाला भी है शायद कहीं बैठे समय बस जाएगा तो फिर लोगों की,jo bhi hai pahale ka pamchayata bhavana purana tutala phutala usamem hamaloga baithaka chalate haim to usame barasata ke sijana mem pani ghusa jata hai aura dha nsane vala bhi hai hai kahim baithaka ke samaya dha nsa gaya to phira logom ki,jo bhi hai pahale ka pamchayata bhavana purana total total usamem hama loga baithaka chalate haim to usamem mem pani ghusa jata hai aura dasa neta vala bhi hai shayada kahim baithe samaya basa jaega to phira logom ki,0.441,0.37209302325581395,0.20502092050209206,
01-10039-03,deepgram,gramvaani,telephony,N/A,ये खुल गया प्राइस बैंड चार सौ अठारह से चार सौ बाईस रूपए और मिनिमम लोट साइज़ इज़ पैंतीस शेयर रखा गया है आई पी ओ दस अगस्ट तक खुला रहेगा,यह खुल गया price band चार सौ अठारह से चार सौ बाइस रुपए और minimum lot size पैंतीस share रखा गया है ipo दस august तक खुला रहेगा,ye khula gaya praisa baimda chara sau atharaha se chara sau baisa rupae aura minimama lota saiza iza paimtisa sheyara rakha gaya hai ai pi o dasa agasta taka khula rahega,yaha khula gaya price band chara sau atharaha se chara sau baisa rupae aura minimum lot size paimtisa share rakha gaya hai ipo dasa august taka khula rahega,0.415,0.3870967741935484,0.16470588235294117,
01-03999-01,deepgram,gramvaani,telephony,N/A,की सर्विस लगा पर रोक लगा कर रख दिया गया है पैदल चलने वाले यात्रियों को बहुत दिक्कत होती हैं साथ ही दो पहिये वाहन तथा चार पहिये वाहन के गुजरने में भारी दिक्कतें होती है,service रुको लगाकर रख दिया गया है पैदल चलने वाली यात्रियों को जो दिक़्क़तें होती है साथ में दो पहिए वाहन पचास्तरे वाहन के ख़रीदने में सारी दिक़्क़तें होती है,ki sarvisa laga para roka laga kara rakha diya gaya hai paidala chalane vale yatriyom ko bahuta dikkata hoti haim satha hi do pahiye vahana tatha chara pahiye vahana ke gujarane mem bhari dikkatem hoti hai,service ruko lagakara rakha diya gaya hai paidala chalane vali yatriyom ko jo diqqatem hoti hai satha mem do pahie vahana pachastare vahana ke karidane mem sari diqqatem hoti hai,1.657,0.5277777777777778,0.2731707317073171,
02-12587-02,deepgram,gramvaani,telephony,N/A,से जिससे हमारा जीवन प्रभावित होती है होती है और आज भी हम एक ऐसे ही मुद्दे के साथ हाज़िर है आपके सामने,जिससे हमारा जीवन प्रभावित होती है और आज भी हम एक ऐसे ही मुद्दे के साथ हाज़िर हैं आपके सामने,se jisase hamara jivana prabhavita hoti hai hoti hai aura aja bhi hama eka aise hi mudde ke satha hazira hai apake samane,jisase hamara jivana prabhavita hoti hai aura aja bhi hama eka aise hi mudde ke satha hazira haim apake samane,0.419,0.17391304347826086,0.10743801652892562,
01-11496-02,deepgram,gramvaani,telephony,N/A,अंत में समाचार खेल जगत से एशियाई खेल अंकिता के कांस्य के बाद भारत,समाचार खेल जगत से एशियाई खेल अंकिता के कांसे के बाद भारत,amta mem samachara khela jagata se eshiyai khela amkita ke kamsya ke bada bharata,samachara khela jagata se eshiyai khela amkita ke kamse ke bada bharata,0.886,0.21428571428571427,0.13580246913580246,
02-12399-02,deepgram,gramvaani,telephony,N/A,नमस्कार आदाब श्रोताओं देश के कौन कौन से किसान मज़दूर यूनियन काफ़ी संख्या में इकठ्ठा होकर सरकार से अपनी माँगों को लेकर दिल्ली के पार्लियामेंट स्ट्रीट में धरना,नमस्कार आदाब श्रोताओ देश के कौन कौन से किसान मज़दूर union काफी संख्या में इकट्ठा होकर सरकार से अपनी मांगों को लेकर दिल्ली के parliament state में धरना,namaskara adaba shrotaom desha ke kauna kauna se kisana mazadura yuniyana kafi samkhya mem ikaththa hokara sarakara se apani ma ngom ko lekara dilli ke parliyamemta strita mem dharana,namaskara adaba shrotao desha ke kauna kauna se kisana mazadura union kaphi samkhya mem ikattha hokara sarakara se apani mamgom ko lekara dilli ke parliament state mem dharana,0.979,0.27586206896551724,0.08743169398907104,
01-09796-02,deepgram,gramvaani,telephony,N/A,का एलान भारत और इंग्लैंड के बीच नौ अगस्त से लॉर्ड्स में खेले जाने वाले वाले दूसरे टेस्ट मैच के लिए गयी है एक वेस्टर्न टेस्ट में इंग्लैंड ने भारत को इकतीस रन,ऐलान भारत व england के beach में खेले जाने वाले दूसरे test match के लिए मिल गई है england ने भारत को,ka elana bharata aura imglaimda ke bicha nau agasta se laॉrdsa mem khele jane vale vale dusare testa maicha ke lie gayi hai eka vestarna testa mem imglaimda ne bharata ko ikatisa rana,ailana bharata va england ke beach mem khele jane vale dusare test match ke lie mila gai hai england ne bharata ko,0.867,0.6363636363636364,0.46994535519125685,
01-07562-01,deepgram,gramvaani,telephony,N/A,आवश्यक है है किन्तु नियोजित शिक्षको की मामले में न्यूनतम वेतन अठारह हजार लागू नहीं किया गया है जिसके लिए,आवश्यक है है किंतु निवेशक शिक्षकों के मामले में न्यूनतम वेतन अठारह हज़ार लागू नहीं किया गया है जिसके लिए,avashyaka hai hai kintu niyojita shikshako ki mamale mem nyunatama vetana atharaha hajara lagu nahim kiya gaya hai jisake lie,avashyaka hai hai kimtu niveshaka shikshakom ke mamale mem nyunatama vetana atharaha hazara lagu nahim kiya gaya hai jisake lie,0.525,0.25,0.08,
01-04320-03,deepgram,gramvaani,telephony,N/A,मुंगेर नगर निगम की बदहाली व्यवस्था के कारण शहर वासियों को शुद्ध पेय जल नहीं मिल रहा है नगर निगम के साथ संचालित कस्तुरबा वॉटर वर्क्स,नगर निगम की परिभाषा के कारण हर बार सौ को शुद्ध के agent नहीं मिल रहा है नगर निगम के साथ सैंतालीस,mumgera nagara nigama ki badahali vyavastha ke karana shahara vasiyom ko shuddha peya jala nahim mila raha hai nagara nigama ke satha samchalita kasturaba vaॉtara varksa,nagara nigama ki paribhasha ke karana hara bara sau ko shuddha ke agent nahim mila raha hai nagara nigama ke satha saimtalisa,0.486,0.46153846153846156,0.38461538461538464,
01-08017-03,deepgram,gramvaani,telephony,N/A,के बेहतरीन महिला को एक पारदर्शी महिला को पंचायत में इनका आ आरक्षण मिले और उसका विकास हो आने वाले दिन में,एक बेहतरीन महिला को एक पारदर्शी महिला को पंचायत में उनका आरक्षण ले और उसका विकास हो आने वाले दिन में,ke behatarina mahila ko eka paradarshi mahila ko pamchayata mem inaka a arakshana mile aura usaka vikasa ho ane vale dina mem,eka behatarina mahila ko eka paradarshi mahila ko pamchayata mem unaka arakshana le aura usaka vikasa ho ane vale dina mem,1.223,0.18181818181818182,0.056,
01-10457-02,deepgram,gramvaani,telephony,N/A,इस देश के कई भाग से हैं जहाँ सिंचाई सुविधा के आभाव मैं बारिश पर निर्भर रहते हैं अगर बारिश समय पर नहीं हुए तो सारा फसल बर्बाद अब ऐसे मैं किसान करे तो क्या करे,is देश ke kai भाग ऐसे हैं जहा and aadhiant सिंचाई सुविधा ke अभाव me ke liye वारिस पर निर्भर रहते हैं और अगर बारिश समय पर नही हुई तो सारा fasel barbad ab ऐसे me किसान karen to kya करें,isa desha ke kai bhaga se haim jaha n simchai suvidha ke abhava maim barisha para nirbhara rahate haim agara barisha samaya para nahim hue to sara phasala barbada aba aise maim kisana kare to kya kare,is desha ke kai bhaga aise haim jaha and aadhiant simchai suvidha ke abhava me ke liye varisa para nirbhara rahate haim aura agara barisha samaya para nahi hui to sara fasel barbad ab aise me kisana karen to kya karem,0.928,0.4594594594594595,0.21,
02-14905-01,deepgram,gramvaani,telephony,N/A,श्री पावन भगत अशोक केसरी पवन केसरी विजय मिश्रा उदय लाहाकर प्रवीन मिश्रा मंटू भगत सहित गणेश मंदिर समिति के सभी सदस्य मौजुद वही बताते चले की मोबाइल वाणी के द्वारा ही,पवन भगत अशोक केसरी पवन केसरी विजय मिश्रा उदय लाकर प्रवीण मिश्रा मंटू भगत सहित गणेश मंदिर समिति के सभी सदस्य मधु वहीं बताते चले कि mobile वाणी के द्वारा ही,shri pavana bhagata ashoka kesari pavana kesari vijaya mishra udaya lahakara pravina mishra mamtu bhagata sahita ganesha mamdira samiti ke sabhi sadasya maujuda vahi batate chale ki mobaila vani ke dvara hi,pavana bhagata ashoka kesari pavana kesari vijaya mishra udaya lakara pravina mishra mamtu bhagata sahita ganesha mamdira samiti ke sabhi sadasya madhu vahim batate chale ki mobile vani ke dvara hi,0.679,0.15625,0.06796116504854369,
02-17467-01,deepgram,gramvaani,telephony,N/A,मोबाइल वाणी के बेहद लोकप्रिय और ख़ास कार्यक्रम खबरें जरा हट के में आपका स्वागत है,mobile वाणी के बेहद लोकप्रिय और खास कार्यक्रम खबरें जरा हटके में आपका स्वागत है,mobaila vani ke behada lokapriya aura kasa karyakrama khabarem jara hata ke mem apaka svagata hai,mobile vani ke behada lokapriya aura khasa karyakrama khabarem jara hatake mem apaka svagata hai,1.036,0.25,0.041237113402061855,
01-00097-03,deepgram,gramvaani,telephony,N/A,इस मध्य प्रदेश मोबाइल वाणी के सभी सुनने वाले श्रोताओं को और मेरे मित्रों को सभी को हार्दिक हार्दिक शुभकामनाएं धन्यवाद नमस्कार,इस मध्य प्रदेश मारवाड़ी के सभी सुनने वाले श्रोताओं को और मेरे मित्रों को सभी को हार्दिक हार्दिक शुभकामनाएं धन्यवाद नमस्कार,isa madhya pradesha mobaila vani ke sabhi sunane vale shrotaom ko aura mere mitrom ko sabhi ko hardika hardika shubhakamanaem dhanyavada namaskara,isa madhya pradesha marava di ke sabhi sunane vale shrotaom ko aura mere mitrom ko sabhi ko hardika hardika shubhakamanaem dhanyavada namaskara,0.742,0.09090909090909091,0.04794520547945205,
02-13426-02,deepgram,gramvaani,telephony,N/A,आँगनबाड़ी सहायिकाओं को पन्द्रह सौ रूपए के स्थान पर बाईस सौ सौ पचास रूपए मिलेंगे और अब ख़बर खेल जगत से कुछ देर में शुरू होगा पाँचवें दिन दिन का खेल शाख बचाने को उतरेगी टीम इंडिया ख़बर है नई दिल्ली से,आंगनबाड़ी psycho को पंद्रह सौ रुपए के स्थान पर बाइस सौ पचास रुपए मिलेंगे और अब खबर खेल जगत से कुछ देर में शुरू होगा पांचवें दिन तीन दिन का खेल सात बजे उतरे की team india खबर है नई दिल्ली से,a nganaba di sahayikaom ko pandraha sau rupae ke sthana para baisa sau sau pachasa rupae milemge aura aba kabara khela jagata se kucha dera mem shuru hoga pa nchavem dina dina ka khela shakha bachane ko utaregi tima imdiya kabara hai nai dilli se,amganaba di psycho ko pamdraha sau rupae ke sthana para baisa sau pachasa rupae milemge aura aba khabara khela jagata se kucha dera mem shuru hoga pamchavem dina tina dina ka khela sata baje utare ki team india khabara hai nai dilli se,0.709,0.35555555555555557,0.16666666666666666,
02-14654-01,deepgram,gramvaani,telephony,N/A,याद है की मनरेगा में लंबित मजदूरी भुगतान नहीं होने के सम्बन्ध में शिकायतें प्राप्त हो रही थी राज्य शासन द्वारा शिकायतों के निराकरण के लिए ग्राम पंचायतों में कलस्टर,याद है कि मनरेगा में लंबित मजदूरी भुगतान नहीं होने के संबंध में शिकायतें प्राप्त हो रही थी राज्य शासन द्वारा शिकायतों के निराकरण के लिए gram पंचायतों में cholesterol,yada hai ki manarega mem lambita majaduri bhugatana nahim hone ke sambandha mem shikayatem prapta ho rahi thi rajya shasana dvara shikayatom ke nirakarana ke lie grama pamchayatom mem kalastara,yada hai ki manarega mem lambita majaduri bhugatana nahim hone ke sambamdha mem shikayatem prapta ho rahi thi rajya shasana dvara shikayatom ke nirakarana ke lie gram pamchayatom mem cholesterol,0.431,0.1,0.046632124352331605,
01-03123-03,deepgram,gramvaani,telephony,N/A,फ़िलहाल जारी अधिकतम तापमान का ट्रेंड गेहूं और दलहन का  यदि तापमान का रुख ऐसा ही जारी रहा,फ़िलहाल जारी अधिकतम तापमान का trend गेहूं और दलहन की फ़सल यदि तापमान का रुख ऐसा ही जारी रहा,filahala jari adhikatama tapamana ka tremda gehum aura dalahana ka yadi tapamana ka rukha aisa hi jari raha,filahala jari adhikatama tapamana ka trend gehum aura dalahana ki fasala yadi tapamana ka rukha aisa hi jari raha,0.562,0.16666666666666666,0.08411214953271028,
02-12354-02,deepgram,gramvaani,telephony,N/A,तिलका मांझी भागलपुर विश्वविद्यालय प्रशासन ने बी ए फर्स्ट इयर दो हज़ार सतरह उन्नीस का परीक्षा कार्यक्रम घोषित कर दिया है परीक्षा दूसरी पाली में दो बजे,बिहारपुर विश्वविद्यालय प्रशासन ने first year दो हज़ार सत्रह उन्नीस का परीक्षा कार्यक्रम घोषित कर दिया है परीक्षा दूसरी पाली ने दो बजे,tilaka mamjhi bhagalapura vishvavidyalaya prashasana ne bi e pharsta iyara do hazara sataraha unnisa ka pariksha karyakrama ghoshita kara diya hai pariksha dusari pali mem do baje,biharapura vishvavidyalaya prashasana ne first year do hazara satraha unnisa ka pariksha karyakrama ghoshita kara diya hai pariksha dusari pali ne do baje,1.26,0.3333333333333333,0.17318435754189945,
01-07629-02,deepgram,gramvaani,telephony,N/A,और पछताना नहीं पड़ता है बहुत से ऐसे गाँव के विद्यार्थी को मैंने देखा है की कई,और पैसा नहीं पड़ता है बहुत से ऐसे दास विद्यार्थियों को मैंने देखा है इसके करीब,aura pachatana nahim pa data hai bahuta se aise ga nva ke vidyarthi ko maimne dekha hai ki kai,aura paisa nahim pa data hai bahuta se aise dasa vidyarthiyom ko maimne dekha hai isake kariba,0.747,0.3684210526315789,0.24468085106382978,
01-06461-03,deepgram,gramvaani,telephony,N/A,मुंगेर प्रखंड क्षेत्र में बिजली के लिए हाहाकार मचा हुआ है चौबीस घंटे में से मात्र आठ से बारह घंटे तक भी बिजली नहीं मिलती है,मुंगेर में बिजली के लिए आकार में चल रहा है चौबीस घंटे में से मात्र आठ से बारह घंटे तक भी नहीं मिलती है,mumgera prakhamda kshetra mem bijali ke lie hahakara macha hua hai chaubisa ghamte mem se matra atha se baraha ghamte taka bhi bijali nahim milati hai,mumgera mem bijali ke lie akara mem chala raha hai chaubisa ghamte mem se matra atha se baraha ghamte taka bhi nahim milati hai,2.465,0.2692307692307692,0.24,
13-00159-01,deepgram,gramvaani,telephony,N/A,विरोधियों के बीच होने वाले इस मैच की तारीख से नाराज़ है बी सी सी ज है बी सी सी आई ने एशिया कप के कार्यक्रम में भारत और पाकिस्तान के मैच की मैच की तारीख पर आपत्ति जताई है,के beach होने वाले इस match की तारीख से नाराज़ है bcci ने asia cup के कार्यक्रम में भारत और pakistan की match ही match की तारीख पर आपत्ति जताई है,virodhiyom ke bicha hone vale isa maicha ki tarikha se naraza hai bi si si ja hai bi si si ai ne eshiya kapa ke karyakrama mem bharata aura pakistana ke maicha ki maicha ki tarikha para apatti jatai hai,ke beach hone vale isa match ki tarikha se naraza hai bcci ne asia cup ke karyakrama mem bharata aura pakistan ki match hi match ki tarikha para apatti jatai hai,3.928,0.475,0.26732673267326734,
01-03050-02,deepgram,gramvaani,telephony,N/A,मैं राजीव कुमार ठाकुर जिला मुंगेर मुंगेर की आवाज़ से बाबा धरमदास मंदिर के निर्माण समिति द्वारा संकल्प दिवस का आयोजन,मैं राजीव कुमार ठाकुर जिला मुंगेर मुंगेर की आवाज़ से बाबा धर्मदास मंदिर निर्माण समिति द्वारा संकल्प दिवस का आयोजन,maim rajiva kumara thakura jila mumgera mumgera ki avaza se baba dharamadasa mamdira ke nirmana samiti dvara samkalpa divasa ka ayojana,maim rajiva kumara thakura jila mumgera mumgera ki avaza se baba dharmadasa mamdira nirmana samiti dvara samkalpa divasa ka ayojana,0.53,0.09523809523809523,0.02962962962962963,
01-04208-01,deepgram,gramvaani,telephony,N/A,एक राज्य की छवि छवि खराब करने की ही और दूसरी राज्य को अपने शिक्षा व्यवस्था को ज्यादा गंभीरता से लेने के लिए बाध्य करने की करने की बिहार बोर्ड की परीक्षा में अभिभावकों द्वारा खुलेआम नकल कराने की तस्वीर दुनिया भर में चर्चित हुई थी,एक राज्य की अधिक की अधिक ख़राब करने की थी और दूसरी राज्य को अपनी शिक्षा व्यवस्था को ज़्यादा गंभीरता से लेने के लिए बारीक करने की करने की बिहार board की परीक्षा में अभिभावकों द्वारा खुले आम नकल कराने की एक तकलीफ़ दुनिया भर में दहशत हुई थी,eka rajya ki chavi chavi kharaba karane ki hi aura dusari rajya ko apane shiksha vyavastha ko jyada gambhirata se lene ke lie badhya karane ki karane ki bihara borda ki pariksha mem abhibhavakom dvara khuleama nakala karane ki tasvira duniya bhara mem charchita hui thi,eka rajya ki adhika ki adhika karaba karane ki thi aura dusari rajya ko apani shiksha vyavastha ko zyada gambhirata se lene ke lie barika karane ki karane ki bihara board ki pariksha mem abhibhavakom dvara khule ama nakala karane ki eka takalifa duniya bhara mem dahashata hui thi,2.494,0.30434782608695654,0.12639405204460966,
02-21289-01,deepgram,gramvaani,telephony,N/A,डेढ़ साल पहले ही हम शादी के बंधन में बंधे है इस घर के इकलौते बेटे होने के नाते बचपन से ही सबके लाड प्यार ने इन्हे बिगाड़ रखा है रखा है सुबह से शाम ये अपने काम पर रहते है,डेढ़ साल पहले ही हम शादी के बंधन में बंदे हैं इस घर के इकलौते बेटे होने के नाते बचपन से ही सबके लात प्यार ने इन्हें बिगाड़ रखा है सुबह से शाम यह अपने कम पर रहते हैं,deढ़ sala pahale hi hama shadi ke bamdhana mem bamdhe hai isa ghara ke ikalaute bete hone ke nate bachapana se hi sabake lada pyara ne inhe biga da rakha hai rakha hai subaha se shama ye apane kama para rahate hai,de dha sala pahale hi hama shadi ke bamdhana mem bamde haim isa ghara ke ikalaute bete hone ke nate bachapana se hi sabake lata pyara ne inhem biga da rakha hai subaha se shama yaha apane kama para rahate haim,0.52,0.23809523809523808,0.10377358490566038,
02-13499-02,deepgram,gramvaani,telephony,N/A,मोदी सरकार ने आशा कार्यकर्ताओं का भत्ता दो गुना किया प्रधानमंत्री बीमा भी मुफ्त मिलेगा,मोदी सरकार ने आशा कार्यकर्ताओं का भत्ता दोगुना किया प्रधानमंत्री बीमा भी मुफ्त मिलेगा,modi sarakara ne asha karyakartaom ka bhatta do guna kiya pradhanamamtri bima bhi muphta milega,modi sarakara ne asha karyakartaom ka bhatta doguna kiya pradhanamamtri bima bhi muphta milega,0.401,0.13333333333333333,0.010526315789473684,
01-06401-03,deepgram,gramvaani,telephony,N/A,लगभग तीन तीन सौ की आबादी वाले बरवाडीह गाँव ना एक कुआँ ना तालाब है नहाने के लिए यहाँ के लोगो को करीब डेढ़ किलोमीटर की दूरी तय कर,लगभग तीन तीन सौ की आबादी वाले बर्बादी में अपना एक कुआं ना तालाब है नहाने के लिए यहां के लोगों को क़रीब डेढ़ kilometer की दूरी से sir,lagabhaga tina tina sau ki abadi vale baravadiha ga nva na eka kua n na talaba hai nahane ke lie yaha n ke logo ko kariba deढ़ kilomitara ki duri taya kara,lagabhaga tina tina sau ki abadi vale barbadi mem apana eka kuam na talaba hai nahane ke lie yaham ke logom ko qariba de dha kilometer ki duri se sir,0.487,0.46875,0.19480519480519481,
01-02125-02,deepgram,gramvaani,telephony,N/A,नमस्कार श्रोता मित्रों मेट्रिक की परीक्षा की शुरुआत शांतिपूर्ण तैतालिस परीक्षार्थी अनुपस्थित रहे मैं जेएम रंगीला कोऑर्डिनेटर बोकारो से झारखण्ड मोबाइल वाणी,नमस्कार प्रतीक्षा की शुरुआत शांति को पैंतालीस परीक्षा से अनुपस्थित रहे,namaskara shrota mitrom metrika ki pariksha ki shuruata shamtipurna taitalisa pariksharthi anupasthita rahe maim jeema ramgila koऑrdinetara bokaro se jharakhanda mobaila vani,namaskara pratiksha ki shuruata shamti ko paimtalisa pariksha se anupasthita rahe,0.428,0.8181818181818182,0.5919540229885057,
01-01990-01,deepgram,gramvaani,telephony,N/A,लेकिन वहाँ पर नीचे उतारने का भी अभी तक कोई रास्ता नहीं गया है वहाँ पर बहुत झाड़ झुड़ रहता है इसलिए मैं ग्राम वाणी के द्वारा सरकार से अनुरोध करना चाहता हूँ,लेकिन उस वहां से नीचे उतरने का अभी तो कोई रास्ता नहीं गया है वहां पर बहुत साल जो रहता है इसीलिए मैं जमाने के द्वारा सरकार से enroll करना चाहता हूं,lekina vaha n para niche utarane ka bhi abhi taka koi rasta nahim gaya hai vaha n para bahuta jha da jhu da rahata hai isalie maim grama vani ke dvara sarakara se anurodha karana chahata hu n,lekina usa vaham se niche utarane ka abhi to koi rasta nahim gaya hai vaham para bahuta sala jo rahata hai isilie maim jamane ke dvara sarakara se enroll karana chahata hum,0.526,0.4473684210526316,0.2198952879581152,
01-07043-02,deepgram,gramvaani,telephony,N/A,पुनः एक बार सहायता की की जाए धन्य धन्यवाद,कितना एक बार ऐसा है कि पहले पहले बार,punah eka bara sahayata ki ki jae dhanya dhanyavada,kitana eka bara aisa hai ki pahale pahale bara,0.409,0.6666666666666666,0.5294117647058824,
01-02028-02,deepgram,gramvaani,telephony,N/A,उम्मीदवार होगी जिसे आम जन सामाजिक कार्यकर्ता कम और और राजनीती के रूप में अधिक जानेंगे इसमें कोई शक नहीं मैं राधू राय,उम्मीदवार होगी जिसे आमजन सामाजिक कार्यकर्ता कम राजनीतिक के रूप में अधिक जानेंगे इसमें कोई शक नहीं है,ummidavara hogi jise ama jana samajika karyakarta kama aura aura rajaniti ke rupa mem adhika janemge isamem koi shaka nahim maim radhu raya,ummidavara hogi jise amajana samajika karyakarta kama rajanitika ke rupa mem adhika janemge isamem koi shaka nahim hai,2.236,0.34782608695652173,0.18705035971223022,
01-06650-01,deepgram,gramvaani,telephony,N/A,डालडा जो होता है उसमे आलू का मिश्रण मिश्रण हो रहा है तेल भी आज कल दोस्तों कोई खास ऑरिजनल नहीं आ रहा है तो आप और आपके परिवार प्लस आप आपके व्यवहारी,dalda जो होता है उसमें आलू का mised constent हो रहा है तेल भी आजकल दोस्तों कोई खास original नहीं आ रहा है तो आप और आपके परिवार plus आपके आपके व्यवहारी,dalada jo hota hai usame alu ka mishrana mishrana ho raha hai tela bhi aja kala dostom koi khasa ऑrijanala nahim a raha hai to apa aura apake parivara plasa apa apake vyavahari,dalda jo hota hai usamem alu ka mised constent ho raha hai tela bhi ajakala dostom koi khasa original nahim a raha hai to apa aura apake parivara plus apake apake vyavahari,0.436,0.2727272727272727,0.13068181818181818,
02-16456-01,deepgram,gramvaani,telephony,N/A,है एक वरिष्ट सरकारी अधिकारी ने बताया कि ये योजनायें सरकारी हो सकती हैं पेंशन बीमा और भविष्य निधि के क्षेत्रों में निजी खिलाडियों का संचालन कर सकती है,है एक वरिष्ठ अधिकारी अधिकारी ने बताया कि यह योजनाएं सरकारी हो सकती हैं pension बीमा और भविष्य निधि के क्षेत्रों में निजी खिलाड़ियों का संचालन कर सकती,hai eka varishta sarakari adhikari ne bataya ki ye yojanayem sarakari ho sakati haim pemshana bima aura bhavishya nidhi ke kshetrom mem niji khiladiyom ka samchalana kara sakati hai,hai eka varishtha adhikari adhikari ne bataya ki yaha yojanaem sarakari ho sakati haim pension bima aura bhavishya nidhi ke kshetrom mem niji khila diyom ka samchalana kara sakati,0.613,0.27586206896551724,0.09944751381215469,
01-06529-02,deepgram,gramvaani,telephony,N/A,मैं ये वन प्रबंधन पदाधिकारी हजारीबाग से ये कहना चाहता हूँ की आप नक्शा पास केंद्र में गड्ढे नाले जहाँ भी हों वहाँ गड्ढा खोद कर के सारे,मैं यह वित्तमंत्र मंडल पदाधिकारी हज़ारीबाग से मैं कहना चाहता हूं कि आप नक्शा park के अंदर में गड्ढे नारे जहां भी हो तो आप कर के पा रहे हैं,maim ye vana prabamdhana padadhikari hajaribaga se ye kahana chahata hu n ki apa naksha pasa kemdra mem gaddhe nale jaha n bhi hom vaha n gaddha khoda kara ke sare,maim yaha vittamamtra mamdala padadhikari hazaribaga se maim kahana chahata hum ki apa naksha park ke amdara mem gaddhe nare jaham bhi ho to apa kara ke pa rahe haim,0.485,0.6774193548387096,0.294478527607362,
01-10685-03,deepgram,gramvaani,telephony,N/A,नया टाइम टेबल लागू किया है रतलाम रेल मंडल पर चलने वाली उनतीस उनतीस गाड़ियों की गति को बढ़ाया गया है है रतलाम मंडल से होकर जाने वाली कुल पैसठ गाड़ियों की,नया time table लागू किया है रतलाम रेल मंडल पर चलने वाली उनतीस उनतीस गाड़ियों की गति को बढ़ाया गया है रतलाम मंडल से होकर जाने वाली कुल पैंसठ गाड़ियों के,naya taima tebala lagu kiya hai ratalama rela mamdala para chalane vali unatisa unatisa ga diyom ki gati ko baढ़aya gaya hai hai ratalama mamdala se hokara jane vali kula paisatha ga diyom ki,naya time table lagu kiya hai ratalama rela mamdala para chalane vali unatisa unatisa ga diyom ki gati ko ba dhaya gaya hai ratalama mamdala se hokara jane vali kula paimsatha ga diyom ke,0.99,0.20588235294117646,0.07368421052631578,
01-05003-02,deepgram,gramvaani,telephony,N/A,के नेता को कभी अकेले तो कभी संदिग्ध रूप से सत्ता मिला लेकिन जनता की कसौटी पर कोई भी खड़ा नहीं उतर नहीं उतर सका यही सबसे बड़ी चिंता की बात है,के नेता को कभी अकेले तो कभी संगीत group में सत्ता मिला लेकिन जनता की कसौटी पर कोई भी खड़ा नहीं होता नहीं उतर सका यही सबसे बड़ी चिंता की बात है,ke neta ko kabhi akele to kabhi samdigdha rupa se satta mila lekina janata ki kasauti para koi bhi kha da nahim utara nahim utara saka yahi sabase ba di chimta ki bata hai,ke neta ko kabhi akele to kabhi samgita group mem satta mila lekina janata ki kasauti para koi bhi kha da nahim hota nahim utara saka yahi sabase ba di chimta ki bata hai,0.985,0.11764705882352941,0.07602339181286549,
01-00960-03,deepgram,gramvaani,telephony,N/A,की जाती है परन्तु कं पुतना ने जब कृष्ण को अपना दुध पिला रहे थे मारने के लिए तब ही भगवान कृष्ण चमत्कार दिखाया की साथ साथ जो है की उनका,जाती है परंतु उतना में जब कितनों को अपना आप का दूध पिला रहे थे मारने करके देता है भगवान की चमत्कार दिखाया इसके साथ साथ जो है कि उनका,ki jati hai parantu kam putana ne jaba krrishna ko apana dudha pila rahe the marane ke lie taba hi bhagavana krrishna chamatkara dikhaya ki satha satha jo hai ki unaka,jati hai paramtu utana mem jaba kitanom ko apana apa ka dudha pila rahe the marane karake deta hai bhagavana ki chamatkara dikhaya isake satha satha jo hai ki unaka,0.626,0.45161290322580644,0.25149700598802394,
02-12750-02,deepgram,gramvaani,telephony,N/A,नमस्कार श्रोताओं मैं सुनिधि लेकर आई हूँ बिहार मोबाइल वाणी पर शाम,नमस्कार श्रोताओं मैं सुनिधि लेकर आई हूँ बिहार mobile वाणी पर शांत,namaskara shrotaom maim sunidhi lekara ai hu n bihara mobaila vani para shama,namaskara shrotaom maim sunidhi lekara ai hu n bihara mobile vani para shamta,0.455,0.15384615384615385,0.03896103896103896,
01-08134-02,deepgram,gramvaani,telephony,N/A,परीक्षा नौ अगस्त को खबर है नई दिल्ली से रेलवे ने सहायक लोको तकनीशियनों की की छबीस हजार पाँच सौ दो नियुक्तियों के लिए परीक्षा की तारीख नौ,nine august को खबर है नई दिल्ली से railway ने सहायक लोको तक nationों की twenty six thousand five hundred two reaction के लिए परीक्षा की तारीख नो,pariksha nau agasta ko khabara hai nai dilli se relave ne sahayaka loko takanishiyanom ki ki chabisa hajara pa ncha sau do niyuktiyom ke lie pariksha ki tarikha nau,nine august ko khabara hai nai dilli se railway ne sahayaka loko taka nationom ki twenty six thousand five hundred two reaction ke lie pariksha ki tarikha no,0.527,0.4827586206896552,0.3719512195121951,
01-09492-02,deepgram,gramvaani,telephony,N/A,की है रूट लाइन व कतार के,कि है रूट line व कतार के,ki hai ruta laina va katara ke,ki hai ruta line va katara ke,1.068,0.14285714285714285,0.06666666666666667,
01-02482-01,deepgram,gramvaani,telephony,N/A,जयनगर अनुमंडल क्षेत्र से सुरेश कुमार गुप्ता जयनगर,जय नगर जय नगर,jayanagara anumamdala kshetra se suresha kumara gupta jayanagara,jaya nagara jaya nagara,1.359,1.0,0.6875,
02-19405-01,deepgram,gramvaani,telephony,N/A,होता ई है कि एस एस जी चूकि महिलाओं का समूह है तो तुम्हारी मेहरारू को,होता यह है कि एस एच जी चुकी महिलाओं का समूह है तो तुम्हारी मेहरारू को कब,hota i hai ki esa esa ji chuki mahilaom ka samuha hai to tumhari mehararu ko,hota yaha hai ki esa echa ji chuki mahilaom ka samuha hai to tumhari mehararu ko kaba,1.033,0.1875,0.14473684210526316,
01-06986-01,deepgram,gramvaani,telephony,N/A,सब्जियों की दुकाने फलों फलों के ठेले और तरह तरह के ठेलों की यातायात को बाध्य कई जगहों पर सड़क किनारे लोगों ने घर बना लिया हैं उनके लिए सड़क ही आंगन बन जाता हैं,सब्जियों की दुकाने फलों के फलों के खेले और तरह तरह के लिए तैयार किया था आपको बात कई जगहों पर सड़क किनारे लोगों ने घर बना लिया है उनके लिए तरक्की आंगन वन जाता है,sabjiyom ki dukane phalom phalom ke thele aura taraha taraha ke thelom ki yatayata ko badhya kai jagahom para sa daka kinare logom ne ghara bana liya haim unake lie sa daka hi amgana bana jata haim,sabjiyom ki dukane phalom ke phalom ke khele aura taraha taraha ke lie taiyara kiya tha apako bata kai jagahom para sa daka kinare logom ne ghara bana liya hai unake lie tarakki amgana vana jata hai,0.972,0.3783783783783784,0.16243654822335024,
01-01715-03,deepgram,gramvaani,telephony,N/A,ये सुनना मैं बहुत पसंद करता हूँ मेरी जीवन में बदलाव की श्रण आती रहती है इसी के साथ में ये सन्देश देना चाहता हूँ बिहार मोबाइल वाणी के साथ,यह सुनना मैं बहुत पसंद कर रही हूं मेरे जीवन में बदलाव शिक्षण आती रहती है इसी के साथ मैं यह संदेश देना चाहता हूं बिहार mobile वाणी के साथ,ye sunana maim bahuta pasamda karata hu n meri jivana mem badalava ki shrana ati rahati hai isi ke satha mem ye sandesha dena chahata hu n bihara mobaila vani ke satha,yaha sunana maim bahuta pasamda kara rahi hum mere jivana mem badalava shikshana ati rahati hai isi ke satha maim yaha samdesha dena chahata hum bihara mobile vani ke satha,1.003,0.40625,0.1437125748502994,
01-09945-03,deepgram,gramvaani,telephony,N/A,अगर आपके आस पास या आपका क्षेत्रों में भी कुछ ऐसी ही खबरें हैं हैं जो ज़रा हटके हैं हैं तो हमें ज़रूर बताएं अपने मोबाइल में नंबर तीन दबा कर कर और साथ ही इसका,अगर आपके आसपास या आपके क्षेत्रों में भी कुछ ऐसी ही खबरें हैं जो जरा हटके हैं हैं तो हमें ज़रूर बताएं अपने mobile में number तीन दबाकर और साथ ही इसका,agara apake asa pasa ya apaka kshetrom mem bhi kucha aisi hi khabarem haim haim jo zara hatake haim haim to hamem zarura bataem apane mobaila mem nambara tina daba kara kara aura satha hi isaka,agara apake asapasa ya apake kshetrom mem bhi kucha aisi hi khabarem haim jo jara hatake haim haim to hamem zarura bataem apane mobile mem number tina dabakara aura satha hi isaka,0.575,0.2777777777777778,0.09844559585492228,
01-05555-02,deepgram,gramvaani,telephony,N/A,किसानों को यह जानकारी किसान पाठशाला लगाकर उपलब्ध कराई जाए की जानकारी प्रखंड पीसी ने बताया की ये कार्यक्रम  में चलाया जायेगा जिसके लिए चयन की प्रक्रि प्रक्रिया अंतिम चरण उन्होंने बताया की चयनित,किसानों को यह जानकारी किसान पाठशाला लगाकर उपलब्ध कराई जिसकी जानकारी प्रखंड सिंह ने बताया कि यह कार्यक्रम दायित्व में चलाया जाएगा इसके लिए चयन की प्रति प्रति शांति चरण उन्होंने बताया कि,kisanom ko yaha janakari kisana pathashala lagakara upalabdha karai jae ki janakari prakhamda pisi ne bataya ki ye karyakrama mem chalaya jayega jisake lie chayana ki prakri prakriya amtima charana unhomne bataya ki chayanita,kisanom ko yaha janakari kisana pathashala lagakara upalabdha karai jisaki janakari prakhamda simha ne bataya ki yaha karyakrama dayitva mem chalaya jaega isake lie chayana ki prati prati shamti charana unhomne bataya ki,1.319,0.3235294117647059,0.17333333333333334,
02-15827-01,deepgram,gramvaani,telephony,N/A,सहकारी मुखिया सिकंदर  दिवाकर महतो उमेश कुमार चौबे चौबे मिथिलेश महाराज विनीत जैसवाल सोहेल अंसारी ने,निधि सरकारी मुखिया सिकंदर कपदादादादादादादादादादादादादादा नरेश कुमार चौबे मोहित मिथिलेश महाराज दिनेश जैसवाल तो है अंसारी ने,sahakari mukhiya sikamdara divakara mahato umesha kumara chaube chaube mithilesha maharaja vinita jaisavala sohela amsari ne,nidhi sarakari mukhiya sikamdara kapadadadadadadadadadadadadadada naresha kumara chaube mohita mithilesha maharaja dinesha jaisavala to hai amsari ne,0.675,0.5625,0.4112903225806452,
01-11055-03,deepgram,gramvaani,telephony,N/A,कि कोई भी परेशानी होने पर आम लोग उनसे सीधा संपर्क कर सकते हैं एवं उनका हर मदद किया जाएगा इस कार्यक्रम को लेकर वहाँ उपस्थित लोगों के बीच,कि कोई भी परेशानी होने पर आम लोग उनसे सीधा संपर्क कर सकते हैं एवं उनका हर मदद किया जाएगा इस कार्यक्रम को लेकर वहां उपस्थित लोगों के beach,ki koi bhi pareshani hone para ama loga unase sidha samparka kara sakate haim evam unaka hara madada kiya jaega isa karyakrama ko lekara vaha n upasthita logom ke bicha,ki koi bhi pareshani hone para ama loga unase sidha samparka kara sakate haim evam unaka hara madada kiya jaega isa karyakrama ko lekara vaham upasthita logom ke beach,0.619,0.1,0.02976190476190476,
01-10891-03,deepgram,gramvaani,telephony,N/A,सरकारी विमान कंपनी एयर इंडिया के पायलटों के  अपने उड़ान भत्तों के बकायें का तत्काल भुगतान नहीं होने पर परिचालन पायलटों का कहना है कि अन्य कर्मचारियों के वेतन और भत्तों का देर से ही सही लेकिन पूरा भुगतान हो रहा हैं,सरकारी विमानन company air india के pilotओं के एक ने अपने उड़ान भक्तों के बकाया का तत्काल भुगतान नहीं होने पर परिचालन पायलटओं का कहना है कि अन्य कर्मचारियों के वेतन और भक्तों का देर से ही सही लेकिन पूरा भुगतान हो रहा है,sarakari vimana kampani eyara imdiya ke payalatom ke apane u dana bhattom ke bakayem ka tatkala bhugatana nahim hone para parichalana payalatom ka kahana hai ki anya karmachariyom ke vetana aura bhattom ka dera se hi sahi lekina pura bhugatana ho raha haim,sarakari vimanana company air india ke pilotom ke eka ne apane u dana bhaktom ke bakaya ka tatkala bhugatana nahim hone para parichalana payalataom ka kahana hai ki anya karmachariyom ke vetana aura bhaktom ka dera se hi sahi lekina pura bhugatana ho raha hai,1.345,0.27906976744186046,0.109375,
02-18071-01,deepgram,gramvaani,telephony,N/A,हम लोगों को वेतन नहीं दिया जा रहा हैं इधर जिस आवास में हम लोग रहते हैं उस उसके मालिक को भी कंपनी की और से से ताला बंद करने का फरमान दिया गया है,हम लोगो को वेतन नहीं दिया जा रहा है इधर जिस आवास में हम लोग रहते है उसके मालिक को भी company की ओर से ताला बंद करने का फरमान दिया गया है,hama logom ko vetana nahim diya ja raha haim idhara jisa avasa mem hama loga rahate haim usa usake malika ko bhi kampani ki aura se se tala bamda karane ka pharamana diya gaya hai,hama logo ko vetana nahim diya ja raha hai idhara jisa avasa mem hama loga rahate hai usake malika ko bhi company ki ora se tala bamda karane ka pharamana diya gaya hai,0.792,0.2,0.08379888268156424,
02-17099-01,deepgram,gramvaani,telephony,N/A,मै रजनी कुमार सिंह जमुई से सोमवार को जिला परिषद की सामान्य बैठक अध्यक्ष व उपाध्यक्ष की,मैं रजनी कुमार सिंह जमुई से सोमवार को जिला परिषद की सामान्य बैठक अध्यक्ष हुआ उपाध्यक्ष की,mai rajani kumara simha jamui se somavara ko jila parishada ki samanya baithaka adhyaksha va upadhyaksha ki,maim rajani kumara simha jamui se somavara ko jila parishada ki samanya baithaka adhyaksha hua upadhyaksha ki,0.673,0.11764705882352941,0.028037383177570093,
01-06730-01,deepgram,gramvaani,telephony,N/A,है काफी प्रदूषण को लेकर आम लोगों को भी को भी जागरूक होने जरुरत है अन्यथा एक ऐसा समय आएगा जब प्रदूषण के दूषण के कारण जीवन  धन्यवाद,साथ ही प्रदूषण को लेकर आम लोगों को भी को भी ज़रूरत है या ना था एक ऐसा समय आएगा जब प्रदूषण के प्रदूषण के कारण जीवन का धन्यवाद,hai kaphi pradushana ko lekara ama logom ko bhi ko bhi jagaruka hone jarurata hai anyatha eka aisa samaya aega jaba pradushana ke dushana ke karana jivana dhanyavada,satha hi pradushana ko lekara ama logom ko bhi ko bhi zarurata hai ya na tha eka aisa samaya aega jaba pradushana ke pradushana ke karana jivana ka dhanyavada,0.663,0.32142857142857145,0.18181818181818182,
01-10262-03,deepgram,gramvaani,telephony,N/A,उद्देश्य है तभी तो इसमें सरकारी खर्च कल्याणकारी योजनाओं का चयन उनकी योजना का निष्पादन के तरीके और अनुवर्ती तरीके की लिए बहुत सारी विधियाँ होंगी,उद्देश्य है तभी तो इसमें सरकारी खर्च कल्याणकारी योजनाओं का चयन उनकी योजना का निष्पादन के तरीके और अनुवर्ती तरीके के लिए बहुत सारी विधियां होंगी,uddeshya hai tabhi to isamem sarakari kharcha kalyanakari yojanaom ka chayana unaki yojana ka nishpadana ke tarike aura anuvarti tarike ki lie bahuta sari vidhiya n homgi,uddeshya hai tabhi to isamem sarakari kharcha kalyanakari yojanaom ka chayana unaki yojana ka nishpadana ke tarike aura anuvarti tarike ke lie bahuta sari vidhiyam homgi,0.714,0.1111111111111111,0.01764705882352941,
01-03753-01,deepgram,gramvaani,telephony,N/A,ग्राम पंचायत द्वारा प पानी की कोई सुविधा नहीं की जा रही है है यदि दि ग्राम पंचायत त द्वारा प पानी की कुछ की गयी है है तो,gram पंचायत द्वारा पक पाने की कोई सुविधा नहीं की जा रही है यदि gram पंचायत sir द्वारा पक पाने की कोई की गई है तो,grama pamchayata dvara pa pani ki koi suvidha nahim ki ja rahi hai hai yadi di grama pamchayata ta dvara pa pani ki kucha ki gayi hai hai to,gram pamchayata dvara paka pane ki koi suvidha nahim ki ja rahi hai yadi gram pamchayata sir dvara paka pane ki koi ki gai hai to,0.856,0.41379310344827586,0.19285714285714287,
01-01568-03,deepgram,gramvaani,telephony,N/A,और गुप्त रूप से छापामारी कर कार्रवाई करने का मापदंड अपनाने चाहिए मैं तेजनरायण ब्रह्मर्षि शान्ति प्रेरक की ओर से बिहार मोबाइल वाणी के लिए मधुबनी से से धन्यवाद,और गुप्त रूप से माता मालिक कार्तिक का मापदंड अपना लेकर आइए मैं सेरमसीत शांति clerk की ओर से बिहार mobile वाणी के लिए मतलब से धन्यवाद,aura gupta rupa se chapamari kara karravai karane ka mapadamda apanane chahie maim tejanarayana brahmarshi shanti preraka ki ora se bihara mobaila vani ke lie madhubani se se dhanyavada,aura gupta rupa se mata malika kartika ka mapadamda apana lekara aie maim seramasita shamti clerk ki ora se bihara mobile vani ke lie matalaba se dhanyavada,0.386,0.4827586206896552,0.31351351351351353,
01-00990-03,deepgram,gramvaani,telephony,N/A,दो महिना बीत जाने के बाद भी पोषाहार जो आंगनबाड़ी केन्द्रों धातृ माता बच्चों को दिया जाना है वो नहीं दी गई मैं झारखण्ड मोबाइल वाणी के माध्यम से,दो महीना बीत जाने के बाद भी गुवाहाटी केंद्र महात्मा का बच्चों को दिया जाना है उसी नई की गई मैं झारखंड भोपाल वाले के माध्यम से,do mahina bita jane ke bada bhi poshahara jo amganaba di kendrom dhatrri mata bachchom ko diya jana hai vo nahim di gai maim jharakhanda mobaila vani ke madhyama se,do mahina bita jane ke bada bhi guvahati kemdra mahatma ka bachchom ko diya jana hai usi nai ki gai maim jharakhamda bhopala vale ke madhyama se,0.511,0.43333333333333335,0.2682926829268293,
01-11618-03,deepgram,gramvaani,telephony,N/A,इस मौके पर कम्युनिटी के सदस्य अद्या अमित कुमार भगत संपन गुप्ता सचिन नवीन बर्णवाल महासचिव सजन गुप्ता कोषाध्यक्ष मुन्ना केसरी प्रवीण मिश्रा राजेश मिश्रा भूपेश सिन्हा,इस मौके पर अंग्रेज़ी के सदस्य अभय अमित कुमार गुप्ता सचिन नवीन बनवाल महा सचिन रतन गुप्ता मिश्रा मिश्रा रजनीश मिश्रा भूपेश सिन्हा,isa mauke para kamyuniti ke sadasya adya amita kumara bhagata sampana gupta sachina navina barnavala mahasachiva sajana gupta koshadhyaksha munna kesari pravina mishra rajesha mishra bhupesha sinha,isa mauke para amgrezi ke sadasya abhaya amita kumara gupta sachina navina banavala maha sachina ratana gupta mishra mishra rajanisha mishra bhupesha sinha,0.535,0.48148148148148145,0.3197969543147208,
01-04428-03,deepgram,gramvaani,telephony,N/A,सात प्रखंड कार्यालय में आधार कार्ड बनाने के लिए आयोजित तीन दिवसीय शिविर आज गुरुवार को समापन हो गया तीसरे और अंतिम दिन आधार कार्ड बनाने के लिए लोगो की काफी काफी भीड़ उमड़ पड़ी थी,सात प्रखंड का आधार card बनाने के लिए तारीख तीन दो अस्सी से भी सात गुरुवार को समापन हो गया तीसरे दिन आधार card बनाने के लिए लोगों की काफ़ी काफ़ी वीर कुमार पड़ी थी,sata prakhamda karyalaya mem adhara karda banane ke lie ayojita tina divasiya shivira aja guruvara ko samapana ho gaya tisare aura amtima dina adhara karda banane ke lie logo ki kaphi kaphi bhi da uma da pa di thi,sata prakhamda ka adhara card banane ke lie tarikha tina do assi se bhi sata guruvara ko samapana ho gaya tisare dina adhara card banane ke lie logom ki kafi kafi vira kumara pa di thi,0.83,0.48717948717948717,0.27230046948356806,
02-13646-02,deepgram,gramvaani,telephony,N/A,नमस्कार दोस्तों गिद्धौर मोबाइल वाणी से मैं संजीवन कुमार सिंह सुहागिन महिलाओं ने पति के दीर्घआयु के लिए आज रखा है निर्जला उपवास पति के दीर्घ आयु के लिए सुहागिन महिलाओं ने,नमस्कार दोस्तों mobile वाले से मैं संजीवन कुमार सिंह हूं सुहागिन महिलाओं ने पति के दिल drive के लिए आ रखा है निर्वाह हुआ पति के दिल drive के लिए सुहागिन महिलाओं ने,namaskara dostom giddhaura mobaila vani se maim samjivana kumara simha suhagina mahilaom ne pati ke dirghaayu ke lie aja rakha hai nirjala upavasa pati ke dirgha ayu ke lie suhagina mahilaom ne,namaskara dostom mobile vale se maim samjivana kumara simha hum suhagina mahilaom ne pati ke dila drive ke lie a rakha hai nirvaha hua pati ke dila drive ke lie suhagina mahilaom ne,0.656,0.34375,0.22797927461139897,
01-05501-03,deepgram,gramvaani,telephony,N/A,देख छप्पन इंच का सीना आतंकवादियों को आया पसीना कह रहा है हिन्दू हिंदुस्तान सुधर जाओ रे पाकिस्तान,डेढ़ छप्पन inch का सीना आतंकवादियों को आया पसीना कह रहा है हिंदू हिंदुस्तान सुभाष और pakistan,dekha chappana imcha ka sina atamkavadiyom ko aya pasina kaha raha hai hindu himdustana sudhara jao re pakistana,de dha chappana inch ka sina atamkavadiyom ko aya pasina kaha raha hai himdu himdustana subhasha aura pakistan,2.197,0.4444444444444444,0.11607142857142858,
01-01738-02,deepgram,gramvaani,telephony,N/A,भ्रष्टाचार शिष्टाचार बन गया है सभी जगह घूसखोरी निगरानी द्वारा उसी को पकड़ा जा रहा है जिस पर कोई पब्लिक पड़ गए हो और उसे पकड़वाया हो,भ्रष्टाचार वन गया है सभी जगह उसको भी निद्रा गुरुद्वारा उसी को पकड़ा जा रहा है जिस वर्ष कोई public पड़ गए हो और उसे पकड़वाया हो,bhrashtachara shishtachara bana gaya hai sabhi jagaha ghusakhori nigarani dvara usi ko paka da ja raha hai jisa para koi pablika pa da gae ho aura use paka davaya ho,bhrashtachara vana gaya hai sabhi jagaha usako bhi nidra gurudvara usi ko paka da ja raha hai jisa varsha koi public pa da gae ho aura use paka davaya ho,0.423,0.26666666666666666,0.2,
02-16847-01,deepgram,gramvaani,telephony,N/A,हाथुडीह को मिलेगा जल संकट से निजात चलेगा तालाब जोड़ो अभियान खबर है महुदा से अगर सब कुछ योजनाबद्ध तरीके से हुआ तो तो शीघ्र ही हाथुडीह पंचायत के लोगों,हाथों डी को मिलेगा जल संकट से निजात चलेगा तालाब जोड़ो अभियान खबर है महोदय से अगर सब कुछ योजनाबद्ध तरीके से हुआ तो शीघ्र ही हाथों डी पंचायत के लोगों,hathudiha ko milega jala samkata se nijata chalega talaba jo do abhiyana khabara hai mahuda se agara saba kucha yojanabaddha tarike se hua to to shighra hi hathudiha pamchayata ke logom,hathom di ko milega jala samkata se nijata chalega talaba jo do abhiyana khabara hai mahodaya se agara saba kucha yojanabaddha tarike se hua to shighra hi hathom di pamchayata ke logom,0.684,0.1935483870967742,0.08648648648648649,
13-00315-05,deepgram,gramvaani,telephony,N/A,विधायक सांसद जाना तय होगा,direct counter रहना pay होगा,vidhayaka samsada jana taya hoga,direct counter rahana pay hoga,0.547,0.8,0.59375,
02-17346-01,deepgram,gramvaani,telephony,N/A,के अध्यक्षता में संपन्न मंत्री परिषद की बैठक के बैठक के बाद पत्रकारों को सम्बोधित करते हुए मंत्रिमंडल सचिवालय विभाग के प्रधान सचिव,के अध्यक्षता में संपन्न मंत्री परिषद की बैठक की बैठक के बाद पत्रकारों को संबोधित करते हुए मंत्रिमंडल सचिवालय विभाग के प्रधान सचिव,ke adhyakshata mem sampanna mamtri parishada ki baithaka ke baithaka ke bada patrakarom ko sambodhita karate hue mamtrimamdala sachivalaya vibhaga ke pradhana sachiva,ke adhyakshata mem sampanna mamtri parishada ki baithaka ki baithaka ke bada patrakarom ko sambodhita karate hue mamtrimamdala sachivalaya vibhaga ke pradhana sachiva,0.513,0.043478260869565216,0.006024096385542169,
01-02106-02,deepgram,gramvaani,telephony,N/A,और वे लोग भी अपनी मर्जी से तो एक दू महीना सब्जी बेचतें फिर अपने घर के पालन पोषण के लिए दूसरी जगह मजदूरी के लिए पलायन करते हैं,और वह है लोग भी बीमा जी के ऐसा एक दो महीना सर्दी देते हैं pickup में जाकर पालन पोषण के लिए दूसरी जगह मजदूरी के लिए plan करते हैं,aura ve loga bhi apani marji se to eka du mahina sabji bechatem phira apane ghara ke palana poshana ke lie dusari jagaha majaduri ke lie palayana karate haim,aura vaha hai loga bhi bima ji ke aisa eka do mahina sardi dete haim pickup mem jakara palana poshana ke lie dusari jagaha majaduri ke lie plan karate haim,0.475,0.4827586206896552,0.28662420382165604,
02-21859-01,deepgram,gramvaani,telephony,N/A,तब तक आप सुनते रहिये हँसी की डोली कार्यक्रम आपके अपने मोबाइल वाणी पर अगर आपको हमारी खट्टी मीठी बातें दोस्तों और परिवार वालो को भी सुनाये,तब तक आप सुनते रहिये हंसी की टोली कार्यक्रम आपके अपने mobile वाणी पर अगर आपको हमारे खर्चे मीठी वाले दोस्तों और परिवार वालों को भी सुनाये,taba taka apa sunate rahiye ha nsi ki doli karyakrama apake apane mobaila vani para agara apako hamari khatti mithi batem dostom aura parivara valo ko bhi sunaye,taba taka apa sunate rahiye hamsi ki toli karyakrama apake apane mobile vani para agara apako hamare kharche mithi vale dostom aura parivara valom ko bhi sunaye,0.491,0.2857142857142857,0.08695652173913043,
02-22739-01,deepgram,gramvaani,telephony,N/A,गुड़िया के लिए शायद वो आगे जानेंगे की माजी के बातों का का हमारे पति पर कितना असर पड़ता है हमारे पति हमारा साथ देंगे तब तक के लिए आप हमें बताइये,गुड़िया के लिए शायद वह आगे जानेंगे कि मां जी की बातों का का हमारे पति पर कितना असर पड़ता है हमारे पति हमारा साथ देंगे तब तक के लिए आप हमें बताइए,gu diya ke lie shayada vo age janemge ki maji ke batom ka ka hamare pati para kitana asara pa data hai hamare pati hamara satha demge taba taka ke lie apa hamem bataiye,gu diya ke lie shayada vaha age janemge ki mam ji ki batom ka ka hamare pati para kitana asara pa data hai hamare pati hamara satha demge taba taka ke lie apa hamem bataie,0.75,0.14705882352941177,0.041666666666666664,
01-08047-01,deepgram,gramvaani,telephony,N/A,अधिकार की जानकारी दे तथा महिलाएं किसी भी अधिकार पर बहुत कम ही महिलायें भागीदारी ले पाती है क्योकि पंचायत की अधिकतर महिलाएं अशिक्षित होती,विकास की जानकारी दें तथा महिलाएं किसी भी अधिकार पर बहुत कम की महिलाएं भागीदारी ले पाती है क्योंकि पंचायत के अधिकतर महिलाएं,adhikara ki janakari de tatha mahilaem kisi bhi adhikara para bahuta kama hi mahilayem bhagidari le pati hai kyoki pamchayata ki adhikatara mahilaem ashikshita hoti,vikasa ki janakari dem tatha mahilaem kisi bhi adhikara para bahuta kama ki mahilaem bhagidari le pati hai kyomki pamchayata ke adhikatara mahilaem,0.821,0.32,0.1524390243902439,
01-11183-02,deepgram,gramvaani,telephony,N/A,है जो जोकि चौथी पारी में असंभव बताया जा रहा है इंग्लैंड ने दिन का खेल ख़त्म होने तक बिना किसी नुकसान के तेईस रन बना लिए हैं,जो कि चौथी पारी में असंभव बताया जा रहा है england ने दिन का खेल खत्म होने तक बिना किसी नुकसान के तेईस run बना लिए हैं,hai jo joki chauthi pari mem asambhava bataya ja raha hai imglaimda ne dina ka khela katma hone taka bina kisi nukasana ke teisa rana bana lie haim,jo ki chauthi pari mem asambhava bataya ja raha hai england ne dina ka khela khatma hone taka bina kisi nukasana ke teisa run bana lie haim,1.209,0.17857142857142858,0.09523809523809523,
02-16015-01,deepgram,gramvaani,telephony,N/A,की मदद से अफ़ग़ानिस्तान ने लचर शुरुआत से उबरकर बांग्लादेश के खिलाफ एशियाई कप,की मदद से afghanistan ने लचर शुरुआत से उबर कर बांग्लादेश के खिलाफ एशियाई cup,ki madada se afaganistana ne lachara shuruata se ubarakara bamgladesha ke khilapha eshiyai kapa,ki madada se afghanistan ne lachara shuruata se ubara kara bamgladesha ke khilapha eshiyai cup,1.671,0.2857142857142857,0.07368421052631578,
01-06755-01,deepgram,gramvaani,telephony,N/A,मैं राधु राय धनबाद मोबाइल मीडिया महुदा झारखंड से लव कुश योजना अधर में लटका चिलचिलाती धुप गर्म हवा गर्मी छियालीस डिग्री पर आम जन प्यासे और पशु पक्षी प्यास के मारे बेहाल पानी की खोज में दूर दूर तक भटक रहे,मैं राघव राज धनबाद अग्रवाल बढ़िया सौदा झारखंड जिला कुल्छी योजना घर में लटका इस इलाके दो गर्म हवा गर्मी चालीस degree पर आम जन प्यासे और पशु पत्ती इस प्रकार के मारे बेहाल अन्य क्षेत्रों में लोग दूर दूर तक बचाकर,maim radhu raya dhanabada mobaila midiya mahuda jharakhamda se lava kusha yojana adhara mem lataka chilachilati dhupa garma hava garmi chiyalisa digri para ama jana pyase aura pashu pakshi pyasa ke mare behala pani ki khoja mem dura dura taka bhataka rahe,maim raghava raja dhanabada agravala ba dhiya sauda jharakhamda jila kulchi yojana ghara mem lataka isa ilake do garma hava garmi chalisa degree para ama jana pyase aura pashu patti isa prakara ke mare behala anya kshetrom mem loga dura dura taka bachakara,6.801,0.5714285714285714,0.28627450980392155,
01-03176-02,deepgram,gramvaani,telephony,N/A,जाने वाले रोड का पक्कीकरण व सौन्दर्यकरण किया जाएगा मौके पर आदिवासी विकास मंच के प्रवक्ता उमित सोरेन,जाने वाले road का वर्गीकरण और सौंदर्यीकरण किया जाएगा मौके पर आदिवासी विकास मंच के प्रवक्ता उन्नीस सौरेन,jane vale roda ka pakkikarana va saundaryakarana kiya jaega mauke para adivasi vikasa mamcha ke pravakta umita sorena,jane vale road ka vargikarana aura saumdaryikarana kiya jaega mauke para adivasi vikasa mamcha ke pravakta unnisa saurena,0.615,0.3333333333333333,0.1282051282051282,
01-06865-02,deepgram,gramvaani,telephony,N/A,बजे तो सुनना न भूलें लें जनता की रिपोर्ट हर शाम पाँच बजे बजे आपके मोबाइल वाणी पर ध धन्यवाद,तो सुनना ना भूले play जनता की report हर शाम five:zero बजे आपके mobile वाणी पर धन्यवाद,baje to sunana na bhulem lem janata ki riporta hara shama pa ncha baje baje apake mobaila vani para dha dhanyavada,to sunana na bhule play janata ki report hara shama five zero baje apake mobile vani para dhanyavada,0.81,0.42857142857142855,0.24561403508771928,
01-06596-02,deepgram,gramvaani,telephony,N/A,किसानो को बोनस नहीं दी दी इस तरह बिहार के किसानो किसानो की आर्थिक स्थिति स्थिति अन्य राज्यों की तुलना में काफी दयनीय है इसके लिए यह सरकार काफी जिम्मेवार है धन्यवाद,किसानों को bonus नहीं दी इस तरह बिहार के किसानों शानो की आर्थिक क्षति अन्य राज्यों की तुलना में काफ़ी देनी है इसके लिए यह सरकार काफ़ी जिम्मेवार है,kisano ko bonasa nahim di di isa taraha bihara ke kisano kisano ki arthika sthiti sthiti anya rajyom ki tulana mem kaphi dayaniya hai isake lie yaha sarakara kaphi jimmevara hai dhanyavada,kisanom ko bonus nahim di isa taraha bihara ke kisanom shano ki arthika kshati anya rajyom ki tulana mem kafi deni hai isake lie yaha sarakara kafi jimmevara hai,0.619,0.34375,0.2074468085106383,
01-04132-03,deepgram,gramvaani,telephony,N/A,वन डब ऐट डबल जीरो द्वारा सोलह मार्च दो हजार सोलह को अनुसूचित जाती का प्रमाणपत्र हासिल कर चुनाव में आरक्षण का फायदा ले लिया श्री,one double eight double zero द्वारा सोलह march दो हज़ार सोलह को अनुसूचित जाति का प्रमाण पत्र हासिल कर चुनाव में आरक्षण का फ़ायदा ले लिया three,vana daba aita dabala jiro dvara solaha marcha do hajara solaha ko anusuchita jati ka pramanapatra hasila kara chunava mem arakshana ka phayada le liya shri,one double eight double zero dvara solaha march do hazara solaha ko anusuchita jati ka pramana patra hasila kara chunava mem arakshana ka fayada le liya three,0.306,0.4230769230769231,0.16025641025641027,
01-11742-01,deepgram,gramvaani,telephony,N/A,कर्मचारी राज्य बीमा योजना ना तथा एन पी एस के पास नए सदस्यों के नामांकन पर आधारित हैं हैं रिपोर्ट के अनुसार सितम्बर दो हज़ार सतरह से,कर्मचारी राज्य बीमा योजना तथा nps के पास नए सदस्यों के नामांकन पर आधारित है report के अनुसार september दो हज़ार सत्रह से,karmachari rajya bima yojana na tatha ena pi esa ke pasa nae sadasyom ke namamkana para adharita haim haim riporta ke anusara sitambara do hazara sataraha se,karmachari rajya bima yojana tatha nps ke pasa nae sadasyom ke namamkana para adharita hai report ke anusara september do hazara satraha se,1.357,0.3333333333333333,0.15286624203821655,
01-05071-03,deepgram,gramvaani,telephony,N/A,एक ऐसा कुछ अधिकर्मियों की गलती मान लो चाहे कुछ किसानों की गलती मान लो तो जरूरी नहीं है कि पूरे मध्य प्रदेश में हमारे सभी किसानों ने बीमा,कि ऐसा कुछ अधिकारियों की गलती मान लो चाहे कुछ किसानों की गलती मान लो तो ज़रूरी नहीं है कि पूरे मध्यप्रदेश में हमारे सभी किसानों ने बीमा,eka aisa kucha adhikarmiyom ki galati mana lo chahe kucha kisanom ki galati mana lo to jaruri nahim hai ki pure madhya pradesha mem hamare sabhi kisanom ne bima,ki aisa kucha adhikariyom ki galati mana lo chahe kucha kisanom ki galati mana lo to zaruri nahim hai ki pure madhyapradesha mem hamare sabhi kisanom ne bima,0.418,0.1724137931034483,0.03125,
13-00272-06,deepgram,gramvaani,telephony,N/A,में की बोली गयी है कि बारह बजे दिन से से दो बजे तक ही ताजिया,अखिल मैं बोली गई है कि बारह बजे दिन से दो बजे तक के साथ या,mem ki boli gayi hai ki baraha baje dina se se do baje taka hi tajiya,akhila maim boli gai hai ki baraha baje dina se do baje taka ke satha ya,1.035,0.4375,0.2898550724637681,
01-12107-01,deepgram,gramvaani,telephony,N/A,ने छात्र को को इस आधार पर अनुमति दी है कि उसने दो हज़ार अठारह रा राष्ट्रीय पात्रता एवं प्रवेश परीक्षा क्षा असक्षम लोगों के वर्ग में पास की है,ने छात्रों को इस आधार पर अनुमति दी है कि उसने दो हज़ार अठारह पर राष्ट्रीय पात्रता एवं प्रवेश परीक्षा असक्षम लोगों के वर्ग में पास की,ne chatra ko ko isa adhara para anumati di hai ki usane do hazara atharaha ra rashtriya patrata evam pravesha pariksha ksha asakshama logom ke varga mem pasa ki hai,ne chatrom ko isa adhara para anumati di hai ki usane do hazara atharaha para rashtriya patrata evam pravesha pariksha asakshama logom ke varga mem pasa ki,0.482,0.16666666666666666,0.09146341463414634,
01-11453-01,deepgram,gramvaani,telephony,N/A,रेलवे में गेट मैन के लिए एक हज़ार चार सौ उनासी पदों के लिए करें अप्लाई ख़बर है पटना से पूर्व मध्य रेल ने एक हज़ार चार सौ उनासी पदों के लिए,railway में gateman के लिए एक हज़ार चार सौ उनासी पदों के लिए करें apply खबर है पटना से पूर्व मध्य rail ने एक हज़ार चार सौ उन्नासी पदों के लिए,relave mem geta maina ke lie eka hazara chara sau unasi padom ke lie karem aplai kabara hai patana se purva madhya rela ne eka hazara chara sau unasi padom ke lie,railway mem gateman ke lie eka hazara chara sau unasi padom ke lie karem apply khabara hai patana se purva madhya rail ne eka hazara chara sau unnasi padom ke lie,0.458,0.21875,0.1111111111111111,
01-01599-03,deepgram,gramvaani,telephony,N/A,की बहुत सी तरह की बीमारियाँ जो उत्प्न्न होती हैं जो की किसान भाई लोग काफ़ी दुःख छूटे हुए हैं और ऐसे ही मतलब बहुत सारे किसान हैं लेकिन फिर भी ये उर्वरक हमेशा डालतें हैं और आज तक हमारी झारखण्ड सरकार हैं की कुछ,जी बहुत ही तरह की बीमारियां उत्पन्न होती है जो कि किसान भाई लोग काफ़ी डूब चुके हुए हैं और ऐसे ही मतलब बहुत सारे किसान हैं लेकिन फिर भी यह rural हमेशा डालते हैं और आज तक हमारी झारखंड सरकार ऐसी,ki bahuta si taraha ki bimariya n jo utpnna hoti haim jo ki kisana bhai loga kafi duhkha chute hue haim aura aise hi matalaba bahuta sare kisana haim lekina phira bhi ye urvaraka hamesha dalatem haim aura aja taka hamari jharakhanda sarakara haim ki kucha,ji bahuta hi taraha ki bimariyam utpanna hoti hai jo ki kisana bhai loga kafi duba chuke hue haim aura aise hi matalaba bahuta sare kisana haim lekina phira bhi yaha rural hamesha dalate haim aura aja taka hamari jharakhamda sarakara aisi,1.425,0.34782608695652173,0.12941176470588237,
01-10772-03,deepgram,gramvaani,telephony,N/A,योजना लागू किए जाने पर आम लोगों ने सरकार व ज़िला प्रसाशन को बधाई भी दी और अब समाचार खेल से,लागू किए जाने पर आम लोगों ने सरकार व जिला प्रशासन को बधाई भी दी और अब समाचार खेल से,yojana lagu kie jane para ama logom ne sarakara va zila prasashana ko badhai bhi di aura aba samachara khela se,lagu kie jane para ama logom ne sarakara va jila prashasana ko badhai bhi di aura aba samachara khela se,0.433,0.14285714285714285,0.09009009009009009,
koramangala-quiet,sarvam,self,quiet,Koramangala,haan bhai main koramangala mein rehta hoon kab aana hai,"हाँ भाई, मैं कोरामंगला में ही रहता हूँ। कैब आना है?",haan bhai main koramangala mein rehta hoon kab aana hai,ha n bhai maim koramamgala mem hi rahata hu n| kaiba ana hai,2.124,1.1,0.2727272727272727,1.0
indranagar-quet,sarvam,self,quiet,Indiranagar,mera ghar indiranagar mein hai 100 feet road ke paas,"मेरे घर इंद्रानगर मेन है, 100 फीट रोड के पास।",mera ghar indiranagar mein hai 100 feet road ke paas,mere ghara imdranagara mena hai 100 phita roda ke pasa|,2.096,0.7,0.28846153846153844,1.0
whitefield-quiet,sarvam,self,quiet,Whitefield,office whitefield mein hai roz ghanta bhar jaata hoon,"ऑफिस वाइट फील्ड में है, रोज़ घंटा बाहर जाता हूँ।",office whitefield mein hai roz ghanta bhar jaata hoon,ऑphisa vaita philda mem hai roza ghamta bahara jata hu n|,2.086,1.1111111111111112,0.4339622641509434,1.0
electroniccity-quite,sarvam,self,quiet,Electronic City,haan electronic city phase one mein kaam karta hoon,"हाँ, इलेक्ट्रॉनिक सिटी फेस वन मेन काम करता हूँ।",haan electronic city phase one mein kaam karta hoon,ha n ilektraॉnika siti phesa vana mena kama karata hu n|,2.151,1.2222222222222223,0.43137254901960786,1.0
Marathahalli-quiet,sarvam,self,quiet,Marathahalli,main marathahalli mein rehta hoon bridge ke paas wala area,"मैं इन मरतहल्ली में रहता हूँ, ब्रिज के पास वाला एरिया है।",main marathahalli mein rehta hoon bridge ke paas wala area,maim ina maratahalli mem rahata hu n brija ke pasa vala eriya hai|,2.195,1.2,0.43103448275862066,1.0
Jayanagar-noisy,sarvam,self,noisy,Jayanagar,jayanagar mein flat dhundh raha hoon koi option hai kya,"जया नागर में फ्लैट ढूंढ रहा हूँ, कोई ऑप्शन है क्या?",jayanagar mein flat dhundh raha hoon koi option hai kya,jaya nagara mem phlaita dhumdha raha hu n koi ऑpshana hai kya,2.202,0.8,0.3090909090909091,1.0
Rajajinagar-noisy,sarvam,self,noisy,Rajajinagar,bhai rajajinagar se majestic kitna time lagta hai,भाई राजाजीनगर से मैजेस्टिक कितना टाइम लगता है?,bhai rajajinagar se majestic kitna time lagta hai,bhai rajajinagara se maijestika kitana taima lagata hai,2.138,0.625,0.16326530612244897,1.0
Hebbal-noisy,sarvam,self,noisy,Hebbal,main hebbal flyover ke paas hoon abhi traffic mein hoon,"मेन हेब्बल फ्लाईओवर के पास हूं अभी, ट्रैफिक में हूं।",main hebbal flyover ke paas hoon abhi traffic mein hoon,mena hebbala phlaiovara ke pasa hum abhi traiphika mem hum|,2.091,0.8,0.45454545454545453,1.0
yelahanka-noisy,sarvam,self,noisy,Yelahanka,yelahanka new town mein ek room chahiye budget kam hai,"इलाहन का न्यू टाउन में एक रूम चाहिए, बजट कम है।",yelahanka new town mein ek room chahiye budget kam hai,ilahana ka nyu tauna mem eka ruma chahie bajata kama hai|,2.083,1.1,0.42592592592592593,0.0
banashankari-noisy,sarvam,self,noisy,Banashankari,banashankari mein rehti hoon temple ke paas wala area,बनाशंगरी में रहते हों टेम्पुल के पास वाला एरिया।,banashankari mein rehti hoon temple ke paas wala area,banashamgari mem rahate hom tempula ke pasa vala eriya|,2.319,0.8888888888888888,0.33962264150943394,1.0
hsrlayout-rushed,sarvam,self,rushed,HSR Layout,hsr layout second sector mein hoon jaldi batao,"अरे अरे अरे अरे, एचएसआर लेआउट सेकंड सेक्टर में हो, जल्दी जल्दी बटो।",hsr layout second sector mein hoon jaldi batao,are are are are echaesaara leauta sekamda sektara mem ho jaldi jaldi bato|,2.395,1.5,0.9565217391304348,1.0
btmlayout-rushed,sarvam,self,rushed,BTM Layout,btm layout se silk board kitna door hai bhai jaldi,"बीटीएम लेआउट का सिल्क बोर्ड कितना डोर है भाई, जल्दी?",btm layout se silk board kitna door hai bhai jaldi,bitiema leauta ka silka borda kitana dora hai bhai jaldi,2.118,0.7,0.32,1.0
majestic-rushed,sarvam,self,rushed,Majestic,majestic bus stand pe hoon bus nikal jaayegi,"दूसरी बस स्टैंड पे हो हम, बस निकल जाएगी।",majestic bus stand pe hoon bus nikal jaayegi,dusari basa staimda pe ho hama basa nikala jaegi|,2.125,1.0,0.5227272727272727,0.0
silkboard-rushed,sarvam,self,rushed,Silk Board,silk board junction pe jam hai late ho raha hoon,"सिल्क बोर्ड जंक्शन पे जाम है, लेट हो रहा ना हो।",silk board junction pe jam hai late ho raha hoon,silka borda jamkshana pe jama hai leta ho raha na ho|,2.152,0.7,0.375,1.0
bellandur-rushed,sarvam,self,rushed,Bellandur,bellandur mein hoon cab book karo jaldi please,"वेलोंदूर मेन हॉन, क्या बुक कर दो जल्दी प्लीज प्लीज प्लीज प्लीज प्लीज प्लीज।",bellandur mein hoon cab book karo jaldi please,velomdura mena haॉna kya buka kara do jaldi plija plija plija plija plija plija|,3.162,1.625,1.1304347826086956,0.0
sarjapur-whisper,sarvam,self,whisper,Sarjapur,sarjapur road pe ek pg dhundh raha hoon affordable chahiye,"सरजाबूर रोड पे एक पेज ढूंढ रहा हूँ, अफोर्डेबल चाहिए।",sarjapur road pe ek pg dhundh raha hoon affordable chahiye,sarajabura roda pe eka peja dhumdha raha hu n aphordebala chahie|,2.373,0.9,0.3448275862068966,1.0
bommanahalli-whisper,sarvam,self,whisper,Bommanahalli,bommanahalli mein rehta hoon kaam ke liye apply karna tha,"वह माली में रहता हूँ, काम के लिए अप्लाई करना था।",bommanahalli mein rehta hoon kaam ke liye apply karna tha,vaha mali mem rahata hu n kama ke lie aplai karana tha|,2.555,1.1,0.38596491228070173,0.0
krpuram-whisper,sarvam,self,whisper,KR Puram,kr puram station ke paas hoon koi job hai kya paas mein,"कैपी फार्म स्टेशन के पास हूँ, कोई जॉब है क्या पास में?",kr puram station ke paas hoon koi job hai kya paas mein,kaipi pharma steshana ke pasa hu n koi jaॉba hai kya pasa mem,2.225,0.75,0.43636363636363634,0.0
peenya-whisper,sarvam,self,whisper,Peenya,peenya industrial area mein supervisor ka kaam chahiye,पेन या इंटेस्ट्रल एरिया में इन सुपरवाइजर का क्या हम चाहिए?,peenya industrial area mein supervisor ka kaam chahiye,pena ya imtestrala eriya mem ina suparavaijara ka kya hama chahie,2.156,1.25,0.46296296296296297,1.0
yeshwanthpur-whisper,sarvam,self,whisper,Yeshwanthpur,yeshwanthpur se koi factory job milegi kya experience hai,यशवंतपुर से कोई फैक्ट्री जॉब में लेंगे क्या एक्सपीरियंस है ये?,yeshwanthpur se koi factory job milegi kya experience hai,yashavamtapura se koi phaiktri jaॉba mem lemge kya eksapiriyamsa hai ye,2.131,0.7777777777777778,0.5614035087719298,1.0
01-04397-02,sarvam,gramvaani,telephony,N/A,बेईमानी और भ्रस्टाचारी की वजह से जनप्रतिनिधि अधिकारी व बिचौलिए माला माल हो रहे हैं,बेईमानी और भ्रष्टाचारी की वजह से जनप्रतिनिधि अधिकारी व बिचौलीय मालामाल हो रहे हैं।,beimani aura bhrastachari ki vajaha se janapratinidhi adhikari va bichaulie mala mala ho rahe haim,beimani aura bhrashtachari ki vajaha se janapratinidhi adhikari va bichauliya malamala ho rahe haim|,2.52,0.3333333333333333,0.05102040816326531,
01-01025-03,sarvam,gramvaani,telephony,N/A,कि बच्चे लेने वालों की संख्या अब समय आ गया है इन बच्चों का जिम्मा सरकार ले और गर्भपात पर रोक लगा दे कौन जनता है,कि बच्चे लेने वालों की संख्या में अब समय आ गया है कि इन बच्चों का जिम्मा सरकार ले और गर्भपात पर रोक लगा दे। कौन जानता है?,ki bachche lene valom ki samkhya aba samaya a gaya hai ina bachchom ka jimma sarakara le aura garbhapata para roka laga de kauna janata hai,ki bachche lene valom ki samkhya mem aba samaya a gaya hai ki ina bachchom ka jimma sarakara le aura garbhapata para roka laga de| kauna janata hai,2.735,0.11538461538461539,0.05755395683453238,
01-09868-01,sarvam,gramvaani,telephony,N/A,नमस्कार आदाब श्रोताओं मैं श्वेता बिहार मोबाइल वाणी पर पेश करती हूँ शाम की सुर्खियाँ मानसून की बारिश से पानी,"नमस्कार, आदाब श्रोताओं। मैं श्वेता बिहार मोबाइल वाणी पर पेश करती हूँ शाम की सुर्खियाँ। मानसून की बारिश से पानी।",namaskara adaba shrotaom maim shveta bihara mobaila vani para pesha karati hu n shama ki surkhiya n manasuna ki barisha se pani,namaskara adaba shrotaom| maim shveta bihara mobaila vani para pesha karati hu n shama ki surkhiya n| manasuna ki barisha se pani|,2.684,0.13636363636363635,0.023622047244094488,
01-08600-03,sarvam,gramvaani,telephony,N/A,लगाने का विकल्प मिल सकता है श्रम मंत्रालय निवेश पर मौजूदा कैप को हटाने के लिए नीति बना रहा है ऐसा होने पर पीएफ खाता धारकों को ज्यादा रिटर्न पाने का मौका मिल सकता है,लगाने का विकल्प मिल सकता है। श्रम मंत्रालय निवेश पर मौजूदा कैप को हटाने के लिए नीति बना रहा है। ऐसा होने पर पीएफ खाता धारकों को ज्यादा रिटर्न पाने का मौका मिल सकता है।,lagane ka vikalpa mila sakata hai shrama mamtralaya nivesha para maujuda kaipa ko hatane ke lie niti bana raha hai aisa hone para piepha khata dharakom ko jyada ritarna pane ka mauka mila sakata hai,lagane ka vikalpa mila sakata hai| shrama mamtralaya nivesha para maujuda kaipa ko hatane ke lie niti bana raha hai| aisa hone para piepha khata dharakom ko jyada ritarna pane ka mauka mila sakata hai|,3.316,0.08571428571428572,0.015151515151515152,
01-07995-03,sarvam,gramvaani,telephony,N/A,मदिरा नशा जैसी सामाजिक बुराई ने आज हमारे समाज एंव राष्ट्र को एक बड़ी शराब ना केवल लाखों हँसते खेलते परिवारों को रोने पर मजबूर कर दिया,मदूरा लसा जैसी सामाजिक दवाई ने आज हमारे समाज के रमदास को एक बड़ी शराब में केवल लाखों हॉस्पिटल के परिवारों को रोने पर मजदूर कर दिया।,madira nasha jaisi samajika burai ne aja hamare samaja emva rashtra ko eka ba di sharaba na kevala lakhom ha nsate khelate parivarom ko rone para majabura kara diya,madura lasa jaisi samajika davai ne aja hamare samaja ke ramadasa ko eka ba di sharaba mem kevala lakhom haॉspitala ke parivarom ko rone para majadura kara diya|,2.595,0.3793103448275862,0.18902439024390244,
01-05263-01,sarvam,gramvaani,telephony,N/A,में रहता है आजकल तो लड़की वाले दहेज़ के अलावा लड़की के लड़की के लिए दस से बीस हज़ार,रूप में रहता है। आजकल तो लड़के वाले दहेज के अलावा लड़की के लिए 10 से 20 वर्षों में।,mem rahata hai ajakala to la daki vale daheza ke alava la daki ke la daki ke lie dasa se bisa hazara,rupa mem rahata hai| ajakala to la dake vale daheja ke alava la daki ke lie 10 se 20 varshom mem|,2.381,0.5,0.34,
01-03411-01,sarvam,gramvaani,telephony,N/A,राजू तिवारी आलोक कुमार के अलावे कई लोग उपस्थित थे इसी के साथ मैं शिवनारायण रिपोर्टर बोकारो मोबाइल मीडिया जरीडीह बोकारो से,"राजू तिवारी, आलोक कुमार के अलावा कई लोग उपस्थित थे। इसी के साथ मैं शिव नारायण रिपोर्टर बोकारो मोबाइल मीडिया जरीडी बोकारो से।",raju tivari aloka kumara ke alave kai loga upasthita the isi ke satha maim shivanarayana riportara bokaro mobaila midiya jaridiha bokaro se,raju tivari aloka kumara ke alava kai loga upasthita the| isi ke satha maim shiva narayana riportara bokaro mobaila midiya jaridi bokaro se|,2.89,0.2727272727272727,0.04316546762589928,
02-16304-01,sarvam,gramvaani,telephony,N/A,आज देखा जा रहा है की हमारे धान के खेत धान मरने की स्थिति में हो गए थी थी आज इस नए झारखण्ड में हमारी बारिश होने का,आज देखा जा रहा है कि हमारे धान के खेत धान मरने की स्थिति में हो गई थी। आज एक मुनाई झारखंड में हमारी बारिश होने का।,aja dekha ja raha hai ki hamare dhana ke kheta dhana marane ki sthiti mem ho gae thi thi aja isa nae jharakhanda mem hamari barisha hone ka,aja dekha ja raha hai ki hamare dhana ke kheta dhana marane ki sthiti mem ho gai thi| aja eka munai jharakhamda mem hamari barisha hone ka|,2.596,0.25,0.08633093525179857,
01-00703-03,sarvam,gramvaani,telephony,N/A,गठित की है और जाँच चल रही है बावजूद की कोयला का अवैध उत्खनन एवं तस्करी बद्कसूर जारी है सीसीएल ढोरी प्रक्षेत्र के तारणी परियोजना स्थित,गठित की है और जांच चल रही है। बावजूद भी कोयला का अवैध उत्खनन एवं तस्करी बद्ध सूत जारी है। सीसीएल की ढोली पर क्षेत्र के तारवी परियोजना स्थित है।,gathita ki hai aura ja ncha chala rahi hai bavajuda ki koyala ka avaidha utkhanana evam taskari badkasura jari hai sisiela dhori prakshetra ke tarani pariyojana sthita,gathita ki hai aura jamcha chala rahi hai| bavajuda bhi koyala ka avaidha utkhanana evam taskari baddha suta jari hai| sisiela ki dholi para kshetra ke taravi pariyojana sthita hai|,3.206,0.48148148148148145,0.1317365269461078,
01-00666-01,sarvam,gramvaani,telephony,N/A,प्रतिभागियों को दिया मौके पर दर्जनों सदस्यों ने भाग लिया एवं प्रति पर अपने विचार लिखित रूप से जमा किया मैं राधू राय महुदा धनबाद से,"एक कुशल प्रतिभागी को दिया, मौके पर दर्जनों सदस्यों ने भाग लिया एवं प्रतिभागी पर अपने विचार लिखित रूप से जिम्मा किया। मेरे धन्यवाद से धन्यवाद।",pratibhagiyom ko diya mauke para darjanom sadasyom ne bhaga liya evam prati para apane vichara likhita rupa se jama kiya maim radhu raya mahuda dhanabada se,eka kushala pratibhagi ko diya mauke para darjanom sadasyom ne bhaga liya evam pratibhagi para apane vichara likhita rupa se jimma kiya| mere dhanyavada se dhanyavada|,2.894,0.46153846153846156,0.27564102564102566,
01-01992-01,sarvam,gramvaani,telephony,N/A,करोड़ों रुपया में मिला हुआ है वैसे भी किसी बच्ची के नाम पर दस हजार बीस हजार पच्चीस हजार तीस हजार रुपया तक बाकया हो जाता है,"करोड़ रुपए में किया हुआ है, जैसे कि किसी व्यक्ति के नाम पर दस हज़ार, बीस हज़ार, पच्चीस हज़ार, तीस हज़ार रुपए तक बाक़ाया हो जाता है।",karo dom rupaya mem mila hua hai vaise bhi kisi bachchi ke nama para dasa hajara bisa hajara pachchisa hajara tisa hajara rupaya taka bakaya ho jata hai,karo da rupae mem kiya hua hai jaise ki kisi vyakti ke nama para dasa hazara bisa hazara pachchisa hazara tisa hazara rupae taka baqaya ho jata hai|,2.903,0.4642857142857143,0.1513157894736842,
01-04281-03,sarvam,gramvaani,telephony,N/A,कोई विश्वासनीय खाका है जिसको आप जानते हैं हैं बिहार मोबाइल वाणी के लिए खजौली मधुबनी से रामाशीष सिंह धन्यवाद,कोई विश्वासीय खाका है जिसको आप जानते हैं? बिहार मोबाइल वाणी के लिए खजौली मधुबनी से रामाश्री सिंह मनोहर।,koi vishvasaniya khaka hai jisako apa janate haim haim bihara mobaila vani ke lie khajauli madhubani se ramashisha simha dhanyavada,koi vishvasiya khaka hai jisako apa janate haim bihara mobaila vani ke lie khajauli madhubani se ramashri simha manohara|,2.869,0.2,0.13740458015267176,
01-04493-02,sarvam,gramvaani,telephony,N/A,नमस्कार मधुबनी मोबाइल वाणी के लिए मैं मधवापुर साहरघाट से राजकिशोर यादव मधवापुर प्रखंड के बलवा गाँव में ग्यारह हजार तार पुपरी की ओर जाने वाली सड़क पर आज सुबह गिर गया है ग्यारह हजार तार गिर जाने से,"नमस्कार, मैं मधुबानी मोबाइल वाणी के लिए मैं मधलापुर तारघाट से राजकिशोर जादा। मधलापुर प्रखंड के बलवा गाँव में 11,000 तार ऊपरी चौरों जाने वाली सड़क पर आज सुबह गिर गया है। 11,000 तार गिर जाने से।",namaskara madhubani mobaila vani ke lie maim madhavapura saharaghata se rajakishora yadava madhavapura prakhamda ke balava ga nva mem gyaraha hajara tara pupari ki ora jane vali sa daka para aja subaha gira gaya hai gyaraha hajara tara gira jane se,namaskara maim madhubani mobaila vani ke lie maim madhalapura taraghata se rajakishora jada| madhalapura prakhamda ke balava ga nva mem 11 000 tara upari chaurom jane vali sa daka para aja subaha gira gaya hai| 11 000 tara gira jane se|,3.326,0.34146341463414637,0.1935483870967742,
01-08776-01,sarvam,gramvaani,telephony,N/A,इस कार्य में काफ़ी संघर्ष का सामना करना पड़ा अब उन्होंने अर्पण नेचर सवेर ग्रुप बनाकर झी झील की दुबारा खूबसूरती लाने का भरसक प्रयास कर रहे हैं,इस कार्य में काफी संघर्ष का सामना करना पड़ा। अब उन्होंने अर्पन नेचर सेवर ग्रुप बनाकर झील की दोबारा खूबसूरती लाने का बढ़सक प्रयास कर रहे हैं।,isa karya mem kafi samgharsha ka samana karana pa da aba unhomne arpana nechara savera grupa banakara jhi jhila ki dubara khubasurati lane ka bharasaka prayasa kara rahe haim,isa karya mem kaphi samgharsha ka samana karana pa da| aba unhomne arpana nechara sevara grupa banakara jhila ki dobara khubasurati lane ka ba dhasaka prayasa kara rahe haim|,3.348,0.27586206896551724,0.08620689655172414,
01-10651-02,sarvam,gramvaani,telephony,N/A,की वजह से जनता को परेशान होना पड़ेगा पुलिस मुख्यालय की पहल को नया नंबर अलोट करने का निर्णय लिया,इसकी वजह से जनता को परेशान होना पड़ेगा। पुलिस मुख्यालय की पहल को नया नंबर अलॉट करने का निर्णय लिया।,ki vajaha se janata ko pareshana hona pa dega pulisa mukhyalaya ki pahala ko naya nambara alota karane ka nirnaya liya,isaki vajaha se janata ko pareshana hona pa dega| pulisa mukhyalaya ki pahala ko naya nambara alaॉta karane ka nirnaya liya|,2.877,0.19047619047619047,0.059322033898305086,
01-00622-03,sarvam,gramvaani,telephony,N/A,जो भी है पहले का पंचायत भवन पुराना टुटल फुटल उसमें हमलोग बैठक चलाते हैं तो उसमे बरसात के सीजन में पानी घुस जाता है और धँसने वाला भी है है कहीं बैठक के समय धँस गया तो फिर लोगों की,तो जो भी है पहले का पंचायत भवन पुराना टुटल फुटल उसमें हम लोग बाइक चलाते हैं तो उसमें वर्षा का सीजन में पानी घुस जाता है और दसने का वाला भी है कहीं बैठे समय दस जाएगा तो फिर लोगों की,jo bhi hai pahale ka pamchayata bhavana purana tutala phutala usamem hamaloga baithaka chalate haim to usame barasata ke sijana mem pani ghusa jata hai aura dha nsane vala bhi hai hai kahim baithaka ke samaya dha nsa gaya to phira logom ki,to jo bhi hai pahale ka pamchayata bhavana purana tutala phutala usamem hama loga baika chalate haim to usamem varsha ka sijana mem pani ghusa jata hai aura dasane ka vala bhi hai kahim baithe samaya dasa jaega to phira logom ki,2.825,0.3488372093023256,0.14225941422594143,
01-10039-03,sarvam,gramvaani,telephony,N/A,ये खुल गया प्राइस बैंड चार सौ अठारह से चार सौ बाईस रूपए और मिनिमम लोट साइज़ इज़ पैंतीस शेयर रखा गया है आई पी ओ दस अगस्ट तक खुला रहेगा,यह खुल गया। प्राइस बैंड 418 से 422 रुपये और मिनिमम लॉट साइज 35 शेयर रखा गया है। आईपीओ 10 अगस्त तक खुला रहेगा।,ye khula gaya praisa baimda chara sau atharaha se chara sau baisa rupae aura minimama lota saiza iza paimtisa sheyara rakha gaya hai ai pi o dasa agasta taka khula rahega,yaha khula gaya| praisa baimda 418 se 422 rupaye aura minimama laॉta saija 35 sheyara rakha gaya hai| aipio 10 agasta taka khula rahega|,2.572,0.6129032258064516,0.3588235294117647,
01-03999-01,sarvam,gramvaani,telephony,N/A,की सर्विस लगा पर रोक लगा कर रख दिया गया है पैदल चलने वाले यात्रियों को बहुत दिक्कत होती हैं साथ ही दो पहिये वाहन तथा चार पहिये वाहन के गुजरने में भारी दिक्कतें होती है,,ki sarvisa laga para roka laga kara rakha diya gaya hai paidala chalane vale yatriyom ko bahuta dikkata hoti haim satha hi do pahiye vahana tatha chara pahiye vahana ke gujarane mem bhari dikkatem hoti hai,none,0.0,1.0,0.9804878048780488,
02-12587-02,sarvam,gramvaani,telephony,N/A,से जिससे हमारा जीवन प्रभावित होती है होती है और आज भी हम एक ऐसे ही मुद्दे के साथ हाज़िर है आपके सामने,,se jisase hamara jivana prabhavita hoti hai hoti hai aura aja bhi hama eka aise hi mudde ke satha hazira hai apake samane,none,0.0,1.0,0.9669421487603306,
01-11496-02,sarvam,gramvaani,telephony,N/A,अंत में समाचार खेल जगत से एशियाई खेल अंकिता के कांस्य के बाद भारत,,amta mem samachara khela jagata se eshiyai khela amkita ke kamsya ke bada bharata,none,0.0,1.0,0.9876543209876543,
02-12399-02,sarvam,gramvaani,telephony,N/A,नमस्कार आदाब श्रोताओं देश के कौन कौन से किसान मज़दूर यूनियन काफ़ी संख्या में इकठ्ठा होकर सरकार से अपनी माँगों को लेकर दिल्ली के पार्लियामेंट स्ट्रीट में धरना,,namaskara adaba shrotaom desha ke kauna kauna se kisana mazadura yuniyana kafi samkhya mem ikaththa hokara sarakara se apani ma ngom ko lekara dilli ke parliyamemta strita mem dharana,none,0.0,1.0,0.9781420765027322,
01-09796-02,sarvam,gramvaani,telephony,N/A,का एलान भारत और इंग्लैंड के बीच नौ अगस्त से लॉर्ड्स में खेले जाने वाले वाले दूसरे टेस्ट मैच के लिए गयी है एक वेस्टर्न टेस्ट में इंग्लैंड ने भारत को इकतीस रन,,ka elana bharata aura imglaimda ke bicha nau agasta se laॉrdsa mem khele jane vale vale dusare testa maicha ke lie gayi hai eka vestarna testa mem imglaimda ne bharata ko ikatisa rana,none,0.0,1.0,0.9836065573770492,
01-07562-01,sarvam,gramvaani,telephony,N/A,आवश्यक है है किन्तु नियोजित शिक्षको की मामले में न्यूनतम वेतन अठारह हजार लागू नहीं किया गया है जिसके लिए,"आवश्यक है, है, किंतु नियोजित शिक्षकों के मामले में न्यूनतम वेतन 18,000 लागू नहीं किया गया है, जिसके लिए।",avashyaka hai hai kintu niyojita shikshako ki mamale mem nyunatama vetana atharaha hajara lagu nahim kiya gaya hai jisake lie,avashyaka hai hai kimtu niyojita shikshakom ke mamale mem nyunatama vetana 18 000 lagu nahim kiya gaya hai jisake lie|,2.653,0.3,0.144,
01-04320-03,sarvam,gramvaani,telephony,N/A,मुंगेर नगर निगम की बदहाली व्यवस्था के कारण शहर वासियों को शुद्ध पेय जल नहीं मिल रहा है नगर निगम के साथ संचालित कस्तुरबा वॉटर वर्क्स,मुंगेर नगर निगम की बदहालत व्यवस्था के कारण शहरवासियों को शुद्ध पेयजल नहीं मिल रहा है। नगर निगम के साथ संचालित सुरवा वाटर बॉक्स।,mumgera nagara nigama ki badahali vyavastha ke karana shahara vasiyom ko shuddha peya jala nahim mila raha hai nagara nigama ke satha samchalita kasturaba vaॉtara varksa,mumgera nagara nigama ki badahalata vyavastha ke karana shaharavasiyom ko shuddha peyajala nahim mila raha hai| nagara nigama ke satha samchalita surava vatara baॉksa|,2.86,0.34615384615384615,0.08284023668639054,
01-08017-03,sarvam,gramvaani,telephony,N/A,के बेहतरीन महिला को एक पारदर्शी महिला को पंचायत में इनका आ आरक्षण मिले और उसका विकास हो आने वाले दिन में,"एक बेहतरीन महिला को, एक पारदर्शी महिला को पंचायत में इसका आरक्षण मिले और इसका विकास हो आने वाले दिन में।",ke behatarina mahila ko eka paradarshi mahila ko pamchayata mem inaka a arakshana mile aura usaka vikasa ho ane vale dina mem,eka behatarina mahila ko eka paradarshi mahila ko pamchayata mem isaka arakshana mile aura isaka vikasa ho ane vale dina mem|,2.754,0.22727272727272727,0.056,
01-10457-02,sarvam,gramvaani,telephony,N/A,इस देश के कई भाग से हैं जहाँ सिंचाई सुविधा के आभाव मैं बारिश पर निर्भर रहते हैं अगर बारिश समय पर नहीं हुए तो सारा फसल बर्बाद अब ऐसे मैं किसान करे तो क्या करे,इस देश के कई भाग ऐसे हैं जहां अधिकांत सिंचाई सुविधा के अभाव में खेल रही बारिश पर निर्भर रहते हैं और अगर बारिश समय पर नहीं हुई तो सारा फसल बर्बाद अब ऐसे में किसान करें तो क्या करें,isa desha ke kai bhaga se haim jaha n simchai suvidha ke abhava maim barisha para nirbhara rahate haim agara barisha samaya para nahim hue to sara phasala barbada aba aise maim kisana kare to kya kare,isa desha ke kai bhaga aise haim jaham adhikamta simchai suvidha ke abhava mem khela rahi barisha para nirbhara rahate haim aura agara barisha samaya para nahim hui to sara phasala barbada aba aise mem kisana karem to kya karem,3.115,0.2972972972972973,0.17,
02-14905-01,sarvam,gramvaani,telephony,N/A,श्री पावन भगत अशोक केसरी पवन केसरी विजय मिश्रा उदय लाहाकर प्रवीन मिश्रा मंटू भगत सहित गणेश मंदिर समिति के सभी सदस्य मौजुद वही बताते चले की मोबाइल वाणी के द्वारा ही,"श्री पवन भगत, अशोक केसरी, पवन केसरी, विजय मिश्रा, उदय लाहकार, प्रवीण मिश्रा, मंटू भगत सहित गणेश मंदिर समिति के सभी सदस्य में वहीं बताते चले कि मोबाइल वाणी के द्वारा ही।",shri pavana bhagata ashoka kesari pavana kesari vijaya mishra udaya lahakara pravina mishra mamtu bhagata sahita ganesha mamdira samiti ke sabhi sadasya maujuda vahi batate chale ki mobaila vani ke dvara hi,shri pavana bhagata ashoka kesari pavana kesari vijaya mishra udaya lahakara pravina mishra mamtu bhagata sahita ganesha mamdira samiti ke sabhi sadasya mem vahim batate chale ki mobaila vani ke dvara hi|,3.463,0.09375,0.038834951456310676,
02-17467-01,sarvam,gramvaani,telephony,N/A,मोबाइल वाणी के बेहद लोकप्रिय और ख़ास कार्यक्रम खबरें जरा हट के में आपका स्वागत है,,mobaila vani ke behada lokapriya aura kasa karyakrama khabarem jara hata ke mem apaka svagata hai,none,0.0,1.0,0.9690721649484536,
01-00097-03,sarvam,gramvaani,telephony,N/A,इस मध्य प्रदेश मोबाइल वाणी के सभी सुनने वाले श्रोताओं को और मेरे मित्रों को सभी को हार्दिक हार्दिक शुभकामनाएं धन्यवाद नमस्कार,"इस मध्य प्रदेश मोबाइल वाणी के सभी सुनने वाले श्रोताओं को और मेरे मित्रों को सभी को हार्दिक हार्दिक शुभकामनाएं, धन्यवाद, नमस्कार।",isa madhya pradesha mobaila vani ke sabhi sunane vale shrotaom ko aura mere mitrom ko sabhi ko hardika hardika shubhakamanaem dhanyavada namaskara,isa madhya pradesha mobaila vani ke sabhi sunane vale shrotaom ko aura mere mitrom ko sabhi ko hardika hardika shubhakamanaem dhanyavada namaskara|,2.685,0.045454545454545456,0.00684931506849315,
02-13426-02,sarvam,gramvaani,telephony,N/A,आँगनबाड़ी सहायिकाओं को पन्द्रह सौ रूपए के स्थान पर बाईस सौ सौ पचास रूपए मिलेंगे और अब ख़बर खेल जगत से कुछ देर में शुरू होगा पाँचवें दिन दिन का खेल शाख बचाने को उतरेगी टीम इंडिया ख़बर है नई दिल्ली से,,a nganaba di sahayikaom ko pandraha sau rupae ke sthana para baisa sau sau pachasa rupae milemge aura aba kabara khela jagata se kucha dera mem shuru hoga pa nchavem dina dina ka khela shakha bachane ko utaregi tima imdiya kabara hai nai dilli se,none,0.0,1.0,0.983739837398374,
02-14654-01,sarvam,gramvaani,telephony,N/A,याद है की मनरेगा में लंबित मजदूरी भुगतान नहीं होने के सम्बन्ध में शिकायतें प्राप्त हो रही थी राज्य शासन द्वारा शिकायतों के निराकरण के लिए ग्राम पंचायतों में कलस्टर,ज्ञात है कि मनरेगा में लंबित मजदूरी भुगतान नहीं होने के संबंध में शिकायतें प्राप्त हो रही थीं। राज्य शासन द्वारा शिकायतों के निराकरण के लिए ग्राम पंचायतों में क्लस्टर।,yada hai ki manarega mem lambita majaduri bhugatana nahim hone ke sambandha mem shikayatem prapta ho rahi thi rajya shasana dvara shikayatom ke nirakarana ke lie grama pamchayatom mem kalastara,j~nata hai ki manarega mem lambita majaduri bhugatana nahim hone ke sambamdha mem shikayatem prapta ho rahi thim| rajya shasana dvara shikayatom ke nirakarana ke lie grama pamchayatom mem klastara|,2.795,0.13333333333333333,0.046632124352331605,
01-03123-03,sarvam,gramvaani,telephony,N/A,फ़िलहाल जारी अधिकतम तापमान का ट्रेंड गेहूं और दलहन का  यदि तापमान का रुख ऐसा ही जारी रहा,,filahala jari adhikatama tapamana ka tremda gehum aura dalahana ka yadi tapamana ka rukha aisa hi jari raha,none,0.0,1.0,0.9813084112149533,
02-12354-02,sarvam,gramvaani,telephony,N/A,तिलका मांझी भागलपुर विश्वविद्यालय प्रशासन ने बी ए फर्स्ट इयर दो हज़ार सतरह उन्नीस का परीक्षा कार्यक्रम घोषित कर दिया है परीक्षा दूसरी पाली में दो बजे,तिलका माही भागरपुर विश्वविद्यालय प्रशासन ने बीएड फर्स्ट ईयर 2017-19 का परीक्षा कार्यक्रम घोषित कर दिया है। परीक्षा दूसरी पाली में 2 बजे।,tilaka mamjhi bhagalapura vishvavidyalaya prashasana ne bi e pharsta iyara do hazara sataraha unnisa ka pariksha karyakrama ghoshita kara diya hai pariksha dusari pali mem do baje,tilaka mahi bhagarapura vishvavidyalaya prashasana ne bieda pharsta iyara 2017 19 ka pariksha karyakrama ghoshita kara diya hai| pariksha dusari pali mem 2 baje|,2.918,0.4074074074074074,0.18994413407821228,
01-07629-02,sarvam,gramvaani,telephony,N/A,और पछताना नहीं पड़ता है बहुत से ऐसे गाँव के विद्यार्थी को मैंने देखा है की कई,,aura pachatana nahim pa data hai bahuta se aise ga nva ke vidyarthi ko maimne dekha hai ki kai,none,0.0,1.0,0.9574468085106383,
01-06461-03,sarvam,gramvaani,telephony,N/A,मुंगेर प्रखंड क्षेत्र में बिजली के लिए हाहाकार मचा हुआ है चौबीस घंटे में से मात्र आठ से बारह घंटे तक भी बिजली नहीं मिलती है,मुंगेर प्रखंड क्षेत्र में बिजली के लिए हाहाकार मचा हुआ है। चौबीस घंटे में से मात्र आठ से बारह घंटे तक भी बिजली नहीं मिलती है।,mumgera prakhamda kshetra mem bijali ke lie hahakara macha hua hai chaubisa ghamte mem se matra atha se baraha ghamte taka bhi bijali nahim milati hai,mumgera prakhamda kshetra mem bijali ke lie hahakara macha hua hai| chaubisa ghamte mem se matra atha se baraha ghamte taka bhi bijali nahim milati hai|,2.836,0.07692307692307693,0.013333333333333334,
13-00159-01,sarvam,gramvaani,telephony,N/A,विरोधियों के बीच होने वाले इस मैच की तारीख से नाराज़ है बी सी सी ज है बी सी सी आई ने एशिया कप के कार्यक्रम में भारत और पाकिस्तान के मैच की मैच की तारीख पर आपत्ति जताई है,,virodhiyom ke bicha hone vale isa maicha ki tarikha se naraza hai bi si si ja hai bi si si ai ne eshiya kapa ke karyakrama mem bharata aura pakistana ke maicha ki maicha ki tarikha para apatti jatai hai,none,0.0,1.0,0.9851485148514851,
01-03050-02,sarvam,gramvaani,telephony,N/A,मैं राजीव कुमार ठाकुर जिला मुंगेर मुंगेर की आवाज़ से बाबा धरमदास मंदिर के निर्माण समिति द्वारा संकल्प दिवस का आयोजन,"मैं राजीव कुमार ठाकुर, जिला मुंगेर, मुंगेर की आवास से, बाबा धर्मदास मंदिर निर्माण समिति द्वारा संकल्प दिवस का आयोजन।",maim rajiva kumara thakura jila mumgera mumgera ki avaza se baba dharamadasa mamdira ke nirmana samiti dvara samkalpa divasa ka ayojana,maim rajiva kumara thakura jila mumgera mumgera ki avasa se baba dharmadasa mamdira nirmana samiti dvara samkalpa divasa ka ayojana|,2.628,0.19047619047619047,0.044444444444444446,
01-04208-01,sarvam,gramvaani,telephony,N/A,एक राज्य की छवि छवि खराब करने की ही और दूसरी राज्य को अपने शिक्षा व्यवस्था को ज्यादा गंभीरता से लेने के लिए बाध्य करने की करने की बिहार बोर्ड की परीक्षा में अभिभावकों द्वारा खुलेआम नकल कराने की तस्वीर दुनिया भर में चर्चित हुई थी,,eka rajya ki chavi chavi kharaba karane ki hi aura dusari rajya ko apane shiksha vyavastha ko jyada gambhirata se lene ke lie badhya karane ki karane ki bihara borda ki pariksha mem abhibhavakom dvara khuleama nakala karane ki tasvira duniya bhara mem charchita hui thi,none,0.0,1.0,0.9851301115241635,
02-21289-01,sarvam,gramvaani,telephony,N/A,डेढ़ साल पहले ही हम शादी के बंधन में बंधे है इस घर के इकलौते बेटे होने के नाते बचपन से ही सबके लाड प्यार ने इन्हे बिगाड़ रखा है रखा है सुबह से शाम ये अपने काम पर रहते है,"डेढ़ साल पहले ही हम शादी के बंधन में बंधे हैं। इस घर के इकलौते बेटे होने के नाते बचपन से ही सबके लाड प्यार ने इन्हें बिगाड़ रखा है। खैर, सुबह से शाम ये अपने काम पर रहते हैं।",deढ़ sala pahale hi hama shadi ke bamdhana mem bamdhe hai isa ghara ke ikalaute bete hone ke nate bachapana se hi sabake lada pyara ne inhe biga da rakha hai rakha hai subaha se shama ye apane kama para rahate hai,deढ़ sala pahale hi hama shadi ke bamdhana mem bamdhe haim| isa ghara ke ikalaute bete hone ke nate bachapana se hi sabake lada pyara ne inhem biga da rakha hai| khaira subaha se shama ye apane kama para rahate haim|,3.12,0.14285714285714285,0.05188679245283019,
02-13499-02,sarvam,gramvaani,telephony,N/A,मोदी सरकार ने आशा कार्यकर्ताओं का भत्ता दो गुना किया प्रधानमंत्री बीमा भी मुफ्त मिलेगा,,modi sarakara ne asha karyakartaom ka bhatta do guna kiya pradhanamamtri bima bhi muphta milega,none,0.0,1.0,0.9578947368421052,
01-06401-03,sarvam,gramvaani,telephony,N/A,लगभग तीन तीन सौ की आबादी वाले बरवाडीह गाँव ना एक कुआँ ना तालाब है नहाने के लिए यहाँ के लोगो को करीब डेढ़ किलोमीटर की दूरी तय कर,लगभग तीन सौ की आबादी वाले बरवा भी गांव ना एक कुआँ ना तालाब है। नहाने के लिए यहाँ के लोगों को करीब डेढ़ किलोमीटर की दूरी सहकर।,lagabhaga tina tina sau ki abadi vale baravadiha ga nva na eka kua n na talaba hai nahane ke lie yaha n ke logo ko kariba deढ़ kilomitara ki duri taya kara,lagabhaga tina sau ki abadi vale barava bhi gamva na eka kua n na talaba hai| nahane ke lie yaha n ke logom ko kariba de dha kilomitara ki duri sahakara|,2.758,0.3125,0.12987012987012986,
01-02125-02,sarvam,gramvaani,telephony,N/A,नमस्कार श्रोता मित्रों मेट्रिक की परीक्षा की शुरुआत शांतिपूर्ण तैतालिस परीक्षार्थी अनुपस्थित रहे मैं जेएम रंगीला कोऑर्डिनेटर बोकारो से झारखण्ड मोबाइल वाणी,,namaskara shrota mitrom metrika ki pariksha ki shuruata shamtipurna taitalisa pariksharthi anupasthita rahe maim jeema ramgila koऑrdinetara bokaro se jharakhanda mobaila vani,none,0.0,1.0,0.9770114942528736,
01-01990-01,sarvam,gramvaani,telephony,N/A,लेकिन वहाँ पर नीचे उतारने का भी अभी तक कोई रास्ता नहीं गया है वहाँ पर बहुत झाड़ झुड़ रहता है इसलिए मैं ग्राम वाणी के द्वारा सरकार से अनुरोध करना चाहता हूँ,लेकिन उस महाकार नीचे उतरने का अभी तक कोई रास्ता नहीं गया है। वहाँ पर बहुत झाड़ जरूर रहता है। इसीलिए मैं ग्रामवाणी के द्वारा सरकार से अनुरोध करना चाहता हूँ।,lekina vaha n para niche utarane ka bhi abhi taka koi rasta nahim gaya hai vaha n para bahuta jha da jhu da rahata hai isalie maim grama vani ke dvara sarakara se anurodha karana chahata hu n,lekina usa mahakara niche utarane ka abhi taka koi rasta nahim gaya hai| vaha n para bahuta jha da jarura rahata hai| isilie maim gramavani ke dvara sarakara se anurodha karana chahata hu n|,2.762,0.3157894736842105,0.1099476439790576,
01-07043-02,sarvam,gramvaani,telephony,N/A,पुनः एक बार सहायता की की जाए धन्य धन्यवाद,,punah eka bara sahayata ki ki jae dhanya dhanyavada,none,0.0,1.0,0.9607843137254902,
01-02028-02,sarvam,gramvaani,telephony,N/A,उम्मीदवार होगी जिसे आम जन सामाजिक कार्यकर्ता कम और और राजनीती के रूप में अधिक जानेंगे इसमें कोई शक नहीं मैं राधू राय,उम्मीदवार होगी जिसे आम जन सामाजिक कार्यकर्ता कम और राजनीतिक के रूप में अधिक जानेंगे इसमें कोई शक नहीं शर्त में राधुर है,ummidavara hogi jise ama jana samajika karyakarta kama aura aura rajaniti ke rupa mem adhika janemge isamem koi shaka nahim maim radhu raya,ummidavara hogi jise ama jana samajika karyakarta kama aura rajanitika ke rupa mem adhika janemge isamem koi shaka nahim sharta mem radhura hai,2.798,0.2608695652173913,0.1366906474820144,
01-06650-01,sarvam,gramvaani,telephony,N/A,डालडा जो होता है उसमे आलू का मिश्रण मिश्रण हो रहा है तेल भी आज कल दोस्तों कोई खास ऑरिजनल नहीं आ रहा है तो आप और आपके परिवार प्लस आप आपके व्यवहारी,,dalada jo hota hai usame alu ka mishrana mishrana ho raha hai tela bhi aja kala dostom koi khasa ऑrijanala nahim a raha hai to apa aura apake parivara plasa apa apake vyavahari,none,0.0,1.0,0.9772727272727273,
02-16456-01,sarvam,gramvaani,telephony,N/A,है एक वरिष्ट सरकारी अधिकारी ने बताया कि ये योजनायें सरकारी हो सकती हैं पेंशन बीमा और भविष्य निधि के क्षेत्रों में निजी खिलाडियों का संचालन कर सकती है,"एक वरिष्ठ सरकारी अधिकारी ने बताया कि यह योजनाएँ सरकारी हो सकती हैं। पेंशन, बीमा और भविष्य निधि के क्षेत्रों में निजी खिलाड़ियों का संचालन कर सकती हैं।",hai eka varishta sarakari adhikari ne bataya ki ye yojanayem sarakari ho sakati haim pemshana bima aura bhavishya nidhi ke kshetrom mem niji khiladiyom ka samchalana kara sakati hai,eka varishtha sarakari adhikari ne bataya ki yaha yojanae n sarakari ho sakati haim| pemshana bima aura bhavishya nidhi ke kshetrom mem niji khila diyom ka samchalana kara sakati haim|,2.587,0.3103448275862069,0.08287292817679558,
01-06529-02,sarvam,gramvaani,telephony,N/A,मैं ये वन प्रबंधन पदाधिकारी हजारीबाग से ये कहना चाहता हूँ की आप नक्शा पास केंद्र में गड्ढे नाले जहाँ भी हों वहाँ गड्ढा खोद कर के सारे,मैं यह वन प्रबंधन पदाधिकारी हजारीबाग से मैं कहना चाहता हूँ कि आप नखरा पार्क केंद्र में गड्ढे नाले जहां भी हो वह गड्ढा खोज कर के पानी।,maim ye vana prabamdhana padadhikari hajaribaga se ye kahana chahata hu n ki apa naksha pasa kemdra mem gaddhe nale jaha n bhi hom vaha n gaddha khoda kara ke sare,maim yaha vana prabamdhana padadhikari hajaribaga se maim kahana chahata hu n ki apa nakhara parka kemdra mem gaddhe nale jaham bhi ho vaha gaddha khoja kara ke pani|,2.696,0.3225806451612903,0.13496932515337423,
01-10685-03,sarvam,gramvaani,telephony,N/A,नया टाइम टेबल लागू किया है रतलाम रेल मंडल पर चलने वाली उनतीस उनतीस गाड़ियों की गति को बढ़ाया गया है है रतलाम मंडल से होकर जाने वाली कुल पैसठ गाड़ियों की,नया टाइम टेबल लागू किया है। रतलाम रेल मंडल पर चलने वाली 29 गाड़ियों की गति को बढ़ाया गया है। रतलाम मंडल से होकर जाने वाली कुल 65 गाड़ियों के,naya taima tebala lagu kiya hai ratalama rela mamdala para chalane vali unatisa unatisa ga diyom ki gati ko baढ़aya gaya hai hai ratalama mamdala se hokara jane vali kula paisatha ga diyom ki,naya taima tebala lagu kiya hai| ratalama rela mamdala para chalane vali 29 ga diyom ki gati ko ba dhaya gaya hai| ratalama mamdala se hokara jane vali kula 65 ga diyom ke,2.833,0.2647058823529412,0.16842105263157894,
01-05003-02,sarvam,gramvaani,telephony,N/A,के नेता को कभी अकेले तो कभी संदिग्ध रूप से सत्ता मिला लेकिन जनता की कसौटी पर कोई भी खड़ा नहीं उतर नहीं उतर सका यही सबसे बड़ी चिंता की बात है,"के नेता को कभी अकेले तो कभी संजीवत रूप से सत्ता मिला, लेकिन जनता की कसौती पर कोई भी खरा नहीं उतर सका। यही सबसे बड़ी चिंता की बात है।",ke neta ko kabhi akele to kabhi samdigdha rupa se satta mila lekina janata ki kasauti para koi bhi kha da nahim utara nahim utara saka yahi sabase ba di chimta ki bata hai,ke neta ko kabhi akele to kabhi samjivata rupa se satta mila lekina janata ki kasauti para koi bhi khara nahim utara saka| yahi sabase ba di chimta ki bata hai|,2.76,0.20588235294117646,0.1111111111111111,
01-00960-03,sarvam,gramvaani,telephony,N/A,की जाती है परन्तु कं पुतना ने जब कृष्ण को अपना दुध पिला रहे थे मारने के लिए तब ही भगवान कृष्ण चमत्कार दिखाया की साथ साथ जो है की उनका,"की जाती है, परंतु भूतना ने जब कृष्ण को अपने अंग से दूध पिला रहे थे मारने के लिए, तभी भगवान कृष्ण के चमत्कार दिखाए के साथ साथ जो है कि उनका।",ki jati hai parantu kam putana ne jaba krrishna ko apana dudha pila rahe the marane ke lie taba hi bhagavana krrishna chamatkara dikhaya ki satha satha jo hai ki unaka,ki jati hai paramtu bhutana ne jaba krrishna ko apane amga se dudha pila rahe the marane ke lie tabhi bhagavana krrishna ke chamatkara dikhae ke satha satha jo hai ki unaka|,2.878,0.3870967741935484,0.1377245508982036,
02-12750-02,sarvam,gramvaani,telephony,N/A,नमस्कार श्रोताओं मैं सुनिधि लेकर आई हूँ बिहार मोबाइल वाणी पर शाम,"नमस्कार श्रोताओं, मैं सुनिधि लेकर आई हूँ बिहार मोबाइल वाणी पर शाम तक।",namaskara shrotaom maim sunidhi lekara ai hu n bihara mobaila vani para shama,namaskara shrotaom maim sunidhi lekara ai hu n bihara mobaila vani para shama taka|,2.23,0.07692307692307693,0.07792207792207792,
01-08134-02,sarvam,gramvaani,telephony,N/A,परीक्षा नौ अगस्त को खबर है नई दिल्ली से रेलवे ने सहायक लोको तकनीशियनों की की छबीस हजार पाँच सौ दो नियुक्तियों के लिए परीक्षा की तारीख नौ,"परीक्षा 9 अगस्त को खबर है नई दिल्ली से रेलवे ने सहायक लोको तकनीशियनों की 26,502 रिक्तियों के लिए परीक्षा की तारीख 9 अगस्त",pariksha nau agasta ko khabara hai nai dilli se relave ne sahayaka loko takanishiyanom ki ki chabisa hajara pa ncha sau do niyuktiyom ke lie pariksha ki tarikha nau,pariksha 9 agasta ko khabara hai nai dilli se relave ne sahayaka loko takanishiyanom ki 26 502 riktiyom ke lie pariksha ki tarikha 9 agasta,2.744,0.3793103448275862,0.2621951219512195,
01-09492-02,sarvam,gramvaani,telephony,N/A,की है रूट लाइन व कतार के,की है। रूट लाइन व कतार के,ki hai ruta laina va katara ke,ki hai| ruta laina va katara ke,2.019,0.14285714285714285,0.03333333333333333,
01-02482-01,sarvam,gramvaani,telephony,N/A,जयनगर अनुमंडल क्षेत्र से सुरेश कुमार गुप्ता जयनगर,"जयनगर अनुमंडल सचिव सुरेश कुमार गुप्ता, जयनगर।",jayanagara anumamdala kshetra se suresha kumara gupta jayanagara,jayanagara anumamdala sachiva suresha kumara gupta jayanagara|,2.037,0.375,0.15625,
02-19405-01,sarvam,gramvaani,telephony,N/A,होता ई है कि एस एस जी चूकि महिलाओं का समूह है तो तुम्हारी मेहरारू को,"देखो, होता ये है कि एसएसजी क्योंकि महिलाओं का समूह है, तो तुम्हारी मेहरारू को कम",hota i hai ki esa esa ji chuki mahilaom ka samuha hai to tumhari mehararu ko,dekho hota ye hai ki esaesaji kyomki mahilaom ka samuha hai to tumhari mehararu ko kama,2.202,0.4375,0.25,
01-06986-01,sarvam,gramvaani,telephony,N/A,सब्जियों की दुकाने फलों फलों के ठेले और तरह तरह के ठेलों की यातायात को बाध्य कई जगहों पर सड़क किनारे लोगों ने घर बना लिया हैं उनके लिए सड़क ही आंगन बन जाता हैं,"सब्जियों की दुकानें, फलों के खेले और तरह-तरह के स्टाइलों की यातायात को बाद कई जगहों पर सड़क किनारे लोगों ने घर बना लिया है। उनके लिए सड़क ही आँगन बन जाता है।",sabjiyom ki dukane phalom phalom ke thele aura taraha taraha ke thelom ki yatayata ko badhya kai jagahom para sa daka kinare logom ne ghara bana liya haim unake lie sa daka hi amgana bana jata haim,sabjiyom ki dukanem phalom ke khele aura taraha taraha ke stailom ki yatayata ko bada kai jagahom para sa daka kinare logom ne ghara bana liya hai| unake lie sa daka hi a ngana bana jata hai|,2.872,0.24324324324324326,0.08121827411167512,
01-01715-03,sarvam,gramvaani,telephony,N/A,ये सुनना मैं बहुत पसंद करता हूँ मेरी जीवन में बदलाव की श्रण आती रहती है इसी के साथ में ये सन्देश देना चाहता हूँ बिहार मोबाइल वाणी के साथ,यह सुनना मैं बहुत पसंद करती हूँ। मेरे जीवन में बदलाव की क्षण आती रहती है। इसी के साथ मैं यह संदेश देना चाहता हूँ कि हर मोबाइल वाणी के साथ।,ye sunana maim bahuta pasamda karata hu n meri jivana mem badalava ki shrana ati rahati hai isi ke satha mem ye sandesha dena chahata hu n bihara mobaila vani ke satha,yaha sunana maim bahuta pasamda karati hu n| mere jivana mem badalava ki kshana ati rahati hai| isi ke satha maim yaha samdesha dena chahata hu n ki hara mobaila vani ke satha|,2.758,0.375,0.10778443113772455,
01-09945-03,sarvam,gramvaani,telephony,N/A,अगर आपके आस पास या आपका क्षेत्रों में भी कुछ ऐसी ही खबरें हैं हैं जो ज़रा हटके हैं हैं तो हमें ज़रूर बताएं अपने मोबाइल में नंबर तीन दबा कर कर और साथ ही इसका,"अगर आपके आस पास या आपके क्षेत्रों में भी कुछ ऐसी ही खबरें हैं जो ज़रा हटके हैं, तो हमें ज़रूर बताएँ अपने मोबाइल में नंबर 3 दबाकर और साथ ही इसका।",agara apake asa pasa ya apaka kshetrom mem bhi kucha aisi hi khabarem haim haim jo zara hatake haim haim to hamem zarura bataem apane mobaila mem nambara tina daba kara kara aura satha hi isaka,agara apake asa pasa ya apake kshetrom mem bhi kucha aisi hi khabarem haim jo zara hatake haim to hamem zarura batae n apane mobaila mem nambara 3 dabakara aura satha hi isaka|,2.893,0.2777777777777778,0.12435233160621761,
01-05555-02,sarvam,gramvaani,telephony,N/A,किसानों को यह जानकारी किसान पाठशाला लगाकर उपलब्ध कराई जाए की जानकारी प्रखंड पीसी ने बताया की ये कार्यक्रम  में चलाया जायेगा जिसके लिए चयन की प्रक्रि प्रक्रिया अंतिम चरण उन्होंने बताया की चयनित,किसानों को यह जानकारी किसान पाठशाला लगाकर उपलब्ध कराई गई। इसकी जानकारी प्रखंड की सिंह ने बताया कि यह कार्यक्रम पैटो में चलाया जाएगा। इसके लिए चयन की प्रक्रिया अंतिम चरण। उन्होंने बताया कि चयनिक,kisanom ko yaha janakari kisana pathashala lagakara upalabdha karai jae ki janakari prakhamda pisi ne bataya ki ye karyakrama mem chalaya jayega jisake lie chayana ki prakri prakriya amtima charana unhomne bataya ki chayanita,kisanom ko yaha janakari kisana pathashala lagakara upalabdha karai gai| isaki janakari prakhamda ki simha ne bataya ki yaha karyakrama paito mem chalaya jaega| isake lie chayana ki prakriya amtima charana| unhomne bataya ki chayanika,2.823,0.3235294117647059,0.14222222222222222,
02-15827-01,sarvam,gramvaani,telephony,N/A,सहकारी मुखिया सिकंदर  दिवाकर महतो उमेश कुमार चौबे चौबे मिथिलेश महाराज विनीत जैसवाल सोहेल अंसारी ने,"निधी सहकारी मुखिया सिकंदर कपरदार, दिवाकर महतो, उमेश कुमार चौबे, मोबे मिथिलेश महाराज, विनीत जायसवाल, सोहेल अंसारी ने।",sahakari mukhiya sikamdara divakara mahato umesha kumara chaube chaube mithilesha maharaja vinita jaisavala sohela amsari ne,nidhi sahakari mukhiya sikamdara kaparadara divakara mahato umesha kumara chaube mobe mithilesha maharaja vinita jayasavala sohela amsari ne|,2.57,0.3125,0.1935483870967742,
01-11055-03,sarvam,gramvaani,telephony,N/A,कि कोई भी परेशानी होने पर आम लोग उनसे सीधा संपर्क कर सकते हैं एवं उनका हर मदद किया जाएगा इस कार्यक्रम को लेकर वहाँ उपस्थित लोगों के बीच,कि कोई भी परेशानी होने पर आम लोग उनसे सीधा संपर्क कर सकते हैं एवं उनका हर मदद किया जाएगा। इस कार्यक्रम को लेकर वहां उपस्थित लोगों के बीच।,ki koi bhi pareshani hone para ama loga unase sidha samparka kara sakate haim evam unaka hara madada kiya jaega isa karyakrama ko lekara vaha n upasthita logom ke bicha,ki koi bhi pareshani hone para ama loga unase sidha samparka kara sakate haim evam unaka hara madada kiya jaega| isa karyakrama ko lekara vaham upasthita logom ke bicha|,3.017,0.13333333333333333,0.023809523809523808,
01-10891-03,sarvam,gramvaani,telephony,N/A,सरकारी विमान कंपनी एयर इंडिया के पायलटों के  अपने उड़ान भत्तों के बकायें का तत्काल भुगतान नहीं होने पर परिचालन पायलटों का कहना है कि अन्य कर्मचारियों के वेतन और भत्तों का देर से ही सही लेकिन पूरा भुगतान हो रहा हैं,"सरकारी विमान कंपनी एयर इंडिया के पायलटों के एक ने अपने उड़ान भत्तों के बकाया का तत्काल भुगतान नहीं होने पर परिचालन रोक दिया। पायलटों का कहना है कि अन्य कर्मचारियों के वेतन और भत्तों का देर से ही सही, लेकिन पूरा भुगतान हो रहा है।",sarakari vimana kampani eyara imdiya ke payalatom ke apane u dana bhattom ke bakayem ka tatkala bhugatana nahim hone para parichalana payalatom ka kahana hai ki anya karmachariyom ke vetana aura bhattom ka dera se hi sahi lekina pura bhugatana ho raha haim,sarakari vimana kampani eyara imdiya ke payalatom ke eka ne apane u dana bhattom ke bakaya ka tatkala bhugatana nahim hone para parichalana roka diya| payalatom ka kahana hai ki anya karmachariyom ke vetana aura bhattom ka dera se hi sahi lekina pura bhugatana ho raha hai|,3.243,0.13953488372093023,0.08203125,
02-18071-01,sarvam,gramvaani,telephony,N/A,हम लोगों को वेतन नहीं दिया जा रहा हैं इधर जिस आवास में हम लोग रहते हैं उस उसके मालिक को भी कंपनी की और से से ताला बंद करने का फरमान दिया गया है,"से हम लोगों को वेतन नहीं दिया जा रहा है। इधर जिस आवास में हम लोग रहते हैं, उसके मालिक को भी कंपनी की ओर से ताला बंद करने का फरमान दिया गया है।",hama logom ko vetana nahim diya ja raha haim idhara jisa avasa mem hama loga rahate haim usa usake malika ko bhi kampani ki aura se se tala bamda karane ka pharamana diya gaya hai,se hama logom ko vetana nahim diya ja raha hai| idhara jisa avasa mem hama loga rahate haim usake malika ko bhi kampani ki ora se tala bamda karane ka pharamana diya gaya hai|,3.407,0.17142857142857143,0.0782122905027933,
02-17099-01,sarvam,gramvaani,telephony,N/A,मै रजनी कुमार सिंह जमुई से सोमवार को जिला परिषद की सामान्य बैठक अध्यक्ष व उपाध्यक्ष की,मैं रजनी कुमार सिंह जमुई से सोमवार को जिला परिषद की सामान्य बैठक अध्यक्ष व उपाध्यक्ष की।,mai rajani kumara simha jamui se somavara ko jila parishada ki samanya baithaka adhyaksha va upadhyaksha ki,maim rajani kumara simha jamui se somavara ko jila parishada ki samanya baithaka adhyaksha va upadhyaksha ki|,2.244,0.11764705882352941,0.018691588785046728,
01-06730-01,sarvam,gramvaani,telephony,N/A,है काफी प्रदूषण को लेकर आम लोगों को भी को भी जागरूक होने जरुरत है अन्यथा एक ऐसा समय आएगा जब प्रदूषण के दूषण के कारण जीवन  धन्यवाद,काफी प्रदूषण को लेकर आम लोगों को भी जागरूक होने की जरूरत है। यह अच्छा एक ऐसा समय आएगा जब प्रदूषण के कारण जीवन का धन्यवाद।,hai kaphi pradushana ko lekara ama logom ko bhi ko bhi jagaruka hone jarurata hai anyatha eka aisa samaya aega jaba pradushana ke dushana ke karana jivana dhanyavada,kaphi pradushana ko lekara ama logom ko bhi jagaruka hone ki jarurata hai| yaha achcha eka aisa samaya aega jaba pradushana ke karana jivana ka dhanyavada|,2.576,0.39285714285714285,0.22424242424242424,
01-10262-03,sarvam,gramvaani,telephony,N/A,उद्देश्य है तभी तो इसमें सरकारी खर्च कल्याणकारी योजनाओं का चयन उनकी योजना का निष्पादन के तरीके और अनुवर्ती तरीके की लिए बहुत सारी विधियाँ होंगी,"उद्देश्य है तभी तो इसमें सरकारी खर्च, कल्याणकारी योजनाओं का चयन, उनकी योजना का निष्पादन के तरीके और अनुवर्ती तरीके के लिए बहुत सारी विधियाँ होंगी।",uddeshya hai tabhi to isamem sarakari kharcha kalyanakari yojanaom ka chayana unaki yojana ka nishpadana ke tarike aura anuvarti tarike ki lie bahuta sari vidhiya n homgi,uddeshya hai tabhi to isamem sarakari kharcha kalyanakari yojanaom ka chayana unaki yojana ka nishpadana ke tarike aura anuvarti tarike ke lie bahuta sari vidhiya n homgi|,2.946,0.07407407407407407,0.011764705882352941,
01-03753-01,sarvam,gramvaani,telephony,N/A,ग्राम पंचायत द्वारा प पानी की कोई सुविधा नहीं की जा रही है है यदि दि ग्राम पंचायत त द्वारा प पानी की कुछ की गयी है है तो,ग्राम पंचायत द्वारा पानी की कोई सुविधा नहीं की जा रही है। यदि ग्राम पंचायत द्वारा पानी की कोशिश की गई है तो।,grama pamchayata dvara pa pani ki koi suvidha nahim ki ja rahi hai hai yadi di grama pamchayata ta dvara pa pani ki kucha ki gayi hai hai to,grama pamchayata dvara pani ki koi suvidha nahim ki ja rahi hai| yadi grama pamchayata dvara pani ki koshisha ki gai hai to|,2.743,0.3448275862068966,0.19285714285714287,
01-01568-03,sarvam,gramvaani,telephony,N/A,और गुप्त रूप से छापामारी कर कार्रवाई करने का मापदंड अपनाने चाहिए मैं तेजनरायण ब्रह्मर्षि शान्ति प्रेरक की ओर से बिहार मोबाइल वाणी के लिए मधुबनी से से धन्यवाद,और गुप्त रूप से छापामारी कर कार्रवाई करने का मापदंड अपनाने चाहिए। मैं तेज नरेंद्र मस्ती शांति क्लब की ओर से बिहार मोबाइल वाणी के लिए मधुबनी से धन्यवाद।,aura gupta rupa se chapamari kara karravai karane ka mapadamda apanane chahie maim tejanarayana brahmarshi shanti preraka ki ora se bihara mobaila vani ke lie madhubani se se dhanyavada,aura gupta rupa se chapamari kara karravai karane ka mapadamda apanane chahie| maim teja naremdra masti shamti klaba ki ora se bihara mobaila vani ke lie madhubani se dhanyavada|,2.956,0.27586206896551724,0.11891891891891893,
01-00990-03,sarvam,gramvaani,telephony,N/A,दो महिना बीत जाने के बाद भी पोषाहार जो आंगनबाड़ी केन्द्रों धातृ माता बच्चों को दिया जाना है वो नहीं दी गई मैं झारखण्ड मोबाइल वाणी के माध्यम से,दो महीना बित जाने के बाद भी कोषाहार जो आंगनवाड़ी केंद्रों में मात्र माता बच्चों को दिया जाना है उसी नहीं की गई मैं झारखंड मोबाइल वाणी के माध्यम से,do mahina bita jane ke bada bhi poshahara jo amganaba di kendrom dhatrri mata bachchom ko diya jana hai vo nahim di gai maim jharakhanda mobaila vani ke madhyama se,do mahina bita jane ke bada bhi koshahara jo amganava di kemdrom mem matra mata bachchom ko diya jana hai usi nahim ki gai maim jharakhamda mobaila vani ke madhyama se,2.903,0.26666666666666666,0.09146341463414634,
01-11618-03,sarvam,gramvaani,telephony,N/A,इस मौके पर कम्युनिटी के सदस्य अद्या अमित कुमार भगत संपन गुप्ता सचिन नवीन बर्णवाल महासचिव सजन गुप्ता कोषाध्यक्ष मुन्ना केसरी प्रवीण मिश्रा राजेश मिश्रा भूपेश सिन्हा,"इस मौके पर कमिटी के सदस्य अजय अमित कुमार भगत, संपम गुप्ता, सचिव नवीन बंडवाल, महासचिव अजन गुप्ता, कोषाध्यक्ष मुन्ना केसी, प्रवीण मिश्र, राजेश मिश्रा, भूपेश सिन्हा।",isa mauke para kamyuniti ke sadasya adya amita kumara bhagata sampana gupta sachina navina barnavala mahasachiva sajana gupta koshadhyaksha munna kesari pravina mishra rajesha mishra bhupesha sinha,isa mauke para kamiti ke sadasya ajaya amita kumara bhagata sampama gupta sachiva navina bamdavala mahasachiva ajana gupta koshadhyaksha munna kesi pravina mishra rajesha mishra bhupesha sinha|,2.927,0.2962962962962963,0.06598984771573604,
01-04428-03,sarvam,gramvaani,telephony,N/A,सात प्रखंड कार्यालय में आधार कार्ड बनाने के लिए आयोजित तीन दिवसीय शिविर आज गुरुवार को समापन हो गया तीसरे और अंतिम दिन आधार कार्ड बनाने के लिए लोगो की काफी काफी भीड़ उमड़ पड़ी थी,राहत प्रखंड कार्यालय में आधार कार्ड बनाने के लिए आयोजित दिन द्विवर्ष के लिए आज गुरुवार को समापन हो गया। इस दिन अंतिम दिन आधार कार्ड बनाने के लिए लोगों की काफी भीड़ कोमल पड़ी थी।,sata prakhamda karyalaya mem adhara karda banane ke lie ayojita tina divasiya shivira aja guruvara ko samapana ho gaya tisare aura amtima dina adhara karda banane ke lie logo ki kaphi kaphi bhi da uma da pa di thi,rahata prakhamda karyalaya mem adhara karda banane ke lie ayojita dina dvivarsha ke lie aja guruvara ko samapana ho gaya| isa dina amtima dina adhara karda banane ke lie logom ki kaphi bhi da komala pa di thi|,2.634,0.3333333333333333,0.15023474178403756,
02-13646-02,sarvam,gramvaani,telephony,N/A,नमस्कार दोस्तों गिद्धौर मोबाइल वाणी से मैं संजीवन कुमार सिंह सुहागिन महिलाओं ने पति के दीर्घआयु के लिए आज रखा है निर्जला उपवास पति के दीर्घ आयु के लिए सुहागिन महिलाओं ने,"नमस्कार दोस्तों, गीत और मोबाइल वाणी से मैं संजीवन कुमार सिंह। सुहागिन महिलाओं ने पति के दीर्घायु के लिए आज रखा है निर्जला हुआ। पति के दीर्घायु के लिए सुहागिन महिलाओं ने।",namaskara dostom giddhaura mobaila vani se maim samjivana kumara simha suhagina mahilaom ne pati ke dirghaayu ke lie aja rakha hai nirjala upavasa pati ke dirgha ayu ke lie suhagina mahilaom ne,namaskara dostom gita aura mobaila vani se maim samjivana kumara simha| suhagina mahilaom ne pati ke dirghayu ke lie aja rakha hai nirjala hua| pati ke dirghayu ke lie suhagina mahilaom ne|,2.798,0.25,0.07253886010362694,
01-05501-03,sarvam,gramvaani,telephony,N/A,देख छप्पन इंच का सीना आतंकवादियों को आया पसीना कह रहा है हिन्दू हिंदुस्तान सुधर जाओ रे पाकिस्तान,देख 56 इंच का सेना आतंकवादियों को आया पसीना कर रहा है हिंदु हिंदुस्तान सुधर जाओ रे पाकिस्तान,dekha chappana imcha ka sina atamkavadiyom ko aya pasina kaha raha hai hindu himdustana sudhara jao re pakistana,dekha 56 imcha ka sena atamkavadiyom ko aya pasina kara raha hai himdu himdustana sudhara jao re pakistana,2.542,0.2222222222222222,0.09821428571428571,
01-01738-02,sarvam,gramvaani,telephony,N/A,भ्रष्टाचार शिष्टाचार बन गया है सभी जगह घूसखोरी निगरानी द्वारा उसी को पकड़ा जा रहा है जिस पर कोई पब्लिक पड़ गए हो और उसे पकड़वाया हो,भ्रष्टाचार भ्रष्टाचार बन गया है। सभी जगह घुसखोरी निगरानी द्वारा उसी को पकड़ा जा रहा है जिस पर कोई पब्लिक पड़ गई हो और उसे पकड़ पाया हो।,bhrashtachara shishtachara bana gaya hai sabhi jagaha ghusakhori nigarani dvara usi ko paka da ja raha hai jisa para koi pablika pa da gae ho aura use paka davaya ho,bhrashtachara bhrashtachara bana gaya hai| sabhi jagaha ghusakhori nigarani dvara usi ko paka da ja raha hai jisa para koi pablika pa da gai ho aura use paka da paya ho|,2.7,0.2,0.048484848484848485,
02-16847-01,sarvam,gramvaani,telephony,N/A,हाथुडीह को मिलेगा जल संकट से निजात चलेगा तालाब जोड़ो अभियान खबर है महुदा से अगर सब कुछ योजनाबद्ध तरीके से हुआ तो तो शीघ्र ही हाथुडीह पंचायत के लोगों,"हाथुडी को मिलेगा जल संकट से निजात, चलेगा तालाब जोड़ो अभियान। खबर है महोदा से, अगर सब कुछ योजनाबद्ध तरीके से हुआ तो शीघ्र ही हाथुडी पंचायत के लोगों को।",hathudiha ko milega jala samkata se nijata chalega talaba jo do abhiyana khabara hai mahuda se agara saba kucha yojanabaddha tarike se hua to to shighra hi hathudiha pamchayata ke logom,hathudi ko milega jala samkata se nijata chalega talaba jo do abhiyana| khabara hai mahoda se agara saba kucha yojanabaddha tarike se hua to shighra hi hathudi pamchayata ke logom ko|,2.624,0.1935483870967742,0.07027027027027027,
13-00315-05,sarvam,gramvaani,telephony,N/A,विधायक सांसद जाना तय होगा,विधायक सांसद रहना तय होगा।,vidhayaka samsada jana taya hoga,vidhayaka samsada rahana taya hoga|,1.776,0.4,0.125,
02-17346-01,sarvam,gramvaani,telephony,N/A,के अध्यक्षता में संपन्न मंत्री परिषद की बैठक के बैठक के बाद पत्रकारों को सम्बोधित करते हुए मंत्रिमंडल सचिवालय विभाग के प्रधान सचिव,अध्यक्षता में संपन्न मंत्री परिषद की बैठक के बैठक के बाद पत्रकारों को संबोधित करते हुए मंत्रिमंडल सचिवालय विभाग के प्रधान सचिव।,ke adhyakshata mem sampanna mamtri parishada ki baithaka ke baithaka ke bada patrakarom ko sambodhita karate hue mamtrimamdala sachivalaya vibhaga ke pradhana sachiva,adhyakshata mem sampanna mamtri parishada ki baithaka ke baithaka ke bada patrakarom ko sambodhita karate hue mamtrimamdala sachivalaya vibhaga ke pradhana sachiva|,2.828,0.08695652173913043,0.024096385542168676,
01-02106-02,sarvam,gramvaani,telephony,N/A,और वे लोग भी अपनी मर्जी से तो एक दू महीना सब्जी बेचतें फिर अपने घर के पालन पोषण के लिए दूसरी जगह मजदूरी के लिए पलायन करते हैं,"और वह लोग भी विमल जी के हिसाब से एक दो महीना सब्जी देते हैं, अपने घर के पालन पोषण के लिए दूसरी जगह मजदूरी के लिए स्थान करते हैं।",aura ve loga bhi apani marji se to eka du mahina sabji bechatem phira apane ghara ke palana poshana ke lie dusari jagaha majaduri ke lie palayana karate haim,aura vaha loga bhi vimala ji ke hisaba se eka do mahina sabji dete haim apane ghara ke palana poshana ke lie dusari jagaha majaduri ke lie sthana karate haim|,2.684,0.3793103448275862,0.2229299363057325,
02-21859-01,sarvam,gramvaani,telephony,N/A,तब तक आप सुनते रहिये हँसी की डोली कार्यक्रम आपके अपने मोबाइल वाणी पर अगर आपको हमारी खट्टी मीठी बातें दोस्तों और परिवार वालो को भी सुनाये,तब तक आप सुनते रहिए हसी टिटोली कार्यक्रम आपके अपने मोबाइल वाणी पर और अगर आपको हमारे खट्टी मीठी वाले दोस्तों और परिवार वालों को भी सुनाए,taba taka apa sunate rahiye ha nsi ki doli karyakrama apake apane mobaila vani para agara apako hamari khatti mithi batem dostom aura parivara valo ko bhi sunaye,taba taka apa sunate rahie hasi titoli karyakrama apake apane mobaila vani para aura agara apako hamare khatti mithi vale dostom aura parivara valom ko bhi sunae,2.593,0.35714285714285715,0.10559006211180125,
02-22739-01,sarvam,gramvaani,telephony,N/A,गुड़िया के लिए शायद वो आगे जानेंगे की माजी के बातों का का हमारे पति पर कितना असर पड़ता है हमारे पति हमारा साथ देंगे तब तक के लिए आप हमें बताइये,"बुढ़िया के लिए शायद वो आगे जानेंगे कि माँ जी की बातों का हमारे पति पर कितना असर पड़ता है। हमारे पति हमारा साथ देंगे, तब तक के लिए आप हमें बताइए।",gu diya ke lie shayada vo age janemge ki maji ke batom ka ka hamare pati para kitana asara pa data hai hamare pati hamara satha demge taba taka ke lie apa hamem bataiye,bu dhiya ke lie shayada vo age janemge ki ma n ji ki batom ka hamare pati para kitana asara pa data hai| hamare pati hamara satha demge taba taka ke lie apa hamem bataie|,2.739,0.2647058823529412,0.07142857142857142,
01-08047-01,sarvam,gramvaani,telephony,N/A,अधिकार की जानकारी दे तथा महिलाएं किसी भी अधिकार पर बहुत कम ही महिलायें भागीदारी ले पाती है क्योकि पंचायत की अधिकतर महिलाएं अशिक्षित होती,अधिकार की जानकारी दें तथा महिलाएँ किसी भी अधिकार पर बहुत कम ही महिलाएँ भागीदारी ले पाती हैं क्योंकि पंचायत के अधिकतर महिलाएँ अशिक्षित हैं।,adhikara ki janakari de tatha mahilaem kisi bhi adhikara para bahuta kama hi mahilayem bhagidari le pati hai kyoki pamchayata ki adhikatara mahilaem ashikshita hoti,adhikara ki janakari dem tatha mahilae n kisi bhi adhikara para bahuta kama hi mahilae n bhagidari le pati haim kyomki pamchayata ke adhikatara mahilae n ashikshita haim|,2.814,0.44,0.09146341463414634,
01-11183-02,sarvam,gramvaani,telephony,N/A,है जो जोकि चौथी पारी में असंभव बताया जा रहा है इंग्लैंड ने दिन का खेल ख़त्म होने तक बिना किसी नुकसान के तेईस रन बना लिए हैं,यह जो कि चौथी पारी में असंभव बताया जा रहा है। इंग्लैंड ने दिन का खेल खत्म होने तक बिना किसी नुकसान के 23 रन बना लिए हैं।,hai jo joki chauthi pari mem asambhava bataya ja raha hai imglaimda ne dina ka khela katma hone taka bina kisi nukasana ke teisa rana bana lie haim,yaha jo ki chauthi pari mem asambhava bataya ja raha hai| imglaimda ne dina ka khela khatma hone taka bina kisi nukasana ke 23 rana bana lie haim|,2.735,0.21428571428571427,0.08843537414965986,
02-16015-01,sarvam,gramvaani,telephony,N/A,की मदद से अफ़ग़ानिस्तान ने लचर शुरुआत से उबरकर बांग्लादेश के खिलाफ एशियाई कप,की मदद से अफगानिस्तान ने लचर शुरुआत से उभरकर बांग्लादेश के खिलाफ एशियाई कप गोल किया।,ki madada se afaganistana ne lachara shuruata se ubarakara bamgladesha ke khilapha eshiyai kapa,ki madada se aphaganistana ne lachara shuruata se ubharakara bamgladesha ke khilapha eshiyai kapa gola kiya|,2.289,0.2857142857142857,0.14736842105263157,
01-06755-01,sarvam,gramvaani,telephony,N/A,मैं राधु राय धनबाद मोबाइल मीडिया महुदा झारखंड से लव कुश योजना अधर में लटका चिलचिलाती धुप गर्म हवा गर्मी छियालीस डिग्री पर आम जन प्यासे और पशु पक्षी प्यास के मारे बेहाल पानी की खोज में दूर दूर तक भटक रहे,"मैं राधो राय, दिनबाद मोबाइल मीडिया महोदा झारखंड जिला पुर की योजना अगर में लटका। इस जिला से दूर गर्म हवा, गर्मी, चालीस डिग्री पर आमजन प्यादे और पशु पक्षी की छक्के व्यास के मारे देहाल। पानी की शो में लोग दूर दूर तक भतक रहे हैं।",maim radhu raya dhanabada mobaila midiya mahuda jharakhamda se lava kusha yojana adhara mem lataka chilachilati dhupa garma hava garmi chiyalisa digri para ama jana pyase aura pashu pakshi pyasa ke mare behala pani ki khoja mem dura dura taka bhataka rahe,maim radho raya dinabada mobaila midiya mahoda jharakhamda jila pura ki yojana agara mem lataka| isa jila se dura garma hava garmi chalisa digri para amajana pyade aura pashu pakshi ki chakke vyasa ke mare dehala| pani ki sho mem loga dura dura taka bhataka rahe haim|,3.396,0.5476190476190477,0.23137254901960785,
01-03176-02,sarvam,gramvaani,telephony,N/A,जाने वाले रोड का पक्कीकरण व सौन्दर्यकरण किया जाएगा मौके पर आदिवासी विकास मंच के प्रवक्ता उमित सोरेन,जाने वाले रोड का पक्कीकरण व सौंदर्यीकरण किया जाएगा। मौके पर आदिवासी विकास मंच के प्रवक्ता उमेद सोरेन।,jane vale roda ka pakkikarana va saundaryakarana kiya jaega mauke para adivasi vikasa mamcha ke pravakta umita sorena,jane vale roda ka pakkikarana va saumdaryikarana kiya jaega| mauke para adivasi vikasa mamcha ke pravakta umeda sorena|,2.501,0.2222222222222222,0.05128205128205128,
01-06865-02,sarvam,gramvaani,telephony,N/A,बजे तो सुनना न भूलें लें जनता की रिपोर्ट हर शाम पाँच बजे बजे आपके मोबाइल वाणी पर ध धन्यवाद,बजे तो सुनना ना भूलें। जनता की रिपोर्ट हर शाम पाँच बजे आपके मोबाइल वाणी पर। धन्यवाद।,baje to sunana na bhulem lem janata ki riporta hara shama pa ncha baje baje apake mobaila vani para dha dhanyavada,baje to sunana na bhulem| janata ki riporta hara shama pa ncha baje apake mobaila vani para| dhanyavada|,2.582,0.2857142857142857,0.12280701754385964,
01-06596-02,sarvam,gramvaani,telephony,N/A,किसानो को बोनस नहीं दी दी इस तरह बिहार के किसानो किसानो की आर्थिक स्थिति स्थिति अन्य राज्यों की तुलना में काफी दयनीय है इसके लिए यह सरकार काफी जिम्मेवार है धन्यवाद,किसानों को बोनस नहीं दी। इस तरह बिहार के किसानों की आर्थिक स्थिति अन्य राज्यों की तुलना में काफी दयनीय है। इसके लिए यह सरकार काफी जिम्मेवार है। धन्यवाद।,kisano ko bonasa nahim di di isa taraha bihara ke kisano kisano ki arthika sthiti sthiti anya rajyom ki tulana mem kaphi dayaniya hai isake lie yaha sarakara kaphi jimmevara hai dhanyavada,kisanom ko bonasa nahim di| isa taraha bihara ke kisanom ki arthika sthiti anya rajyom ki tulana mem kaphi dayaniya hai| isake lie yaha sarakara kaphi jimmevara hai| dhanyavada|,2.602,0.28125,0.11170212765957446,
01-04132-03,sarvam,gramvaani,telephony,N/A,वन डब ऐट डबल जीरो द्वारा सोलह मार्च दो हजार सोलह को अनुसूचित जाती का प्रमाणपत्र हासिल कर चुनाव में आरक्षण का फायदा ले लिया श्री,वन एट डबल जीरो द्वारा सोलह मार्च दो हज़ार सोलह को अनुसूचित जाति का प्रमाणपत्र हासिल कर चुनाव में आरक्षण का फायदा ले लिया श्री।,vana daba aita dabala jiro dvara solaha marcha do hajara solaha ko anusuchita jati ka pramanapatra hasila kara chunava mem arakshana ka phayada le liya shri,vana eta dabala jiro dvara solaha marcha do hazara solaha ko anusuchita jati ka pramanapatra hasila kara chunava mem arakshana ka phayada le liya shri|,3.214,0.15384615384615385,0.057692307692307696,
01-11742-01,sarvam,gramvaani,telephony,N/A,कर्मचारी राज्य बीमा योजना ना तथा एन पी एस के पास नए सदस्यों के नामांकन पर आधारित हैं हैं रिपोर्ट के अनुसार सितम्बर दो हज़ार सतरह से,कर्मचारी राज्य बीमा योजना तथा एनपीएस के पास नए सदस्यों के नामांकन पर आधारित है। रिपोर्ट के अनुसार सितंबर 2017 से,karmachari rajya bima yojana na tatha ena pi esa ke pasa nae sadasyom ke namamkana para adharita haim haim riporta ke anusara sitambara do hazara sataraha se,karmachari rajya bima yojana tatha enapiesa ke pasa nae sadasyom ke namamkana para adharita hai| riporta ke anusara sitambara 2017 se,2.745,0.3333333333333333,0.18471337579617833,
01-05071-03,sarvam,gramvaani,telephony,N/A,एक ऐसा कुछ अधिकर्मियों की गलती मान लो चाहे कुछ किसानों की गलती मान लो तो जरूरी नहीं है कि पूरे मध्य प्रदेश में हमारे सभी किसानों ने बीमा,कि ऐसा कुछ अधिकारियों की गलती मान लो चाहे कुछ किसानों की गलती मान लो तो जरूरी नहीं है कि पूरे मध्य प्रदेश हमारे सभी किसानों ने बीमा।,eka aisa kucha adhikarmiyom ki galati mana lo chahe kucha kisanom ki galati mana lo to jaruri nahim hai ki pure madhya pradesha mem hamare sabhi kisanom ne bima,ki aisa kucha adhikariyom ki galati mana lo chahe kucha kisanom ki galati mana lo to jaruri nahim hai ki pure madhya pradesha hamare sabhi kisanom ne bima|,2.655,0.13793103448275862,0.05,
13-00272-06,sarvam,gramvaani,telephony,N/A,में की बोली गयी है कि बारह बजे दिन से से दो बजे तक ही ताजिया,अपील में कि बोली गई है कि बारह बजे दिन से दो बजे तक ताजिया।,mem ki boli gayi hai ki baraha baje dina se se do baje taka hi tajiya,apila mem ki boli gai hai ki baraha baje dina se do baje taka tajiya|,2.509,0.3125,0.2028985507246377,
01-12107-01,sarvam,gramvaani,telephony,N/A,ने छात्र को को इस आधार पर अनुमति दी है कि उसने दो हज़ार अठारह रा राष्ट्रीय पात्रता एवं प्रवेश परीक्षा क्षा असक्षम लोगों के वर्ग में पास की है,ने छात्र को इस आधार पर अनुमति दी है कि उसने 2018 राष्ट्रीय पात्रता एवं प्रवेश परीक्षा असक्षम लोगों के वर्ग में पास की है।,ne chatra ko ko isa adhara para anumati di hai ki usane do hazara atharaha ra rashtriya patrata evam pravesha pariksha ksha asakshama logom ke varga mem pasa ki hai,ne chatra ko isa adhara para anumati di hai ki usane 2018 rashtriya patrata evam pravesha pariksha asakshama logom ke varga mem pasa ki hai|,2.632,0.23333333333333334,0.18292682926829268,
01-11453-01,sarvam,gramvaani,telephony,N/A,रेलवे में गेट मैन के लिए एक हज़ार चार सौ उनासी पदों के लिए करें अप्लाई ख़बर है पटना से पूर्व मध्य रेल ने एक हज़ार चार सौ उनासी पदों के लिए,"रेलवे में गेटमैन के लिए 1479 पदों के लिए करें अप्लाई। खबर है पटना से, पूर्व मध्य रेल ने 1479 पदों के लिए।",relave mem geta maina ke lie eka hazara chara sau unasi padom ke lie karem aplai kabara hai patana se purva madhya rela ne eka hazara chara sau unasi padom ke lie,relave mem getamaina ke lie 1479 padom ke lie karem aplai| khabara hai patana se purva madhya rela ne 1479 padom ke lie|,2.585,0.46875,0.345679012345679,
01-01599-03,sarvam,gramvaani,telephony,N/A,की बहुत सी तरह की बीमारियाँ जो उत्प्न्न होती हैं जो की किसान भाई लोग काफ़ी दुःख छूटे हुए हैं और ऐसे ही मतलब बहुत सारे किसान हैं लेकिन फिर भी ये उर्वरक हमेशा डालतें हैं और आज तक हमारी झारखण्ड सरकार हैं की कुछ,कि बहुत सी तरह की बीमारियाँ उत्पन्न होती हैं जो कि किसान भाई लोग काफी डूब चुके हुए हैं और ऐसे ही मतलब बहुत सारे किसान हैं लेकिन फिर भी ये उर्वरक हमेशा डालते हैं और आज तक हमारी झारखंड सरकार ऐसी,ki bahuta si taraha ki bimariya n jo utpnna hoti haim jo ki kisana bhai loga kafi duhkha chute hue haim aura aise hi matalaba bahuta sare kisana haim lekina phira bhi ye urvaraka hamesha dalatem haim aura aja taka hamari jharakhanda sarakara haim ki kucha,ki bahuta si taraha ki bimariya n utpanna hoti haim jo ki kisana bhai loga kaphi duba chuke hue haim aura aise hi matalaba bahuta sare kisana haim lekina phira bhi ye urvaraka hamesha dalate haim aura aja taka hamari jharakhamda sarakara aisi,3.202,0.21739130434782608,0.08627450980392157,
01-10772-03,sarvam,gramvaani,telephony,N/A,योजना लागू किए जाने पर आम लोगों ने सरकार व ज़िला प्रसाशन को बधाई भी दी और अब समाचार खेल से,योजना लागू किए जाने पर आम लोगों ने सरकार व जिला प्रशासन को बधाई भी दी और अब समाचार खेल से।,yojana lagu kie jane para ama logom ne sarakara va zila prasashana ko badhai bhi di aura aba samachara khela se,yojana lagu kie jane para ama logom ne sarakara va jila prashasana ko badhai bhi di aura aba samachara khela se|,2.459,0.14285714285714285,0.036036036036036036,
koramangala-quiet,whisper,self,quiet,Koramangala,haan bhai main koramangala mein rehta hoon kab aana hai,"हाँ भाई, मैंने कोरमांगला में रहता हूँ, क्या बाना है?",haan bhai main koramangala mein rehta hoon kab aana hai,ha n bhai maimne koramamgala mem rahata hu n kya bana hai,4.003,1.0,0.23636363636363636,1.0
indranagar-quet,whisper,self,quiet,Indiranagar,mera ghar indiranagar mein hai 100 feet road ke paas,"मेरे गार इंद्रानगर में है, अंड्रट फीट रोड के पास।",mera ghar indiranagar mein hai 100 feet road ke paas,mere gara imdranagara mem hai amdrata phita roda ke pasa|,2.754,0.8,0.4423076923076923,1.0
whitefield-quiet,whisper,self,quiet,Whitefield,office whitefield mein hai roz ghanta bhar jaata hoon,"Office Whitefield में है, रोज गंटा बार जाता हूँ",office whitefield mein hai roz ghanta bhar jaata hoon,office whitefield mem hai roja gamta bara jata hu n,1.908,0.7777777777777778,0.20754716981132076,1.0
electroniccity-quite,whisper,self,quiet,Electronic City,haan electronic city phase one mein kaam karta hoon,"हाँ, electronic CT phase 1 main कार्म करता हूँ",haan electronic city phase one mein kaam karta hoon,ha n electronic ct phase 1 main karma karata hu n,1.475,1.0,0.23529411764705882,1.0
Marathahalli-quiet,whisper,self,quiet,Marathahalli,main marathahalli mein rehta hoon bridge ke paas wala area,"मैं इन मरतहली में रायता हूँ, ब्रिज के पास वाला एरिये।",main marathahalli mein rehta hoon bridge ke paas wala area,maim ina maratahali mem rayata hu n brija ke pasa vala eriye|,2.666,1.1,0.39655172413793105,1.0
Jayanagar-noisy,whisper,self,noisy,Jayanagar,jayanagar mein flat dhundh raha hoon koi option hai kya,"जयनागर में फ्लाज दून रहा हूँ, कोई आप्शन है क्या?",jayanagar mein flat dhundh raha hoon koi option hai kya,jayanagara mem phlaja duna raha hu n koi apshana hai kya,2.722,0.7,0.3090909090909091,1.0
Rajajinagar-noisy,whisper,self,noisy,Rajajinagar,bhai rajajinagar se majestic kitna time lagta hai,बई राजाजी नगर से मैजस्टी कितना टाइम लागता है,bhai rajajinagar se majestic kitna time lagta hai,bai rajaji nagara se maijasti kitana taima lagata hai,2.532,0.875,0.20408163265306123,1.0
Hebbal-noisy,whisper,self,noisy,Hebbal,main hebbal flyover ke paas hoon abhi traffic mein hoon,"मैं इन हेबल प्लायोर के पास हूँ अभी, ट्राफिक में हूँ",main hebbal flyover ke paas hoon abhi traffic mein hoon,maim ina hebala playora ke pasa hu n abhi traphika mem hu n,2.69,1.1,0.41818181818181815,1.0
yelahanka-noisy,whisper,self,noisy,Yelahanka,yelahanka new town mein ek room chahiye budget kam hai,"एलाहन का न्यू टाउन में नेक रूम चाही है, बज़ेट काम है",yelahanka new town mein ek room chahiye budget kam hai,elahana ka nyu tauna mem neka ruma chahi hai bazeta kama hai,2.725,1.1,0.4444444444444444,1.0
banashankari-noisy,whisper,self,noisy,Banashankari,banashankari mein rehti hoon temple ke paas wala area,बनाशंगरी में रहते होन टेंपल के पास वाला एरिया,banashankari mein rehti hoon temple ke paas wala area,banashamgari mem rahate hona tempala ke pasa vala eriya,2.46,0.8888888888888888,0.32075471698113206,1.0
hsrlayout-rushed,whisper,self,rushed,HSR Layout,hsr layout second sector mein hoon jaldi batao,अरे अरे अरे अरे एचेसर ले और सेकिन सेक्टर में हो जल्डी जल्डी बाटो,hsr layout second sector mein hoon jaldi batao,are are are are echesara le aura sekina sektara mem ho jaldi jaldi bato,23.061,1.625,0.8913043478260869,1.0
btmlayout-rushed,whisper,self,rushed,BTM Layout,btm layout se silk board kitna door hai bhai jaldi,बीटीम लेवर के सिल्ग बोर्ड कितना डोर है बाई जलती,btm layout se silk board kitna door hai bhai jaldi,bitima levara ke silga borda kitana dora hai bai jalati,2.53,0.9,0.38,1.0
majestic-rushed,whisper,self,rushed,Majestic,majestic bus stand pe hoon bus nikal jaayegi,"यूजडिक बस्टेन पे हो हम, बस निकल जाईगे",majestic bus stand pe hoon bus nikal jaayegi,yujadika bastena pe ho hama basa nikala jaige,2.242,1.0,0.5454545454545454,0.0
silkboard-rushed,whisper,self,rushed,Silk Board,silk board junction pe jam hai late ho raha hoon,"सिल्बोर जंक्षन पे जाम है, लेट हो रहा न हो",silk board junction pe jam hai late ho raha hoon,silbora jamkshana pe jama hai leta ho raha na ho,2.244,0.7,0.3958333333333333,1.0
bellandur-rushed,whisper,self,rushed,Bellandur,bellandur mein hoon cab book karo jaldi please,बेलंदर में होन्ड क्या बुक कर दो चल्दी प्लीज प्लीज प्लीज प्लीज प्लीज प्लीज,bellandur mein hoon cab book karo jaldi please,belamdara mem honda kya buka kara do chaldi plija plija plija plija plija plija,3.883,1.75,1.1304347826086956,1.0
sarjapur-whisper,whisper,self,whisper,Sarjapur,sarjapur road pe ek pg dhundh raha hoon affordable chahiye,"सरजाबूर रोड पी एक पीजे दुन रहा हूँ, अफोडबल चाहिए।",sarjapur road pe ek pg dhundh raha hoon affordable chahiye,sarajabura roda pi eka pije duna raha hu n aphodabala chahie|,3.12,1.0,0.3793103448275862,1.0
bommanahalli-whisper,whisper,self,whisper,Bommanahalli,bommanahalli mein rehta hoon kaam ke liye apply karna tha,"मुमा एलिमेन रहता हूँ, काम के लिए अप्लेई करना था।",bommanahalli mein rehta hoon kaam ke liye apply karna tha,muma elimena rahata hu n kama ke lie aplei karana tha|,2.668,1.0,0.40350877192982454,0.0
krpuram-whisper,whisper,self,whisper,KR Puram,kr puram station ke paas hoon koi job hai kya paas mein,"केपी भूम स्टेशन के पास हूँ, कोई जाव है इके अपास में",kr puram station ke paas hoon koi job hai kya paas mein,kepi bhuma steshana ke pasa hu n koi java hai ike apasa mem,2.748,0.8333333333333334,0.4909090909090909,0.0
peenya-whisper,whisper,self,whisper,Peenya,peenya industrial area mein supervisor ka kaam chahiye,पिन या इंटरेस्ट्रिल एरिया में सुपरवेजर का क्याम चाहिए?,peenya industrial area mein supervisor ka kaam chahiye,pina ya imtarestrila eriya mem suparavejara ka kyama chahie,2.962,1.0,0.46296296296296297,1.0
yeshwanthpur-whisper,whisper,self,whisper,Yeshwanthpur,yeshwanthpur se koi factory job milegi kya experience hai,यह श्रुन्तपूर्ज एक विफाक्री जाओ में लिंगे क्या एक्स्पिरियंस है?,yeshwanthpur se koi factory job milegi kya experience hai,yaha shruntapurja eka viphakri jao mem limge kya ekspiriyamsa hai,3.453,0.8888888888888888,0.631578947368421,0.0
01-04397-02,whisper,gramvaani,telephony,N/A,बेईमानी और भ्रस्टाचारी की वजह से जनप्रतिनिधि अधिकारी व बिचौलिए माला माल हो रहे हैं,देमानी और भ्रताचारी की वज़न से जर्ण पतिनी भी अधिकारी वो विचोईय माला माल हो रहे हैं।,beimani aura bhrastachari ki vajaha se janapratinidhi adhikari va bichaulie mala mala ho rahe haim,demani aura bhratachari ki vazana se jarna patini bhi adhikari vo vichoiya mala mala ho rahe haim|,4.115,0.6,0.1836734693877551,
01-01025-03,whisper,gramvaani,telephony,N/A,कि बच्चे लेने वालों की संख्या अब समय आ गया है इन बच्चों का जिम्मा सरकार ले और गर्भपात पर रोक लगा दे कौन जनता है,कि बच्चे लेने वालों की संख्या में अब समय आ गया है कि इन बच्चों का जिमा सरकार ले और गर्पात पर रूख लगा देते कौन जानता है,ki bachche lene valom ki samkhya aba samaya a gaya hai ina bachchom ka jimma sarakara le aura garbhapata para roka laga de kauna janata hai,ki bachche lene valom ki samkhya mem aba samaya a gaya hai ki ina bachchom ka jima sarakara le aura garpata para rukha laga dete kauna janata hai,5.677,0.23076923076923078,0.1079136690647482,
01-09868-01,whisper,gramvaani,telephony,N/A,नमस्कार आदाब श्रोताओं मैं श्वेता बिहार मोबाइल वाणी पर पेश करती हूँ शाम की सुर्खियाँ मानसून की बारिश से पानी,नमस्कार आदाप शोताओं मैं श्वेता बिहर मोबाइल वानी पर पेश करती हूँ शाम की सुर्खिया मानसुन की बारिज से पानी पड़ जाती है,namaskara adaba shrotaom maim shveta bihara mobaila vani para pesha karati hu n shama ki surkhiya n manasuna ki barisha se pani,namaskara adapa shotaom maim shveta bihara mobaila vani para pesha karati hu n shama ki surkhiya manasuna ki barija se pani pa da jati hai,5.609,0.36363636363636365,0.16535433070866143,
01-08600-03,whisper,gramvaani,telephony,N/A,लगाने का विकल्प मिल सकता है श्रम मंत्रालय निवेश पर मौजूदा कैप को हटाने के लिए नीति बना रहा है ऐसा होने पर पीएफ खाता धारकों को ज्यादा रिटर्न पाने का मौका मिल सकता है,लगाने का विकल्प मिल सकता है श्रममंत्रालय निवेश्वर मौजूदा कैप को हटाने के लिए निति बना रहा है ऐसा होने पर पीएप खाताधारकों को ज्यादा रिटर्न पाने का मौका मिल सकता है,lagane ka vikalpa mila sakata hai shrama mamtralaya nivesha para maujuda kaipa ko hatane ke lie niti bana raha hai aisa hone para piepha khata dharakom ko jyada ritarna pane ka mauka mila sakata hai,lagane ka vikalpa mila sakata hai shramamamtralaya niveshvara maujuda kaipa ko hatane ke lie niti bana raha hai aisa hone para piepa khatadharakom ko jyada ritarna pane ka mauka mila sakata hai,7.569,0.2,0.030303030303030304,
01-07995-03,whisper,gramvaani,telephony,N/A,मदिरा नशा जैसी सामाजिक बुराई ने आज हमारे समाज एंव राष्ट्र को एक बड़ी शराब ना केवल लाखों हँसते खेलते परिवारों को रोने पर मजबूर कर दिया,मदूरा अम्यशान के सिस्माचित दुआई ने हाल खमार घमार रमदार्थ को एक बरी फराबला के रलाकों ख़ित के पिदारों को रोने पर मल्बूर तहतिया,madira nasha jaisi samajika burai ne aja hamare samaja emva rashtra ko eka ba di sharaba na kevala lakhom ha nsate khelate parivarom ko rone para majabura kara diya,madura amyashana ke sismachita duai ne hala khamara ghamara ramadartha ko eka bari pharabala ke ralakom kita ke pidarom ko rone para malbura tahatiya,6.039,0.7931034482758621,0.3780487804878049,
01-05263-01,whisper,gramvaani,telephony,N/A,में रहता है आजकल तो लड़की वाले दहेज़ के अलावा लड़की के लड़की के लिए दस से बीस हज़ार,आज कल तो लर्की वाले जैवेज शालावास लर्की के लिए दर्प लिस्वर चमूचा रहा है।,mem rahata hai ajakala to la daki vale daheza ke alava la daki ke la daki ke lie dasa se bisa hazara,aja kala to larki vale jaiveja shalavasa larki ke lie darpa lisvara chamucha raha hai|,3.912,0.8636363636363636,0.53,
01-03411-01,whisper,gramvaani,telephony,N/A,राजू तिवारी आलोक कुमार के अलावे कई लोग उपस्थित थे इसी के साथ मैं शिवनारायण रिपोर्टर बोकारो मोबाइल मीडिया जरीडीह बोकारो से,राजु तिवारी आलोप कुमार के अलागे कई लोग उपस्थित चे इसी के साथ मैं स्रीम नरायन विपोधर बोकारो मोबाइल मेडिया जेरिटी बोकारो चे,raju tivari aloka kumara ke alave kai loga upasthita the isi ke satha maim shivanarayana riportara bokaro mobaila midiya jaridiha bokaro se,raju tivari alopa kumara ke alage kai loga upasthita che isi ke satha maim srima narayana vipodhara bokaro mobaila mediya jeriti bokaro che,6.131,0.4090909090909091,0.11510791366906475,
02-16304-01,whisper,gramvaani,telephony,N/A,आज देखा जा रहा है की हमारे धान के खेत धान मरने की स्थिति में हो गए थी थी आज इस नए झारखण्ड में हमारी बारिश होने का,आज देखा जा रहा है कि हमारे धान के खेट धान मरने की सिती में हो गई थी आज एक नुनई जासन में हमारी बारिस पुनेशा,aja dekha ja raha hai ki hamare dhana ke kheta dhana marane ki sthiti mem ho gae thi thi aja isa nae jharakhanda mem hamari barisha hone ka,aja dekha ja raha hai ki hamare dhana ke kheta dhana marane ki siti mem ho gai thi aja eka nunai jasana mem hamari barisa punesha,5.083,0.32142857142857145,0.15827338129496402,
01-00703-03,whisper,gramvaani,telephony,N/A,गठित की है और जाँच चल रही है बावजूद की कोयला का अवैध उत्खनन एवं तस्करी बद्कसूर जारी है सीसीएल ढोरी प्रक्षेत्र के तारणी परियोजना स्थित,गजित की है और जात चल रही है बावजूर भी कोईला का वेद उठखाने में वो तस्तरी बद्धसूत जा रही है सिशल की धोई पर्चेत्र के तारवी परजिना इस्तित,gathita ki hai aura ja ncha chala rahi hai bavajuda ki koyala ka avaidha utkhanana evam taskari badkasura jari hai sisiela dhori prakshetra ke tarani pariyojana sthita,gajita ki hai aura jata chala rahi hai bavajura bhi koila ka veda uthakhane mem vo tastari baddhasuta ja rahi hai sishala ki dhoi parchetra ke taravi parajina istita,6.564,0.7777777777777778,0.281437125748503,
01-00666-01,whisper,gramvaani,telephony,N/A,प्रतिभागियों को दिया मौके पर दर्जनों सदस्यों ने भाग लिया एवं प्रति पर अपने विचार लिखित रूप से जमा किया मैं राधू राय महुदा धनबाद से,"प्रति भाग लिया को दिया, मौके पर दर्जेनों सदैश्यों ने भाग लिया एबं पर्ति पर अपने विचार लिखित रूप से जिमा किया, तैस्वे मिरादुराई, मौराधनबाद से धन्यवाद.",pratibhagiyom ko diya mauke para darjanom sadasyom ne bhaga liya evam prati para apane vichara likhita rupa se jama kiya maim radhu raya mahuda dhanabada se,prati bhaga liya ko diya mauke para darjenom sadaishyom ne bhaga liya ebam parti para apane vichara likhita rupa se jima kiya taisve miradurai mauradhanabada se dhanyavada,7.372,0.5384615384615384,0.23717948717948717,
01-01992-01,whisper,gramvaani,telephony,N/A,करोड़ों रुपया में मिला हुआ है वैसे भी किसी बच्ची के नाम पर दस हजार बीस हजार पच्चीस हजार तीस हजार रुपया तक बाकया हो जाता है,रुपया में जा हुआ है इसे कि इसी बद्धी का नाम पर सब्सक्राइब कर दो,karo dom rupaya mem mila hua hai vaise bhi kisi bachchi ke nama para dasa hajara bisa hajara pachchisa hajara tisa hajara rupaya taka bakaya ho jata hai,rupaya mem ja hua hai ise ki isi baddhi ka nama para sabsakraiba kara do,3.275,0.7857142857142857,0.5855263157894737,
01-04281-03,whisper,gramvaani,telephony,N/A,कोई विश्वासनीय खाका है जिसको आप जानते हैं हैं बिहार मोबाइल वाणी के लिए खजौली मधुबनी से रामाशीष सिंह धन्यवाद,कोई विश्वसी है खाका? है जिसको आप जानते हैं? है विहार मोबाल वानी पिले खड़ोली मरवनी के रामात पित्री मनवर,koi vishvasaniya khaka hai jisako apa janate haim haim bihara mobaila vani ke lie khajauli madhubani se ramashisha simha dhanyavada,koi vishvasi hai khaka hai jisako apa janate haim hai vihara mobala vani pile kha doli maravani ke ramata pitri manavara,4.953,0.65,0.25190839694656486,
01-04493-02,whisper,gramvaani,telephony,N/A,नमस्कार मधुबनी मोबाइल वाणी के लिए मैं मधवापुर साहरघाट से राजकिशोर यादव मधवापुर प्रखंड के बलवा गाँव में ग्यारह हजार तार पुपरी की ओर जाने वाली सड़क पर आज सुबह गिर गया है ग्यारह हजार तार गिर जाने से,"अमस्कार मद्दुबानी मुभानवानी के लिए मन्दबापूर तारगार के राज की सोड़ागा मन्दबापूर तरकन के बलबा जाओंगी 11,000 तार उपरी चरोर जाने वाली तरक पर आज शुभा गिर रहा है 11,000 तार गिर रहा है से",namaskara madhubani mobaila vani ke lie maim madhavapura saharaghata se rajakishora yadava madhavapura prakhamda ke balava ga nva mem gyaraha hajara tara pupari ki ora jane vali sa daka para aja subaha gira gaya hai gyaraha hajara tara gira jane se,amaskara maddubani mubhanavani ke lie mandabapura taragara ke raja ki so daga mandabapura tarakana ke balaba jaomgi 11 000 tara upari charora jane vali taraka para aja shubha gira raha hai 11 000 tara gira raha hai se,8.824,0.7317073170731707,0.3548387096774194,
01-08776-01,whisper,gramvaani,telephony,N/A,इस कार्य में काफ़ी संघर्ष का सामना करना पड़ा अब उन्होंने अर्पण नेचर सवेर ग्रुप बनाकर झी झील की दुबारा खूबसूरती लाने का भरसक प्रयास कर रहे हैं,इस कार्ज में कापिस संगर्ष का सामना करना पड़ा। अब उन्होंने अर्पन नेचर सेवर गुरूप बना कर जील की दुबारा खुशूर्ती लाने का वर्षक परियास कर रहे हैं।,isa karya mem kafi samgharsha ka samana karana pa da aba unhomne arpana nechara savera grupa banakara jhi jhila ki dubara khubasurati lane ka bharasaka prayasa kara rahe haim,isa karja mem kapisa samgarsha ka samana karana pa da| aba unhomne arpana nechara sevara gurupa bana kara jila ki dubara khushurti lane ka varshaka pariyasa kara rahe haim|,7.016,0.4482758620689655,0.14942528735632185,
01-10651-02,whisper,gramvaani,telephony,N/A,की वजह से जनता को परेशान होना पड़ेगा पुलिस मुख्यालय की पहल को नया नंबर अलोट करने का निर्णय लिया,की वज़र से जनता को परिशान होना पड़ेगा पुलिस मुख्याले की पहल को नया नंबर अलोट करने का निर्णय लिया,ki vajaha se janata ko pareshana hona pa dega pulisa mukhyalaya ki pahala ko naya nambara alota karane ka nirnaya liya,ki vazara se janata ko parishana hona pa dega pulisa mukhyale ki pahala ko naya nambara alota karane ka nirnaya liya,4.842,0.14285714285714285,0.05084745762711865,
01-00622-03,whisper,gramvaani,telephony,N/A,जो भी है पहले का पंचायत भवन पुराना टुटल फुटल उसमें हमलोग बैठक चलाते हैं तो उसमे बरसात के सीजन में पानी घुस जाता है और धँसने वाला भी है है कहीं बैठक के समय धँस गया तो फिर लोगों की,जो भी है पहले कब पंचेत बवन पुरा ना चुटल चुटल उसमें हम लोग बैटिक चलाते हैं तो उसमें बच्चा का सिजे में पानी गुप जाता है और दस नहीं कहवाला भी है तो यह बैटे समय दस जाएगा तो फिर लोगों की,jo bhi hai pahale ka pamchayata bhavana purana tutala phutala usamem hamaloga baithaka chalate haim to usame barasata ke sijana mem pani ghusa jata hai aura dha nsane vala bhi hai hai kahim baithaka ke samaya dha nsa gaya to phira logom ki,jo bhi hai pahale kaba pamcheta bavana pura na chutala chutala usamem hama loga baitika chalate haim to usamem bachcha ka sije mem pani gupa jata hai aura dasa nahim kahavala bhi hai to yaha baite samaya dasa jaega to phira logom ki,8.641,0.5813953488372093,0.2217573221757322,
01-10039-03,whisper,gramvaani,telephony,N/A,ये खुल गया प्राइस बैंड चार सौ अठारह से चार सौ बाईस रूपए और मिनिमम लोट साइज़ इज़ पैंतीस शेयर रखा गया है आई पी ओ दस अगस्ट तक खुला रहेगा,लिए खुल गया प्राइस बैंक 418 से 422 रुपए और मिनिमम लॉट साइज 35 शेयर रखा गया है आईपीओ 10 अगस्त तक खुला रहेगा,ye khula gaya praisa baimda chara sau atharaha se chara sau baisa rupae aura minimama lota saiza iza paimtisa sheyara rakha gaya hai ai pi o dasa agasta taka khula rahega,lie khula gaya praisa baimka 418 se 422 rupae aura minimama laॉta saija 35 sheyara rakha gaya hai aipio 10 agasta taka khula rahega,5.302,0.5161290322580645,0.3352941176470588,
01-03999-01,whisper,gramvaani,telephony,N/A,की सर्विस लगा पर रोक लगा कर रख दिया गया है पैदल चलने वाले यात्रियों को बहुत दिक्कत होती हैं साथ ही दो पहिये वाहन तथा चार पहिये वाहन के गुजरने में भारी दिक्कतें होती है,"प्रश्निक रुपट लगाकर रख दिया गया है पाइटल चलने वाले याथ्रियों को भी दिक्कते होती है जाथी तो पहिये वहान, पचा चार पहिये वहान के पच जर्मे में आरी दिक्कते होती है",ki sarvisa laga para roka laga kara rakha diya gaya hai paidala chalane vale yatriyom ko bahuta dikkata hoti haim satha hi do pahiye vahana tatha chara pahiye vahana ke gujarane mem bhari dikkatem hoti hai,prashnika rupata lagakara rakha diya gaya hai paitala chalane vale yathriyom ko bhi dikkate hoti hai jathi to pahiye vahana pacha chara pahiye vahana ke pacha jarme mem ari dikkate hoti hai,17.384,0.5555555555555556,0.21951219512195122,
02-12587-02,whisper,gramvaani,telephony,N/A,से जिससे हमारा जीवन प्रभावित होती है होती है और आज भी हम एक ऐसे ही मुद्दे के साथ हाज़िर है आपके सामने,जिससे हमारा जीवन प्रभावित होती है और आज भी हम एक ऐसे ही मुद्दे के साथ हाजिर हैं आपके सामने,se jisase hamara jivana prabhavita hoti hai hoti hai aura aja bhi hama eka aise hi mudde ke satha hazira hai apake samane,jisase hamara jivana prabhavita hoti hai aura aja bhi hama eka aise hi mudde ke satha hajira haim apake samane,4.369,0.21739130434782608,0.11570247933884298,
01-11496-02,whisper,gramvaani,telephony,N/A,अंत में समाचार खेल जगत से एशियाई खेल अंकिता के कांस्य के बाद भारत,पर उसमें समझार खेल जगत से इस याएं खेल अंकीता के कांशे के बाद भारत,amta mem samachara khela jagata se eshiyai khela amkita ke kamsya ke bada bharata,para usamem samajhara khela jagata se isa yaem khela amkita ke kamshe ke bada bharata,23.005,0.42857142857142855,0.1728395061728395,
02-12399-02,whisper,gramvaani,telephony,N/A,नमस्कार आदाब श्रोताओं देश के कौन कौन से किसान मज़दूर यूनियन काफ़ी संख्या में इकठ्ठा होकर सरकार से अपनी माँगों को लेकर दिल्ली के पार्लियामेंट स्ट्रीट में धरना,"नमस्कार, आदाब सरोता हूँ, देश के कौन-कौन से किसान मजदूर यूनियन, काफी संक्या में इगठा होकर सरकार से अपनी मांगो को लेकर, दिल्ली के पारलिया में टिस्टेट में धरना पर पादेंगे,",namaskara adaba shrotaom desha ke kauna kauna se kisana mazadura yuniyana kafi samkhya mem ikaththa hokara sarakara se apani ma ngom ko lekara dilli ke parliyamemta strita mem dharana,namaskara adaba sarota hu n desha ke kauna kauna se kisana majadura yuniyana kaphi samkya mem igatha hokara sarakara se apani mamgo ko lekara dilli ke paraliya mem tisteta mem dharana para pademge,37.656,0.4827586206896552,0.19672131147540983,
01-09796-02,whisper,gramvaani,telephony,N/A,का एलान भारत और इंग्लैंड के बीच नौ अगस्त से लॉर्ड्स में खेले जाने वाले वाले दूसरे टेस्ट मैच के लिए गयी है एक वेस्टर्न टेस्ट में इंग्लैंड ने भारत को इकतीस रन,विश्वाद का एलान भारत व इंग्लैंड के बीचनाओं गच्च लॉट में खेले जाने वाले वाले दूसरे टेस्ट में के लिए में दिगई है एडवेस्टन टेस्ट में इंग्लैंड ने भारत को एक दिसरांत,ka elana bharata aura imglaimda ke bicha nau agasta se laॉrdsa mem khele jane vale vale dusare testa maicha ke lie gayi hai eka vestarna testa mem imglaimda ne bharata ko ikatisa rana,vishvada ka elana bharata va imglaimda ke bichanaom gachcha laॉta mem khele jane vale vale dusare testa mem ke lie mem digai hai edavestana testa mem imglaimda ne bharata ko eka disaramta,7.998,0.42424242424242425,0.25136612021857924,
01-07562-01,whisper,gramvaani,telephony,N/A,आवश्यक है है किन्तु नियोजित शिक्षको की मामले में न्यूनतम वेतन अठारह हजार लागू नहीं किया गया है जिसके लिए,"अवस्थक है, लेकिन नियोजित सिच्छकों की मामली में नियोंतम वेतन अथ्थारा हजार लागू नहीं किया गया है, जिसके लिए",avashyaka hai hai kintu niyojita shikshako ki mamale mem nyunatama vetana atharaha hajara lagu nahim kiya gaya hai jisake lie,avasthaka hai lekina niyojita sichchakom ki mamali mem niyomtama vetana aththara hajara lagu nahim kiya gaya hai jisake lie,5.092,0.35,0.168,
01-04320-03,whisper,gramvaani,telephony,N/A,मुंगेर नगर निगम की बदहाली व्यवस्था के कारण शहर वासियों को शुद्ध पेय जल नहीं मिल रहा है नगर निगम के साथ संचालित कस्तुरबा वॉटर वर्क्स,मुंज़ नगर निगम की बदहाली बवस्था के कारण सहारबास्थों को सुद पेजल नहीं मिल रहा है नगर निगम के कारण 47 वाटर वर्ग से,mumgera nagara nigama ki badahali vyavastha ke karana shahara vasiyom ko shuddha peya jala nahim mila raha hai nagara nigama ke satha samchalita kasturaba vaॉtara varksa,mumza nagara nigama ki badahali bavastha ke karana saharabasthom ko suda pejala nahim mila raha hai nagara nigama ke karana 47 vatara varga se,5.63,0.46153846153846156,0.25443786982248523,
01-08017-03,whisper,gramvaani,telephony,N/A,के बेहतरीन महिला को एक पारदर्शी महिला को पंचायत में इनका आ आरक्षण मिले और उसका विकास हो आने वाले दिन में,और तेहत्री महला को एक पादर्शी महला को पंचात में इसका आश्रम ले और इसका अधिकात हो।,ke behatarina mahila ko eka paradarshi mahila ko pamchayata mem inaka a arakshana mile aura usaka vikasa ho ane vale dina mem,aura tehatri mahala ko eka padarshi mahala ko pamchata mem isaka ashrama le aura isaka adhikata ho|,3.94,0.7727272727272727,0.376,
01-10457-02,whisper,gramvaani,telephony,N/A,इस देश के कई भाग से हैं जहाँ सिंचाई सुविधा के आभाव मैं बारिश पर निर्भर रहते हैं अगर बारिश समय पर नहीं हुए तो सारा फसल बर्बाद अब ऐसे मैं किसान करे तो क्या करे,इस देश के कई भाग ऐसे हैं जहां अधिकान सिचाय सुविधा के अभाव में खेली बारिस पर निर्भर रहते हैं और अगर बारिस समय पर नहीं हुई तो सारा फसल बरबाद अब ऐसे में किसान करे तो क्या करे,isa desha ke kai bhaga se haim jaha n simchai suvidha ke abhava maim barisha para nirbhara rahate haim agara barisha samaya para nahim hue to sara phasala barbada aba aise maim kisana kare to kya kare,isa desha ke kai bhaga aise haim jaham adhikana sichaya suvidha ke abhava mem kheli barisa para nirbhara rahate haim aura agara barisa samaya para nahim hui to sara phasala barabada aba aise mem kisana kare to kya kare,8.045,0.32432432432432434,0.16,
02-14905-01,whisper,gramvaani,telephony,N/A,श्री पावन भगत अशोक केसरी पवन केसरी विजय मिश्रा उदय लाहाकर प्रवीन मिश्रा मंटू भगत सहित गणेश मंदिर समिति के सभी सदस्य मौजुद वही बताते चले की मोबाइल वाणी के द्वारा ही,पवन भगत आशोक केशरी पवन केशरी मिजय मिश्रा उदय लाकार परविन मिश्रा मंतु भगत सहित गनिश मंद्र समिति के सभी सदस्य मदुष वहीं बताते चले कि मोबाइल वानी के द्वारा ही,shri pavana bhagata ashoka kesari pavana kesari vijaya mishra udaya lahakara pravina mishra mamtu bhagata sahita ganesha mamdira samiti ke sabhi sadasya maujuda vahi batate chale ki mobaila vani ke dvara hi,pavana bhagata ashoka keshari pavana keshari mijaya mishra udaya lakara paravina mishra mamtu bhagata sahita ganisha mamdra samiti ke sabhi sadasya madusha vahim batate chale ki mobaila vani ke dvara hi,7.516,0.3125,0.08737864077669903,
02-17467-01,whisper,gramvaani,telephony,N/A,मोबाइल वाणी के बेहद लोकप्रिय और ख़ास कार्यक्रम खबरें जरा हट के में आपका स्वागत है,मोबाइल वानी के बिहत दुख प्रिये और खास कारिकरम खबरे जरा हटके में आपका स्वागत है,mobaila vani ke behada lokapriya aura kasa karyakrama khabarem jara hata ke mem apaka svagata hai,mobaila vani ke bihata dukha priye aura khasa karikarama khabare jara hatake mem apaka svagata hai,3.92,0.5,0.13402061855670103,
01-00097-03,whisper,gramvaani,telephony,N/A,इस मध्य प्रदेश मोबाइल वाणी के सभी सुनने वाले श्रोताओं को और मेरे मित्रों को सभी को हार्दिक हार्दिक शुभकामनाएं धन्यवाद नमस्कार,इस मंद प्रदेश मुझे बाद के सली सुनने वाले सुरुताओं को और मेरे मित्रों को तभी को हार्षिक हार्षिक सुप्ताओं ले धन्यवाद नवस्कार,isa madhya pradesha mobaila vani ke sabhi sunane vale shrotaom ko aura mere mitrom ko sabhi ko hardika hardika shubhakamanaem dhanyavada namaskara,isa mamda pradesha mujhe bada ke sali sunane vale surutaom ko aura mere mitrom ko tabhi ko harshika harshika suptaom le dhanyavada navaskara,5.907,0.5,0.21232876712328766,
02-13426-02,whisper,gramvaani,telephony,N/A,आँगनबाड़ी सहायिकाओं को पन्द्रह सौ रूपए के स्थान पर बाईस सौ सौ पचास रूपए मिलेंगे और अब ख़बर खेल जगत से कुछ देर में शुरू होगा पाँचवें दिन दिन का खेल शाख बचाने को उतरेगी टीम इंडिया ख़बर है नई दिल्ली से,आंगन बारी साइकाओ को 1500 रुपए के अस्थान पर 250 रुपए मिलेंगे और अब खबर खेल जगत से कुछ देर में शुरू होगा पांचवे दिन के विदिन का खेल साग बचाने उत्रे की टीम इंडिया खबर है नई दिली से,a nganaba di sahayikaom ko pandraha sau rupae ke sthana para baisa sau sau pachasa rupae milemge aura aba kabara khela jagata se kucha dera mem shuru hoga pa nchavem dina dina ka khela shakha bachane ko utaregi tima imdiya kabara hai nai dilli se,amgana bari saikao ko 1500 rupae ke asthana para 250 rupae milemge aura aba khabara khela jagata se kucha dera mem shuru hoga pamchave dina ke vidina ka khela saga bachane utre ki tima imdiya khabara hai nai dili se,8.588,0.4666666666666667,0.25609756097560976,
02-14654-01,whisper,gramvaani,telephony,N/A,याद है की मनरेगा में लंबित मजदूरी भुगतान नहीं होने के सम्बन्ध में शिकायतें प्राप्त हो रही थी राज्य शासन द्वारा शिकायतों के निराकरण के लिए ग्राम पंचायतों में कलस्टर,ज्याद है कि मन्रिगा में लंबित मजदूरी भुक्ता नहीं होने के सम्मन्द में शिकायते प्राप्त हो रही थी राज शासन द्वारा शिकायतों की निराकरण के लिए ग्राम पंचायतों में कलस्टर विश्वान,yada hai ki manarega mem lambita majaduri bhugatana nahim hone ke sambandha mem shikayatem prapta ho rahi thi rajya shasana dvara shikayatom ke nirakarana ke lie grama pamchayatom mem kalastara,jyada hai ki manriga mem lambita majaduri bhukta nahim hone ke sammanda mem shikayate prapta ho rahi thi raja shasana dvara shikayatom ki nirakarana ke lie grama pamchayatom mem kalastara vishvana,8.064,0.26666666666666666,0.10880829015544041,
01-03123-03,whisper,gramvaani,telephony,N/A,फ़िलहाल जारी अधिकतम तापमान का ट्रेंड गेहूं और दलहन का  यदि तापमान का रुख ऐसा ही जारी रहा,प्रिजाल जारी अधिक्तम तापमान का ट्रेंट जिहू और दलन की प्रत्मान का रुप ऐसा ही जारी रहा,filahala jari adhikatama tapamana ka tremda gehum aura dalahana ka yadi tapamana ka rukha aisa hi jari raha,prijala jari adhiktama tapamana ka tremta jihu aura dalana ki pratmana ka rupa aisa hi jari raha,4.272,0.5,0.21495327102803738,
02-12354-02,whisper,gramvaani,telephony,N/A,तिलका मांझी भागलपुर विश्वविद्यालय प्रशासन ने बी ए फर्स्ट इयर दो हज़ार सतरह उन्नीस का परीक्षा कार्यक्रम घोषित कर दिया है परीक्षा दूसरी पाली में दो बजे,तिलका मानी भागर पूल इस जाले प्रसासन ने जीज और सियर 2017-19 का परिछा टारिकरम गोशित कर दिया है।,tilaka mamjhi bhagalapura vishvavidyalaya prashasana ne bi e pharsta iyara do hazara sataraha unnisa ka pariksha karyakrama ghoshita kara diya hai pariksha dusari pali mem do baje,tilaka mani bhagara pula isa jale prasasana ne jija aura siyara 2017 19 ka paricha tarikarama goshita kara diya hai|,4.331,0.8518518518518519,0.5027932960893855,
01-07629-02,whisper,gramvaani,telephony,N/A,और पछताना नहीं पड़ता है बहुत से ऐसे गाँव के विद्यार्थी को मैंने देखा है की कई,और प्रस्ताना में ही पड़ता है बहुत शायद बहुत इजात्र को मैंने देखा है कि परीज,aura pachatana nahim pa data hai bahuta se aise ga nva ke vidyarthi ko maimne dekha hai ki kai,aura prastana mem hi pa data hai bahuta shayada bahuta ijatra ko maimne dekha hai ki parija,3.824,0.5263157894736842,0.3404255319148936,
01-06461-03,whisper,gramvaani,telephony,N/A,मुंगेर प्रखंड क्षेत्र में बिजली के लिए हाहाकार मचा हुआ है चौबीस घंटे में से मात्र आठ से बारह घंटे तक भी बिजली नहीं मिलती है,"मुंगे शक्रण छत्र में देवी के लिए आकार मिचा हुआ है, 24 गंटे मेंचे माथ्रा 8-12 गंटे तक भी दूली नहीं मिलती है।",mumgera prakhamda kshetra mem bijali ke lie hahakara macha hua hai chaubisa ghamte mem se matra atha se baraha ghamte taka bhi bijali nahim milati hai,mumge shakrana chatra mem devi ke lie akara micha hua hai 24 gamte memche mathra 8 12 gamte taka bhi duli nahim milati hai|,5.073,0.6538461538461539,0.3333333333333333,
13-00159-01,whisper,gramvaani,telephony,N/A,विरोधियों के बीच होने वाले इस मैच की तारीख से नाराज़ है बी सी सी ज है बी सी सी आई ने एशिया कप के कार्यक्रम में भारत और पाकिस्तान के मैच की मैच की तारीख पर आपत्ति जताई है,प्रदियों के बीच होने वाले इस मैच की तारीग से नाराज है BCCI ने एशिया कप के कारिकरम में भारत और पाकिस्तान की मैच की तारीग पर आपती जताई है,virodhiyom ke bicha hone vale isa maicha ki tarikha se naraza hai bi si si ja hai bi si si ai ne eshiya kapa ke karyakrama mem bharata aura pakistana ke maicha ki maicha ki tarikha para apatti jatai hai,pradiyom ke bicha hone vale isa maicha ki tariga se naraja hai bcci ne eshiya kapa ke karikarama mem bharata aura pakistana ki maicha ki tariga para apati jatai hai,6.26,0.425,0.23267326732673269,
01-03050-02,whisper,gramvaani,telephony,N/A,मैं राजीव कुमार ठाकुर जिला मुंगेर मुंगेर की आवाज़ से बाबा धरमदास मंदिर के निर्माण समिति द्वारा संकल्प दिवस का आयोजन,मैं राजीतुम अठाकुर जिला मुंगेर मुंगेर की अवाज से बावा ध्रंदात मंदिल निर्मान समिती द्वारातंकल दिवत का आयोजन,maim rajiva kumara thakura jila mumgera mumgera ki avaza se baba dharamadasa mamdira ke nirmana samiti dvara samkalpa divasa ka ayojana,maim rajituma athakura jila mumgera mumgera ki avaja se bava dhramdata mamdila nirmana samiti dvaratamkala divata ka ayojana,5.445,0.5238095238095238,0.14074074074074075,
01-04208-01,whisper,gramvaani,telephony,N/A,एक राज्य की छवि छवि खराब करने की ही और दूसरी राज्य को अपने शिक्षा व्यवस्था को ज्यादा गंभीरता से लेने के लिए बाध्य करने की करने की बिहार बोर्ड की परीक्षा में अभिभावकों द्वारा खुलेआम नकल कराने की तस्वीर दुनिया भर में चर्चित हुई थी,एक राजी की खरीख करेंगे और दूसरी राजी को अपनी सिक्षा विवसा को ज्यादा गर्विता से लेने के लिए बाद करने की करने की पिहार बोट की परिचा में अगर आपको दोरा खुले आम नकल कराने के एक तक्रिप दुनिया फर्में जैकित हुई थी,eka rajya ki chavi chavi kharaba karane ki hi aura dusari rajya ko apane shiksha vyavastha ko jyada gambhirata se lene ke lie badhya karane ki karane ki bihara borda ki pariksha mem abhibhavakom dvara khuleama nakala karane ki tasvira duniya bhara mem charchita hui thi,eka raji ki kharikha karemge aura dusari raji ko apani siksha vivasa ko jyada garvita se lene ke lie bada karane ki karane ki pihara bota ki paricha mem agara apako dora khule ama nakala karane ke eka takripa duniya pharmem jaikita hui thi,9.57,0.5869565217391305,0.25650557620817843,
02-21289-01,whisper,gramvaani,telephony,N/A,डेढ़ साल पहले ही हम शादी के बंधन में बंधे है इस घर के इकलौते बेटे होने के नाते बचपन से ही सबके लाड प्यार ने इन्हे बिगाड़ रखा है रखा है सुबह से शाम ये अपने काम पर रहते है,देट साल पहले ही हम शादी के बंधन में बंधे हैं इस घर के एकलोते बेटे होने के नाते बच्पन से ही सबके लाट प्यार ने इन्हें बिगार रखा है सोबा से शाम ये अपने काम पर रहते हैं,deढ़ sala pahale hi hama shadi ke bamdhana mem bamdhe hai isa ghara ke ikalaute bete hone ke nate bachapana se hi sabake lada pyara ne inhe biga da rakha hai rakha hai subaha se shama ye apane kama para rahate hai,deta sala pahale hi hama shadi ke bamdhana mem bamdhe haim isa ghara ke ekalote bete hone ke nate bachpana se hi sabake lata pyara ne inhem bigara rakha hai soba se shama ye apane kama para rahate haim,7.448,0.2857142857142857,0.11320754716981132,
02-13499-02,whisper,gramvaani,telephony,N/A,मोदी सरकार ने आशा कार्यकर्ताओं का भत्ता दो गुना किया प्रधानमंत्री बीमा भी मुफ्त मिलेगा,मोधी सरकार ने आशा कारे करताओं का भत्ता दोगना किया प्रधान मंत्री बीमा भी मुफ्त मिलेगा,modi sarakara ne asha karyakartaom ka bhatta do guna kiya pradhanamamtri bima bhi muphta milega,modhi sarakara ne asha kare karataom ka bhatta dogana kiya pradhana mamtri bima bhi muphta milega,4.042,0.4666666666666667,0.07368421052631578,
01-06401-03,whisper,gramvaani,telephony,N/A,लगभग तीन तीन सौ की आबादी वाले बरवाडीह गाँव ना एक कुआँ ना तालाब है नहाने के लिए यहाँ के लोगो को करीब डेढ़ किलोमीटर की दूरी तय कर,लगबग तीन सो की आवादी वाले परवादी ना एक कुआना सालाब है। नहाने के लिए यहां के लोगों को करीद देड़ किलो मेटर की दूरी सहे कर।,lagabhaga tina tina sau ki abadi vale baravadiha ga nva na eka kua n na talaba hai nahane ke lie yaha n ke logo ko kariba deढ़ kilomitara ki duri taya kara,lagabaga tina so ki avadi vale paravadi na eka kuana salaba hai| nahane ke lie yaham ke logom ko karida de da kilo metara ki duri sahe kara|,5.912,0.6875,0.24025974025974026,
01-02125-02,whisper,gramvaani,telephony,N/A,नमस्कार श्रोता मित्रों मेट्रिक की परीक्षा की शुरुआत शांतिपूर्ण तैतालिस परीक्षार्थी अनुपस्थित रहे मैं जेएम रंगीला कोऑर्डिनेटर बोकारो से झारखण्ड मोबाइल वाणी,"नमस्कार शुरूता मित्रों, मैच्छी की परिछा की शुरुआत साम्तिक होने सेतालिब परिछाते अनुपत्वित रहे, मैं जियम रजीला कोडिनेटर बुकारोश शुरूता साम्तिक जारकन मोबाइल वानी",namaskara shrota mitrom metrika ki pariksha ki shuruata shamtipurna taitalisa pariksharthi anupasthita rahe maim jeema ramgila koऑrdinetara bokaro se jharakhanda mobaila vani,namaskara shuruta mitrom maichchi ki paricha ki shuruata samtika hone setaliba parichate anupatvita rahe maim jiyama rajila kodinetara bukarosha shuruta samtika jarakana mobaila vani,7.806,0.6818181818181818,0.3275862068965517,
01-01990-01,whisper,gramvaani,telephony,N/A,लेकिन वहाँ पर नीचे उतारने का भी अभी तक कोई रास्ता नहीं गया है वहाँ पर बहुत झाड़ झुड़ रहता है इसलिए मैं ग्राम वाणी के द्वारा सरकार से अनुरोध करना चाहता हूँ,"लेकिन उस महाचाल नीचे उठाने का अगुत अपने रास्ता नहीं दिया है, वहाँ पर बहुत शार जोड़ आता है, इसलिए मैं जराम वानी के दुआरा सरकार से अनुवोट करना चाहता हूँ।",lekina vaha n para niche utarane ka bhi abhi taka koi rasta nahim gaya hai vaha n para bahuta jha da jhu da rahata hai isalie maim grama vani ke dvara sarakara se anurodha karana chahata hu n,lekina usa mahachala niche uthane ka aguta apane rasta nahim diya hai vaha n para bahuta shara jo da ata hai isalie maim jarama vani ke duara sarakara se anuvota karana chahata hu n|,7.298,0.4473684210526316,0.21465968586387435,
01-07043-02,whisper,gramvaani,telephony,N/A,पुनः एक बार सहायता की की जाए धन्य धन्यवाद,कि पुना है एक बार इस सहता की जाए थाने बाद,punah eka bara sahayata ki ki jae dhanya dhanyavada,ki puna hai eka bara isa sahata ki jae thane bada,2.235,0.7777777777777778,0.45098039215686275,
01-02028-02,whisper,gramvaani,telephony,N/A,उम्मीदवार होगी जिसे आम जन सामाजिक कार्यकर्ता कम और और राजनीती के रूप में अधिक जानेंगे इसमें कोई शक नहीं मैं राधू राय,उन्हें द्वार होगी जिसे आम जन समाधी कार्यकर्तक कम और राजनीतिक के रूप में अधिक जानेंगे इसमें कोई तक नहीं स्थित्र मिराद हो रहा है,ummidavara hogi jise ama jana samajika karyakarta kama aura aura rajaniti ke rupa mem adhika janemge isamem koi shaka nahim maim radhu raya,unhem dvara hogi jise ama jana samadhi karyakartaka kama aura rajanitika ke rupa mem adhika janemge isamem koi taka nahim sthitra mirada ho raha hai,5.763,0.5217391304347826,0.2517985611510791,
01-06650-01,whisper,gramvaani,telephony,N/A,डालडा जो होता है उसमे आलू का मिश्रण मिश्रण हो रहा है तेल भी आज कल दोस्तों कोई खास ऑरिजनल नहीं आ रहा है तो आप और आपके परिवार प्लस आप आपके व्यवहारी,डाल्टा जो होता है उसमें आलू का मिश्रू का मिश्रून हो रहा है तेल भी आज काल दोखतों कोई खास औरिजिनल नहीं आ रहा है तो आप और आपके परिवार प्लस आपके व्यवहारी,dalada jo hota hai usame alu ka mishrana mishrana ho raha hai tela bhi aja kala dostom koi khasa ऑrijanala nahim a raha hai to apa aura apake parivara plasa apa apake vyavahari,dalta jo hota hai usamem alu ka mishru ka mishruna ho raha hai tela bhi aja kala dokhatom koi khasa aurijinala nahim a raha hai to apa aura apake parivara plasa apake vyavahari,7.306,0.24242424242424243,0.09659090909090909,
02-16456-01,whisper,gramvaani,telephony,N/A,है एक वरिष्ट सरकारी अधिकारी ने बताया कि ये योजनायें सरकारी हो सकती हैं पेंशन बीमा और भविष्य निधि के क्षेत्रों में निजी खिलाडियों का संचालन कर सकती है,"एक वरिश सरकारी अधिकारी ने बताया की ये योजनाई सरकारी हो सकती है पेंसन, बीमा और भविशे नीदी के छेतरों में नीजी खिलाडियों का संचालन कर सकती है",hai eka varishta sarakari adhikari ne bataya ki ye yojanayem sarakari ho sakati haim pemshana bima aura bhavishya nidhi ke kshetrom mem niji khiladiyom ka samchalana kara sakati hai,eka varisha sarakari adhikari ne bataya ki ye yojanai sarakari ho sakati hai pemsana bima aura bhavishe nidi ke chetarom mem niji khiladiyom ka samchalana kara sakati hai,6.391,0.27586206896551724,0.08839779005524862,
01-06529-02,whisper,gramvaani,telephony,N/A,मैं ये वन प्रबंधन पदाधिकारी हजारीबाग से ये कहना चाहता हूँ की आप नक्शा पास केंद्र में गड्ढे नाले जहाँ भी हों वहाँ गड्ढा खोद कर के सारे,मैं ये गंतरमंदर पदाविकारी हजारी बाग के में पहरा चाहता हूँ कि आप लक्षा पार्चे अंदर में गड़े नाले जहाँ जिवाओ और जट्ठा खोट करके पारे,maim ye vana prabamdhana padadhikari hajaribaga se ye kahana chahata hu n ki apa naksha pasa kemdra mem gaddhe nale jaha n bhi hom vaha n gaddha khoda kara ke sare,maim ye gamtaramamdara padavikari hajari baga ke mem pahara chahata hu n ki apa laksha parche amdara mem ga de nale jaha n jivao aura jattha khota karake pare,6.66,0.6774193548387096,0.25766871165644173,
01-10685-03,whisper,gramvaani,telephony,N/A,नया टाइम टेबल लागू किया है रतलाम रेल मंडल पर चलने वाली उनतीस उनतीस गाड़ियों की गति को बढ़ाया गया है है रतलाम मंडल से होकर जाने वाली कुल पैसठ गाड़ियों की,नया टाइम टेबू लागू किया है रतलाम रेल मंडल पर चलने वाली 29 गाड़ियों की गती को बढ़ाया गया है रतलाम मंडल से होकर जाने वाली कुल 65 गाड़ियों के,naya taima tebala lagu kiya hai ratalama rela mamdala para chalane vali unatisa unatisa ga diyom ki gati ko baढ़aya gaya hai hai ratalama mamdala se hokara jane vali kula paisatha ga diyom ki,naya taima tebu lagu kiya hai ratalama rela mamdala para chalane vali 29 ga diyom ki gati ko ba dhaya gaya hai ratalama mamdala se hokara jane vali kula 65 ga diyom ke,6.741,0.23529411764705882,0.17894736842105263,
01-05003-02,whisper,gramvaani,telephony,N/A,के नेता को कभी अकेले तो कभी संदिग्ध रूप से सत्ता मिला लेकिन जनता की कसौटी पर कोई भी खड़ा नहीं उतर नहीं उतर सका यही सबसे बड़ी चिंता की बात है,प्रदाविक नेता को कभी अकेले तो कभी संजित रुप्षे सक्ता मिला लेकिन जनता की कशोदी पर कोई भी खाला नहीं उतर नहीं उतर सका। यही सच्चे बड़ी तिंता की बात है।,ke neta ko kabhi akele to kabhi samdigdha rupa se satta mila lekina janata ki kasauti para koi bhi kha da nahim utara nahim utara saka yahi sabase ba di chimta ki bata hai,pradavika neta ko kabhi akele to kabhi samjita rupshe sakta mila lekina janata ki kashodi para koi bhi khala nahim utara nahim utara saka| yahi sachche ba di timta ki bata hai|,16.961,0.35294117647058826,0.1695906432748538,
01-00960-03,whisper,gramvaani,telephony,N/A,की जाती है परन्तु कं पुतना ने जब कृष्ण को अपना दुध पिला रहे थे मारने के लिए तब ही भगवान कृष्ण चमत्कार दिखाया की साथ साथ जो है की उनका,प्रश्न पुत्ना ने जब चिपनों को अपना अपना दूप पिला रहे हैं तो मार में किरके लेता हुए भर्मान की स्टमच्कार दिखाया कि ये साथ साथ जो है कि उनका,ki jati hai parantu kam putana ne jaba krrishna ko apana dudha pila rahe the marane ke lie taba hi bhagavana krrishna chamatkara dikhaya ki satha satha jo hai ki unaka,prashna putna ne jaba chipanom ko apana apana dupa pila rahe haim to mara mem kirake leta hue bharmana ki stamachkara dikhaya ki ye satha satha jo hai ki unaka,6.363,0.6451612903225806,0.41916167664670656,
02-12750-02,whisper,gramvaani,telephony,N/A,नमस्कार श्रोताओं मैं सुनिधि लेकर आई हूँ बिहार मोबाइल वाणी पर शाम,नमस्कार शुरुताओं मैं सुनी दी लेकर आई हूँ बिहार मबाइल वाणी पर शामिर पर देखते हैं,namaskara shrotaom maim sunidhi lekara ai hu n bihara mobaila vani para shama,namaskara shurutaom maim suni di lekara ai hu n bihara mabaila vani para shamira para dekhate haim,4.162,0.6153846153846154,0.3246753246753247,
01-08134-02,whisper,gramvaani,telephony,N/A,परीक्षा नौ अगस्त को खबर है नई दिल्ली से रेलवे ने सहायक लोको तकनीशियनों की की छबीस हजार पाँच सौ दो नियुक्तियों के लिए परीक्षा की तारीख नौ,परिछा नौ अगस्त को खबर है नई दिल्ली से रेल्वे ने सहायक लोकों तक निश्यों की तब इस अजार 502 रिक्तियों के लिए परिछा की तारीख नौ,pariksha nau agasta ko khabara hai nai dilli se relave ne sahayaka loko takanishiyanom ki ki chabisa hajara pa ncha sau do niyuktiyom ke lie pariksha ki tarikha nau,paricha nau agasta ko khabara hai nai dilli se relve ne sahayaka lokom taka nishyom ki taba isa ajara 502 riktiyom ke lie paricha ki tarikha nau,5.895,0.4482758620689655,0.2073170731707317,
01-09492-02,whisper,gramvaani,telephony,N/A,की है रूट लाइन व कतार के,की है रूट लाइन वक्तार के,ki hai ruta laina va katara ke,ki hai ruta laina vaktara ke,1.517,0.2857142857142857,0.06666666666666667,
01-02482-01,whisper,gramvaani,telephony,N/A,जयनगर अनुमंडल क्षेत्र से सुरेश कुमार गुप्ता जयनगर,जैने गर अनुमान लाइक सकते हैं प्रेज मार्गित्ता जैने गर,jayanagara anumamdala kshetra se suresha kumara gupta jayanagara,jaine gara anumana laika sakate haim preja margitta jaine gara,2.954,1.25,0.515625,
02-19405-01,whisper,gramvaani,telephony,N/A,होता ई है कि एस एस जी चूकि महिलाओं का समूह है तो तुम्हारी मेहरारू को,होता यह है कि एसेस जी चुकी महिलाओं का समूह है तो तुम्हारी महरारों को कब जाएगा,hota i hai ki esa esa ji chuki mahilaom ka samuha hai to tumhari mehararu ko,hota yaha hai ki esesa ji chuki mahilaom ka samuha hai to tumhari mahararom ko kaba jaega,3.656,0.375,0.2631578947368421,
01-06986-01,whisper,gramvaani,telephony,N/A,सब्जियों की दुकाने फलों फलों के ठेले और तरह तरह के ठेलों की यातायात को बाध्य कई जगहों पर सड़क किनारे लोगों ने घर बना लिया हैं उनके लिए सड़क ही आंगन बन जाता हैं,"सबजियों की दुकाने, फलों के फलों के खेले और तरह-तरह के अस्टेनों की अताव को बात करते हैं। कई जगहों पर चलक किनारे लोगों ने घर बना लिया है। उनके लिए चलकी आंगन बन जाता है।",sabjiyom ki dukane phalom phalom ke thele aura taraha taraha ke thelom ki yatayata ko badhya kai jagahom para sa daka kinare logom ne ghara bana liya haim unake lie sa daka hi amgana bana jata haim,sabajiyom ki dukane phalom ke phalom ke khele aura taraha taraha ke astenom ki atava ko bata karate haim| kai jagahom para chalaka kinare logom ne ghara bana liya hai| unake lie chalaki amgana bana jata hai|,7.726,0.40540540540540543,0.20304568527918782,
01-01715-03,whisper,gramvaani,telephony,N/A,ये सुनना मैं बहुत पसंद करता हूँ मेरी जीवन में बदलाव की श्रण आती रहती है इसी के साथ में ये सन्देश देना चाहता हूँ बिहार मोबाइल वाणी के साथ,ये सुनना मैं बहुत प्रसंद करते हूँ मेरी जीवने बदला पिछन आती रहती है इसे के साथ मैं ये संदेश देना चाता हूँ जिहार मुगलवानी के साथ,ye sunana maim bahuta pasamda karata hu n meri jivana mem badalava ki shrana ati rahati hai isi ke satha mem ye sandesha dena chahata hu n bihara mobaila vani ke satha,ye sunana maim bahuta prasamda karate hu n meri jivane badala pichana ati rahati hai ise ke satha maim ye samdesha dena chata hu n jihara mugalavani ke satha,6.488,0.4375,0.1377245508982036,
01-09945-03,whisper,gramvaani,telephony,N/A,अगर आपके आस पास या आपका क्षेत्रों में भी कुछ ऐसी ही खबरें हैं हैं जो ज़रा हटके हैं हैं तो हमें ज़रूर बताएं अपने मोबाइल में नंबर तीन दबा कर कर और साथ ही इसका,अगर आपके आसपास या आपके क्षेत्रों में भी कुछ ऐसी ही खबरे हैं जो जरा हटके हैं तो हमें जरूर बताएं अपने मुबाइल में नमबर तीन दवा का और साथ ही इसका बताएं।,agara apake asa pasa ya apaka kshetrom mem bhi kucha aisi hi khabarem haim haim jo zara hatake haim haim to hamem zarura bataem apane mobaila mem nambara tina daba kara kara aura satha hi isaka,agara apake asapasa ya apake kshetrom mem bhi kucha aisi hi khabare haim jo jara hatake haim to hamem jarura bataem apane mubaila mem namabara tina dava ka aura satha hi isaka bataem|,7.054,0.3888888888888889,0.17098445595854922,
01-05555-02,whisper,gramvaani,telephony,N/A,किसानों को यह जानकारी किसान पाठशाला लगाकर उपलब्ध कराई जाए की जानकारी प्रखंड पीसी ने बताया की ये कार्यक्रम  में चलाया जायेगा जिसके लिए चयन की प्रक्रि प्रक्रिया अंतिम चरण उन्होंने बताया की चयनित,जिसकी जानकारी परखंड की सिंह ने बताया कि यह कार्यक्रम भैतों में चराया जाएगा इसके लिए सेहन की पर्चिलिया अंतिर्चर्ण। पिछर उन्हें बताया की चेरिक,kisanom ko yaha janakari kisana pathashala lagakara upalabdha karai jae ki janakari prakhamda pisi ne bataya ki ye karyakrama mem chalaya jayega jisake lie chayana ki prakri prakriya amtima charana unhomne bataya ki chayanita,jisaki janakari parakhamda ki simha ne bataya ki yaha karyakrama bhaitom mem charaya jaega isake lie sehana ki parchiliya amtircharna| pichara unhem bataya ki cherika,16.85,0.7058823529411765,0.5111111111111111,
02-15827-01,whisper,gramvaani,telephony,N/A,सहकारी मुखिया सिकंदर  दिवाकर महतो उमेश कुमार चौबे चौबे मिथिलेश महाराज विनीत जैसवाल सोहेल अंसारी ने,दिनिधी सहजारी मुख्या किकंदर कपण्डा शिवाकर मातो उन्हेश कुमार चोगे नोगे वितलेश महराज विनीत जैसवाल तोहल अंतारी ने,sahakari mukhiya sikamdara divakara mahato umesha kumara chaube chaube mithilesha maharaja vinita jaisavala sohela amsari ne,dinidhi sahajari mukhya kikamdara kapanda shivakara mato unhesha kumara choge noge vitalesha maharaja vinita jaisavala tohala amtari ne,5.621,0.8125,0.3064516129032258,
01-11055-03,whisper,gramvaani,telephony,N/A,कि कोई भी परेशानी होने पर आम लोग उनसे सीधा संपर्क कर सकते हैं एवं उनका हर मदद किया जाएगा इस कार्यक्रम को लेकर वहाँ उपस्थित लोगों के बीच,कि कोई भी परिशानी होने पर आम लोग उनसे सीधा संपाग कर सकते हैं एवं उनका हर मदद किया जाएगा इस कारिक्रम को लेकर वहां उपस्थित लोगों के बीच,ki koi bhi pareshani hone para ama loga unase sidha samparka kara sakate haim evam unaka hara madada kiya jaega isa karyakrama ko lekara vaha n upasthita logom ke bicha,ki koi bhi parishani hone para ama loga unase sidha sampaga kara sakate haim evam unaka hara madada kiya jaega isa karikrama ko lekara vaham upasthita logom ke bicha,6.341,0.16666666666666666,0.041666666666666664,
01-10891-03,whisper,gramvaani,telephony,N/A,सरकारी विमान कंपनी एयर इंडिया के पायलटों के  अपने उड़ान भत्तों के बकायें का तत्काल भुगतान नहीं होने पर परिचालन पायलटों का कहना है कि अन्य कर्मचारियों के वेतन और भत्तों का देर से ही सही लेकिन पूरा भुगतान हो रहा हैं,सरकारी विमान कंपनी Air India के पाइलोटों के एकने अपने उरान भट्तों के बगाय का ततकाल भुक्तान नहीं होने पर परिचालन रूप पाइलोटों का कहना है कि अने करमचारियों के वेतन और भट्तों का देव सही सही लेकिन पूरा भुक्तान हो रहा है,sarakari vimana kampani eyara imdiya ke payalatom ke apane u dana bhattom ke bakayem ka tatkala bhugatana nahim hone para parichalana payalatom ka kahana hai ki anya karmachariyom ke vetana aura bhattom ka dera se hi sahi lekina pura bhugatana ho raha haim,sarakari vimana kampani air india ke pailotom ke ekane apane urana bhattom ke bagaya ka tatakala bhuktana nahim hone para parichalana rupa pailotom ka kahana hai ki ane karamachariyom ke vetana aura bhattom ka deva sahi sahi lekina pura bhuktana ho raha hai,28.452,0.4186046511627907,0.1484375,
02-18071-01,whisper,gramvaani,telephony,N/A,हम लोगों को वेतन नहीं दिया जा रहा हैं इधर जिस आवास में हम लोग रहते हैं उस उसके मालिक को भी कंपनी की और से से ताला बंद करने का फरमान दिया गया है,से हम लोगों को वेदन नहीं दिया जा रहा है इधर जिस आवास में हम लोग रहते हैं उसके मालिक को भी कंपनी की ओर से ताला बंद करने का फर्मान दिया गया है,hama logom ko vetana nahim diya ja raha haim idhara jisa avasa mem hama loga rahate haim usa usake malika ko bhi kampani ki aura se se tala bamda karane ka pharamana diya gaya hai,se hama logom ko vedana nahim diya ja raha hai idhara jisa avasa mem hama loga rahate haim usake malika ko bhi kampani ki ora se tala bamda karane ka pharmana diya gaya hai,6.189,0.2,0.08379888268156424,
02-17099-01,whisper,gramvaani,telephony,N/A,मै रजनी कुमार सिंह जमुई से सोमवार को जिला परिषद की सामान्य बैठक अध्यक्ष व उपाध्यक्ष की,मैं रजनी कुमार सिंग जमूई से सोमवार को जिला परिशत की सामाने बैठक अध्यक्ष वा उपाध्यक्ष की,mai rajani kumara simha jamui se somavara ko jila parishada ki samanya baithaka adhyaksha va upadhyaksha ki,maim rajani kumara simga jamui se somavara ko jila parishata ki samane baithaka adhyaksha va upadhyaksha ki,4.366,0.23529411764705882,0.04672897196261682,
01-06730-01,whisper,gramvaani,telephony,N/A,है काफी प्रदूषण को लेकर आम लोगों को भी को भी जागरूक होने जरुरत है अन्यथा एक ऐसा समय आएगा जब प्रदूषण के दूषण के कारण जीवन  धन्यवाद,प्रदुषन के लिए आम लोगों को भी जागनूत को हो जावत जरुवत है या ना था एक ऐसा समय आएगा जब परदुषन के दुषन के कारण जीवन जागनूत है धन्यवाद,hai kaphi pradushana ko lekara ama logom ko bhi ko bhi jagaruka hone jarurata hai anyatha eka aisa samaya aega jaba pradushana ke dushana ke karana jivana dhanyavada,pradushana ke lie ama logom ko bhi jaganuta ko ho javata jaruvata hai ya na tha eka aisa samaya aega jaba paradushana ke dushana ke karana jivana jaganuta hai dhanyavada,6.808,0.5357142857142857,0.32727272727272727,
01-10262-03,whisper,gramvaani,telephony,N/A,उद्देश्य है तभी तो इसमें सरकारी खर्च कल्याणकारी योजनाओं का चयन उनकी योजना का निष्पादन के तरीके और अनुवर्ती तरीके की लिए बहुत सारी विधियाँ होंगी,"उदेश्य है तभी तो इसमें सरकारी खर्च, कल्यानकारी योजनाओं का चैन, उनकी योजना का निष्पादन के तरीके और अनुवर्ती तरीके के लिए बहुत सारी विधियां होंगी।",uddeshya hai tabhi to isamem sarakari kharcha kalyanakari yojanaom ka chayana unaki yojana ka nishpadana ke tarike aura anuvarti tarike ki lie bahuta sari vidhiya n homgi,udeshya hai tabhi to isamem sarakari kharcha kalyanakari yojanaom ka chaina unaki yojana ka nishpadana ke tarike aura anuvarti tarike ke lie bahuta sari vidhiyam homgi|,6.977,0.2222222222222222,0.041176470588235294,
01-03753-01,whisper,gramvaani,telephony,N/A,ग्राम पंचायत द्वारा प पानी की कोई सुविधा नहीं की जा रही है है यदि दि ग्राम पंचायत त द्वारा प पानी की कुछ की गयी है है तो,ग्राम पंचर द्वारा पानी की कोई सुवधा नहीं की जा रही है यदि ग्राम पंचर द्वारा पानी की की जा रही है तो,grama pamchayata dvara pa pani ki koi suvidha nahim ki ja rahi hai hai yadi di grama pamchayata ta dvara pa pani ki kucha ki gayi hai hai to,grama pamchara dvara pani ki koi suvadha nahim ki ja rahi hai yadi grama pamchara dvara pani ki ki ja rahi hai to,4.835,0.3793103448275862,0.24285714285714285,
01-01568-03,whisper,gramvaani,telephony,N/A,और गुप्त रूप से छापामारी कर कार्रवाई करने का मापदंड अपनाने चाहिए मैं तेजनरायण ब्रह्मर्षि शान्ति प्रेरक की ओर से बिहार मोबाइल वाणी के लिए मधुबनी से से धन्यवाद,और गुफ्तुरिक से शाता मारी कर तादवाई करते का माफ़दन अपना ने चाहिए मैं तेर नेंद्र मर्शी सांचिक लगती ओर से प्यार मोबाइल वाली के लिए मत्रणिके दन्वार,aura gupta rupa se chapamari kara karravai karane ka mapadamda apanane chahie maim tejanarayana brahmarshi shanti preraka ki ora se bihara mobaila vani ke lie madhubani se se dhanyavada,aura guphturika se shata mari kara tadavai karate ka mafadana apana ne chahie maim tera nemdra marshi samchika lagati ora se pyara mobaila vali ke lie matranike danvara,7.001,0.6896551724137931,0.2972972972972973,
01-00990-03,whisper,gramvaani,telephony,N/A,दो महिना बीत जाने के बाद भी पोषाहार जो आंगनबाड़ी केन्द्रों धातृ माता बच्चों को दिया जाना है वो नहीं दी गई मैं झारखण्ड मोबाइल वाणी के माध्यम से,तो महिना बिट जाने के बाद भी उसाहार श्वागनवारी केंद्रो मात्रिमा का बच्चों को दिया जाना है। उत्ती नहीं की गई। मैं धारखन मुझवाली वाली के बाद जानते हूँ।,do mahina bita jane ke bada bhi poshahara jo amganaba di kendrom dhatrri mata bachchom ko diya jana hai vo nahim di gai maim jharakhanda mobaila vani ke madhyama se,to mahina bita jane ke bada bhi usahara shvaganavari kemdro matrima ka bachchom ko diya jana hai| utti nahim ki gai| maim dharakhana mujhavali vali ke bada janate hu n|,7.354,0.6333333333333333,0.2865853658536585,
01-11618-03,whisper,gramvaani,telephony,N/A,इस मौके पर कम्युनिटी के सदस्य अद्या अमित कुमार भगत संपन गुप्ता सचिन नवीन बर्णवाल महासचिव सजन गुप्ता कोषाध्यक्ष मुन्ना केसरी प्रवीण मिश्रा राजेश मिश्रा भूपेश सिन्हा,"इस मौतिपर कहोई के सदस्याद्य अनित्समार भगत, संपंपंपंपं गुप्ता, सचुन नविन बन्डवाल, मासचुन रजन गुप्ता, कोशा जोख मुन्ना केसी, प्रदिमिनिश्र राजिस्मिश्ला बुपेज सिना",isa mauke para kamyuniti ke sadasya adya amita kumara bhagata sampana gupta sachina navina barnavala mahasachiva sajana gupta koshadhyaksha munna kesari pravina mishra rajesha mishra bhupesha sinha,isa mautipara kahoi ke sadasyadya anitsamara bhagata sampampampampam gupta sachuna navina bandavala masachuna rajana gupta kosha jokha munna kesi pradiminishra rajismishla bupeja sina,8.253,0.7777777777777778,0.27411167512690354,
01-04428-03,whisper,gramvaani,telephony,N/A,सात प्रखंड कार्यालय में आधार कार्ड बनाने के लिए आयोजित तीन दिवसीय शिविर आज गुरुवार को समापन हो गया तीसरे और अंतिम दिन आधार कार्ड बनाने के लिए लोगो की काफी काफी भीड़ उमड़ पड़ी थी,प्रखन काजार में अधार कार बनाने के लिए आज गुरुबार कोई स्वापन हो गया। इस वे रंशीन दिन अधार कार बनाने के लिए लोगों की काफी काफी विल्व उमर पड़ी थी।,sata prakhamda karyalaya mem adhara karda banane ke lie ayojita tina divasiya shivira aja guruvara ko samapana ho gaya tisare aura amtima dina adhara karda banane ke lie logo ki kaphi kaphi bhi da uma da pa di thi,prakhana kajara mem adhara kara banane ke lie aja gurubara koi svapana ho gaya| isa ve ramshina dina adhara kara banane ke lie logom ki kaphi kaphi vilva umara pa di thi|,7.338,0.5641025641025641,0.3145539906103286,
02-13646-02,whisper,gramvaani,telephony,N/A,नमस्कार दोस्तों गिद्धौर मोबाइल वाणी से मैं संजीवन कुमार सिंह सुहागिन महिलाओं ने पति के दीर्घआयु के लिए आज रखा है निर्जला उपवास पति के दीर्घ आयु के लिए सुहागिन महिलाओं ने,हुआ है नमस्कार दोस्तों यह वॉइट को वाला ने संजीवल कमाथी स्वागिन महीलाओं ने पत्ती के दिलगायों के लिए आए रखा है ने जवास व्हाट पत्ती के दिलगायों के लिए प्रोग्रम महीलाओं ने,namaskara dostom giddhaura mobaila vani se maim samjivana kumara simha suhagina mahilaom ne pati ke dirghaayu ke lie aja rakha hai nirjala upavasa pati ke dirgha ayu ke lie suhagina mahilaom ne,hua hai namaskara dostom yaha vaॉita ko vala ne samjivala kamathi svagina mahilaom ne patti ke dilagayom ke lie ae rakha hai ne javasa vhata patti ke dilagayom ke lie programa mahilaom ne,32.841,0.65625,0.37305699481865284,
01-05501-03,whisper,gramvaani,telephony,N/A,देख छप्पन इंच का सीना आतंकवादियों को आया पसीना कह रहा है हिन्दू हिंदुस्तान सुधर जाओ रे पाकिस्तान,जेख सपन इंच कर देना आत्मवादियों को आया पद देना कहा रहा है हिंदु हिंदुस्तान सुधर जावरे पाकिस्तान,dekha chappana imcha ka sina atamkavadiyom ko aya pasina kaha raha hai hindu himdustana sudhara jao re pakistana,jekha sapana imcha kara dena atmavadiyom ko aya pada dena kaha raha hai himdu himdustana sudhara javare pakistana,4.831,0.5555555555555556,0.16071428571428573,
01-01738-02,whisper,gramvaani,telephony,N/A,भ्रष्टाचार शिष्टाचार बन गया है सभी जगह घूसखोरी निगरानी द्वारा उसी को पकड़ा जा रहा है जिस पर कोई पब्लिक पड़ गए हो और उसे पकड़वाया हो,"ब्रह्षाचा शिकाचार बन गया है, सवी जगग उश्कोरी, निग्रान उजवारा उसी को पकड़ा जा रहा है जिस पर कोई पब्लिक पड़ गये हो और उसे पकड़ आया हो।",bhrashtachara shishtachara bana gaya hai sabhi jagaha ghusakhori nigarani dvara usi ko paka da ja raha hai jisa para koi pablika pa da gae ho aura use paka davaya ho,brahshacha shikachara bana gaya hai savi jagaga ushkori nigrana ujavara usi ko paka da ja raha hai jisa para koi pablika pa da gaye ho aura use paka da aya ho|,6.544,0.36666666666666664,0.1393939393939394,
02-16847-01,whisper,gramvaani,telephony,N/A,हाथुडीह को मिलेगा जल संकट से निजात चलेगा तालाब जोड़ो अभियान खबर है महुदा से अगर सब कुछ योजनाबद्ध तरीके से हुआ तो तो शीघ्र ही हाथुडीह पंचायत के लोगों,हातु डी को मिलेगा जल संकट से निजात चलेगा तलाब जोडो अभियान खबर है महुदा से अगर सब कुछ योजना बद तरीके से हुआ तो शिगर ही हातु डी पंचायत के लोगों,hathudiha ko milega jala samkata se nijata chalega talaba jo do abhiyana khabara hai mahuda se agara saba kucha yojanabaddha tarike se hua to to shighra hi hathudiha pamchayata ke logom,hatu di ko milega jala samkata se nijata chalega talaba jodo abhiyana khabara hai mahuda se agara saba kucha yojana bada tarike se hua to shigara hi hatu di pamchayata ke logom,6.979,0.3225806451612903,0.08648648648648649,
13-00315-05,whisper,gramvaani,telephony,N/A,विधायक सांसद जाना तय होगा,दिरायत सांतर रहना पर होगा,vidhayaka samsada jana taya hoga,dirayata samtara rahana para hoga,1.516,0.8,0.34375,
02-17346-01,whisper,gramvaani,telephony,N/A,के अध्यक्षता में संपन्न मंत्री परिषद की बैठक के बैठक के बाद पत्रकारों को सम्बोधित करते हुए मंत्रिमंडल सचिवालय विभाग के प्रधान सचिव,अधिक्षता में समपन मंदृपरिशत की बैठट की बैठट के बाद पद्रकारों को संबोधित करते वे मंदृमंदर सच्चवाले विभार के प्रधान सचिव।,ke adhyakshata mem sampanna mamtri parishada ki baithaka ke baithaka ke bada patrakarom ko sambodhita karate hue mamtrimamdala sachivalaya vibhaga ke pradhana sachiva,adhikshata mem samapana mamdrriparishata ki baithata ki baithata ke bada padrakarom ko sambodhita karate ve mamdrrimamdara sachchavale vibhara ke pradhana sachiva|,45.768,0.6086956521739131,0.16265060240963855,
01-02106-02,whisper,gramvaani,telephony,N/A,और वे लोग भी अपनी मर्जी से तो एक दू महीना सब्जी बेचतें फिर अपने घर के पालन पोषण के लिए दूसरी जगह मजदूरी के लिए पलायन करते हैं,और वह लोग भी दिमार जीत हैं ता एक दू मैना सब्जी देते हैं प्रिज़ा प्राण को संकेजे दूसरे जगा मर्जूरी के लिए प्राइम करते हैं,aura ve loga bhi apani marji se to eka du mahina sabji bechatem phira apane ghara ke palana poshana ke lie dusari jagaha majaduri ke lie palayana karate haim,aura vaha loga bhi dimara jita haim ta eka du maina sabji dete haim priza prana ko samkeje dusare jaga marjuri ke lie praima karate haim,6.116,0.6551724137931034,0.3885350318471338,
02-21859-01,whisper,gramvaani,telephony,N/A,तब तक आप सुनते रहिये हँसी की डोली कार्यक्रम आपके अपने मोबाइल वाणी पर अगर आपको हमारी खट्टी मीठी बातें दोस्तों और परिवार वालो को भी सुनाये,तब तक आप सुनते रहे हैं हसी ठिटोली कारिक्रम आपके अपने मोबाइल बानी पर अगर आपको हमारी खत्ये मिठे बालें दोस्तों और परिवार वालों को भी सुनाएं,taba taka apa sunate rahiye ha nsi ki doli karyakrama apake apane mobaila vani para agara apako hamari khatti mithi batem dostom aura parivara valo ko bhi sunaye,taba taka apa sunate rahe haim hasi thitoli karikrama apake apane mobaila bani para agara apako hamari khatye mithe balem dostom aura parivara valom ko bhi sunaem,6.704,0.42857142857142855,0.12422360248447205,
02-22739-01,whisper,gramvaani,telephony,N/A,गुड़िया के लिए शायद वो आगे जानेंगे की माजी के बातों का का हमारे पति पर कितना असर पड़ता है हमारे पति हमारा साथ देंगे तब तक के लिए आप हमें बताइये,गुडिया के लिए शायद वो आगे जानेंगे कि माजी की बातों का हमारे पती पर कितना असर पड़ता है। हमारे पती हमारा साथ देंगे तब तक के लिए आप हमें बताएं।,gu diya ke lie shayada vo age janemge ki maji ke batom ka ka hamare pati para kitana asara pa data hai hamare pati hamara satha demge taba taka ke lie apa hamem bataiye,gudiya ke lie shayada vo age janemge ki maji ki batom ka hamare pati para kitana asara pa data hai| hamare pati hamara satha demge taba taka ke lie apa hamem bataem|,6.774,0.17647058823529413,0.05357142857142857,
01-08047-01,whisper,gramvaani,telephony,N/A,अधिकार की जानकारी दे तथा महिलाएं किसी भी अधिकार पर बहुत कम ही महिलायें भागीदारी ले पाती है क्योकि पंचायत की अधिकतर महिलाएं अशिक्षित होती,अविकार की जानकारी दें तका मलिलाएं किसी भी अविकार पर बहुत कम की मलाएं भाविदाई ले पाती हैं क्योंकि पैंचेक्स ये अविकर मलाएं आशिकित होती हैं,adhikara ki janakari de tatha mahilaem kisi bhi adhikara para bahuta kama hi mahilayem bhagidari le pati hai kyoki pamchayata ki adhikatara mahilaem ashikshita hoti,avikara ki janakari dem taka malilaem kisi bhi avikara para bahuta kama ki malaem bhavidai le pati haim kyomki paimcheksa ye avikara malaem ashikita hoti haim,6.391,0.64,0.21951219512195122,
01-11183-02,whisper,gramvaani,telephony,N/A,है जो जोकि चौथी पारी में असंभव बताया जा रहा है इंग्लैंड ने दिन का खेल ख़त्म होने तक बिना किसी नुकसान के तेईस रन बना लिए हैं,जो की चौती पारी में असंभो बताया जा रहा है इंग्लैंड ने दिन का खेल खत्म होने तक बिना किसी नुकान के 23 रन बना लिये हैं,hai jo joki chauthi pari mem asambhava bataya ja raha hai imglaimda ne dina ka khela katma hone taka bina kisi nukasana ke teisa rana bana lie haim,jo ki chauti pari mem asambho bataya ja raha hai imglaimda ne dina ka khela khatma hone taka bina kisi nukana ke 23 rana bana liye haim,5.21,0.2857142857142857,0.1292517006802721,
02-16015-01,whisper,gramvaani,telephony,N/A,की मदद से अफ़ग़ानिस्तान ने लचर शुरुआत से उबरकर बांग्लादेश के खिलाफ एशियाई कप,की मदद से अफगानिस्तान ने लचर शुरुवात से उबर कर बांगलादेश के खिलाफ एशियाई कब गुणा,ki madada se afaganistana ne lachara shuruata se ubarakara bamgladesha ke khilapha eshiyai kapa,ki madada se aphaganistana ne lachara shuruvata se ubara kara bamgaladesha ke khilapha eshiyai kaba guna,4.396,0.5,0.11578947368421053,
01-06755-01,whisper,gramvaani,telephony,N/A,मैं राधु राय धनबाद मोबाइल मीडिया महुदा झारखंड से लव कुश योजना अधर में लटका चिलचिलाती धुप गर्म हवा गर्मी छियालीस डिग्री पर आम जन प्यासे और पशु पक्षी प्यास के मारे बेहाल पानी की खोज में दूर दूर तक भटक रहे,"मैं राजोरा, दिनबाद मवाल मुड़ी, मोदाजार कंशलापूर्षी योजिना अधर में लड़का, इस पिलाते दो, गर्म हवा, गर्मी, फलिफ दिग्री सा, आमजन, प्यादे, और पतुपत्वी की पत्वजात के मारे दिहाल, आनी की सोम में लोग दुल-दूल तक बच",maim radhu raya dhanabada mobaila midiya mahuda jharakhamda se lava kusha yojana adhara mem lataka chilachilati dhupa garma hava garmi chiyalisa digri para ama jana pyase aura pashu pakshi pyasa ke mare behala pani ki khoja mem dura dura taka bhataka rahe,maim rajora dinabada mavala mu di modajara kamshalapurshi yojina adhara mem la daka isa pilate do garma hava garmi phalipha digri sa amajana pyade aura patupatvi ki patvajata ke mare dihala ani ki soma mem loga dula dula taka bacha,10.009,0.7619047619047619,0.34901960784313724,
01-03176-02,whisper,gramvaani,telephony,N/A,जाने वाले रोड का पक्कीकरण व सौन्दर्यकरण किया जाएगा मौके पर आदिवासी विकास मंच के प्रवक्ता उमित सोरेन,जाने वाले रोड का पक्की करन और सुन्दर्जी करन किया जाएगा मौके पर आदिवासी विकास मंच के प्रवक्ता उमेप्य सोरेन,jane vale roda ka pakkikarana va saundaryakarana kiya jaega mauke para adivasi vikasa mamcha ke pravakta umita sorena,jane vale roda ka pakki karana aura sundarji karana kiya jaega mauke para adivasi vikasa mamcha ke pravakta umepya sorena,5.289,0.3333333333333333,0.09401709401709402,
01-06865-02,whisper,gramvaani,telephony,N/A,बजे तो सुनना न भूलें लें जनता की रिपोर्ट हर शाम पाँच बजे बजे आपके मोबाइल वाणी पर ध धन्यवाद,तो सुनना न भूले जनता की रिपोर्ट हर साम 5 बजे आपके मोबाल बानी पर धन्यवाद,baje to sunana na bhulem lem janata ki riporta hara shama pa ncha baje baje apake mobaila vani para dha dhanyavada,to sunana na bhule janata ki riporta hara sama 5 baje apake mobala bani para dhanyavada,3.692,0.47619047619047616,0.2543859649122807,
01-06596-02,whisper,gramvaani,telephony,N/A,किसानो को बोनस नहीं दी दी इस तरह बिहार के किसानो किसानो की आर्थिक स्थिति स्थिति अन्य राज्यों की तुलना में काफी दयनीय है इसके लिए यह सरकार काफी जिम्मेवार है धन्यवाद,इस तरह बिहार की किसानों कानों की आपसे किसी किसी किसी अनलाजें की तुलना में काफी देवी है इसके लिए यह सरकार काफी जिमेवार है,kisano ko bonasa nahim di di isa taraha bihara ke kisano kisano ki arthika sthiti sthiti anya rajyom ki tulana mem kaphi dayaniya hai isake lie yaha sarakara kaphi jimmevara hai dhanyavada,isa taraha bihara ki kisanom kanom ki apase kisi kisi kisi analajem ki tulana mem kaphi devi hai isake lie yaha sarakara kaphi jimevara hai,5.468,0.53125,0.3829787234042553,
01-04132-03,whisper,gramvaani,telephony,N/A,वन डब ऐट डबल जीरो द्वारा सोलह मार्च दो हजार सोलह को अनुसूचित जाती का प्रमाणपत्र हासिल कर चुनाव में आरक्षण का फायदा ले लिया श्री,वाला द्वारा तोलर मार्च 2014 को अनुसुचित जाति का प्रमान पत्र हासिल कर चुनाव में आरक्षन का फायदा ले लिया,vana daba aita dabala jiro dvara solaha marcha do hajara solaha ko anusuchita jati ka pramanapatra hasila kara chunava mem arakshana ka phayada le liya shri,vala dvara tolara marcha 2014 ko anusuchita jati ka pramana patra hasila kara chunava mem arakshana ka phayada le liya,4.949,0.46153846153846156,0.2948717948717949,
01-11742-01,whisper,gramvaani,telephony,N/A,कर्मचारी राज्य बीमा योजना ना तथा एन पी एस के पास नए सदस्यों के नामांकन पर आधारित हैं हैं रिपोर्ट के अनुसार सितम्बर दो हज़ार सतरह से,कर्मचारी राज्य वीमा योजना तता NPS के पास नए सदस्यों के नामंकन पर आधारित है रिपोर्ट के अनुसार सितंबर 2017 से,karmachari rajya bima yojana na tatha ena pi esa ke pasa nae sadasyom ke namamkana para adharita haim haim riporta ke anusara sitambara do hazara sataraha se,karmachari rajya vima yojana tata nps ke pasa nae sadasyom ke namamkana para adharita hai riporta ke anusara sitambara 2017 se,5.097,0.4074074074074074,0.22929936305732485,
01-05071-03,whisper,gramvaani,telephony,N/A,एक ऐसा कुछ अधिकर्मियों की गलती मान लो चाहे कुछ किसानों की गलती मान लो तो जरूरी नहीं है कि पूरे मध्य प्रदेश में हमारे सभी किसानों ने बीमा,कि ऐसा कुछ अभी कार्यों की गलती मान लो चाहे कुछ किसानों की गलती मान लो तो जरूर नहीं है कि पूरे मद्द पर जरूर से हमारे सभी किसानों ने बीमा,eka aisa kucha adhikarmiyom ki galati mana lo chahe kucha kisanom ki galati mana lo to jaruri nahim hai ki pure madhya pradesha mem hamare sabhi kisanom ne bima,ki aisa kucha abhi karyom ki galati mana lo chahe kucha kisanom ki galati mana lo to jarura nahim hai ki pure madda para jarura se hamare sabhi kisanom ne bima,6.193,0.27586206896551724,0.1125,
13-00272-06,whisper,gramvaani,telephony,N/A,में की बोली गयी है कि बारह बजे दिन से से दो बजे तक ही ताजिया,अपिरिमेटी बुली गई है कि 12 वज़े दिन से 2 वज़े तक भी ताजिया,mem ki boli gayi hai ki baraha baje dina se se do baje taka hi tajiya,apirimeti buli gai hai ki 12 vaze dina se 2 vaze taka bhi tajiya,3.212,0.625,0.36231884057971014,
01-12107-01,whisper,gramvaani,telephony,N/A,ने छात्र को को इस आधार पर अनुमति दी है कि उसने दो हज़ार अठारह रा राष्ट्रीय पात्रता एवं प्रवेश परीक्षा क्षा असक्षम लोगों के वर्ग में पास की है,ने छात्रकोप को इस आधार पर अनुमती दी है कि उसने 2018 राष्ट्री पात्रता एवं प्रवेश परिक्षा असक्षम लोगों के वर्ग में पास की है।,ne chatra ko ko isa adhara para anumati di hai ki usane do hazara atharaha ra rashtriya patrata evam pravesha pariksha ksha asakshama logom ke varga mem pasa ki hai,ne chatrakopa ko isa adhara para anumati di hai ki usane 2018 rashtri patrata evam pravesha pariksha asakshama logom ke varga mem pasa ki hai|,5.96,0.3,0.1951219512195122,
01-11453-01,whisper,gramvaani,telephony,N/A,रेलवे में गेट मैन के लिए एक हज़ार चार सौ उनासी पदों के लिए करें अप्लाई ख़बर है पटना से पूर्व मध्य रेल ने एक हज़ार चार सौ उनासी पदों के लिए,रिल्वे में गेटमैन के लिए 1489 पदों के लिए करे अपलाई खबर है पतना से पूर्वमदे रेल ने 1489 पदों के लिए,relave mem geta maina ke lie eka hazara chara sau unasi padom ke lie karem aplai kabara hai patana se purva madhya rela ne eka hazara chara sau unasi padom ke lie,rilve mem getamaina ke lie 1489 padom ke lie kare apalai khabara hai patana se purvamade rela ne 1489 padom ke lie,4.955,0.5625,0.38271604938271603,
01-01599-03,whisper,gramvaani,telephony,N/A,की बहुत सी तरह की बीमारियाँ जो उत्प्न्न होती हैं जो की किसान भाई लोग काफ़ी दुःख छूटे हुए हैं और ऐसे ही मतलब बहुत सारे किसान हैं लेकिन फिर भी ये उर्वरक हमेशा डालतें हैं और आज तक हमारी झारखण्ड सरकार हैं की कुछ,बहुत सी तरह की जिमानियां को उत्तम होती है जो कि किसान भाई लोग काफी डूब चुके हुए हैं और ऐसे ही मतलब बहुत सारे किसान हैं लेकिन फिर भी इन उड़ोरत्स हमेशा डालते हैं और आज तक हमारी धारकंड सिर्कार ऐसी,ki bahuta si taraha ki bimariya n jo utpnna hoti haim jo ki kisana bhai loga kafi duhkha chute hue haim aura aise hi matalaba bahuta sare kisana haim lekina phira bhi ye urvaraka hamesha dalatem haim aura aja taka hamari jharakhanda sarakara haim ki kucha,bahuta si taraha ki jimaniyam ko uttama hoti hai jo ki kisana bhai loga kaphi duba chuke hue haim aura aise hi matalaba bahuta sare kisana haim lekina phira bhi ina u doratsa hamesha dalate haim aura aja taka hamari dharakamda sirkara aisi,8.805,0.391304347826087,0.16470588235294117,
01-10772-03,whisper,gramvaani,telephony,N/A,योजना लागू किए जाने पर आम लोगों ने सरकार व ज़िला प्रसाशन को बधाई भी दी और अब समाचार खेल से,प्रशासन को बधाई भी दी और अब समचार खेल से,yojana lagu kie jane para ama logom ne sarakara va zila prasashana ko badhai bhi di aura aba samachara khela se,prashasana ko badhai bhi di aura aba samachara khela se,2.352,0.5714285714285714,0.5135135135135135,
koramangala-quiet,indicwhisper,self,quiet,Koramangala,haan bhai main koramangala mein rehta hoon kab aana hai,हां भाई में मंगला में रहता हूं क्या बना है,haan bhai main koramangala mein rehta hoon kab aana hai,ham bhai mem mamgala mem rahata hum kya bana hai,7.257,0.8,0.36363636363636365,0.0
indranagar-quet,indicwhisper,self,quiet,Indiranagar,mera ghar indiranagar mein hai 100 feet road ke paas,मेरे घर इंदिरा नगर में हैं 100 फीट रोड के पास,mera ghar indiranagar mein hai 100 feet road ke paas,mere ghara imdira nagara mem haim 100 phita roda ke pasa,7.881,0.9,0.3076923076923077,1.0
whitefield-quiet,indicwhisper,self,quiet,Whitefield,office whitefield mein hai roz ghanta bhar jaata hoon,ऑफिस व्हाइट फील्ड में है रोज घंटा बार जाता हूं,office whitefield mein hai roz ghanta bhar jaata hoon,ऑphisa vhaita philda mem hai roja ghamta bara jata hum,8.912,1.0,0.4528301886792453,1.0
electroniccity-quite,indicwhisper,self,quiet,Electronic City,haan electronic city phase one mein kaam karta hoon,हां इलेक्ट्रॉनिक सिटी फेस वन में काम करता हूं,haan electronic city phase one mein kaam karta hoon,ham ilektraॉnika siti phesa vana mem kama karata hum,7.887,1.0,0.45098039215686275,1.0
Marathahalli-quiet,indicwhisper,self,quiet,Marathahalli,main marathahalli mein rehta hoon bridge ke paas wala area,मैं माली में रहता हूं ब्रिज के पास वाला एरिया,main marathahalli mein rehta hoon bridge ke paas wala area,maim mali mem rahata hum brija ke pasa vala eriya,8.346,0.9,0.43103448275862066,0.0
Jayanagar-noisy,indicwhisper,self,noisy,Jayanagar,jayanagar mein flat dhundh raha hoon koi option hai kya,जयनगर में क्या रहा हूँ कोई ऑप्शन हाई किया,jayanagar mein flat dhundh raha hoon koi option hai kya,jayanagara mem kya raha hu n koi ऑpshana hai kiya,7.553,0.8,0.38181818181818183,1.0
Rajajinagar-noisy,indicwhisper,self,noisy,Rajajinagar,bhai rajajinagar se majestic kitna time lagta hai,भाई राजाजी नगर से मजिस्ट्रेट कितना टाइम लगता है,bhai rajajinagar se majestic kitna time lagta hai,bhai rajaji nagara se majistreta kitana taima lagata hai,8.949,0.75,0.22448979591836735,1.0
Hebbal-noisy,indicwhisper,self,noisy,Hebbal,main hebbal flyover ke paas hoon abhi traffic mein hoon,मैं प्लेयर के पास हूं अभी ट्रैफिक में हूं,main hebbal flyover ke paas hoon abhi traffic mein hoon,maim pleyara ke pasa hum abhi traiphika mem hum,6.816,0.8,0.509090909090909,0.0
yelahanka-noisy,indicwhisper,self,noisy,Yelahanka,yelahanka new town mein ek room chahiye budget kam hai,"इलाहन का न्यू टाउन में नेक रूम चाहिए, बजट कम है",yelahanka new town mein ek room chahiye budget kam hai,ilahana ka nyu tauna mem neka ruma chahie bajata kama hai,8.333,1.0,0.42592592592592593,0.0
banashankari-noisy,indicwhisper,self,noisy,Banashankari,banashankari mein rehti hoon temple ke paas wala area,बनासंगरी में रहते हो टेम्पल के पास वाला एरिया,banashankari mein rehti hoon temple ke paas wala area,banasamgari mem rahate ho tempala ke pasa vala eriya,7.259,0.8888888888888888,0.33962264150943394,1.0
hsrlayout-rushed,indicwhisper,self,rushed,HSR Layout,hsr layout second sector mein hoon jaldi batao,सेकंड सेक्टर में जल्दी जल्दी,hsr layout second sector mein hoon jaldi batao,sekamda sektara mem jaldi jaldi,8.823,0.875,0.6304347826086957,0.0
btmlayout-rushed,indicwhisper,self,rushed,BTM Layout,btm layout se silk board kitna door hai bhai jaldi,बीटीएस बोर्ड कितना डोर है बाई जल्दी,btm layout se silk board kitna door hai bhai jaldi,bitiesa borda kitana dora hai bai jaldi,6.21,0.8,0.4,1.0
majestic-rushed,indicwhisper,self,rushed,Majestic,majestic bus stand pe hoon bus nikal jaayegi,बस निकल जाएगी,majestic bus stand pe hoon bus nikal jaayegi,basa nikala jaegi,5.304,1.0,0.6818181818181818,0.0
silkboard-rushed,indicwhisper,self,rushed,Silk Board,silk board junction pe jam hai late ho raha hoon,जंक्शन भी जाम है लेट होना हो,silk board junction pe jam hai late ho raha hoon,jamkshana bhi jama hai leta hona ho,4.875,0.9,0.5625,0.0
bellandur-rushed,indicwhisper,self,rushed,Bellandur,bellandur mein hoon cab book karo jaldi please,बैंड में हो क्या बुक करो जल्दी प्लीज प्लीज प्लीज प्लीज प्लीज,bellandur mein hoon cab book karo jaldi please,baimda mem ho kya buka karo jaldi plija plija plija plija plija,10.988,1.25,0.9347826086956522,0.0
sarjapur-whisper,indicwhisper,self,whisper,Sarjapur,sarjapur road pe ek pg dhundh raha hoon affordable chahiye,सरजाबुर रोड पर एक पेजेब ढूंढ रहा हूँ। अफ़ोर्डेबल चाहिए।,sarjapur road pe ek pg dhundh raha hoon affordable chahiye,sarajabura roda para eka pejeba dhumdha raha hu n| afordebala chahie|,13.124,1.0,0.43103448275862066,1.0
bommanahalli-whisper,indicwhisper,self,whisper,Bommanahalli,bommanahalli mein rehta hoon kaam ke liye apply karna tha,काम के लिए अप्लाई करना था,bommanahalli mein rehta hoon kaam ke liye apply karna tha,kama ke lie aplai karana tha,7.37,0.8,0.6140350877192983,0.0
krpuram-whisper,indicwhisper,self,whisper,KR Puram,kr puram station ke paas hoon koi job hai kya paas mein,केपीब्रहम स्टेशन के पास हूँ। कोई जाब है के आपास में।,kr puram station ke paas hoon koi job hai kya paas mein,kepibrahama steshana ke pasa hu n| koi jaba hai ke apasa mem|,9.45,0.8333333333333334,0.4727272727272727,0.0
peenya-whisper,indicwhisper,self,whisper,Peenya,peenya industrial area mein supervisor ka kaam chahiye,पेनियाइटस्ट्रल एरिया में सुपरवाइज़र का काम चाहिए।,peenya industrial area mein supervisor ka kaam chahiye,peniyaitastrala eriya mem suparavaizara ka kama chahie|,9.77,0.875,0.42592592592592593,1.0
yeshwanthpur-whisper,indicwhisper,self,whisper,Yeshwanthpur,yeshwanthpur se koi factory job milegi kya experience hai,क्या एक्सपीरियंस है,yeshwanthpur se koi factory job milegi kya experience hai,kya eksapiriyamsa hai,6.316,0.7777777777777778,0.7719298245614035,0.0
01-04397-02,indicwhisper,gramvaani,telephony,N/A,बेईमानी और भ्रस्टाचारी की वजह से जनप्रतिनिधि अधिकारी व बिचौलिए माला माल हो रहे हैं,देवमानी और भ्रष्टाचार की वजह ऐसी जन प्रतिनिधि अधिकारी वा बिचौलिए मालामाल हो रहे,beimani aura bhrastachari ki vajaha se janapratinidhi adhikari va bichaulie mala mala ho rahe haim,devamani aura bhrashtachara ki vajaha aisi jana pratinidhi adhikari va bichaulie malamala ho rahe,15.439,0.5333333333333333,0.15306122448979592,
01-01025-03,indicwhisper,gramvaani,telephony,N/A,कि बच्चे लेने वालों की संख्या अब समय आ गया है इन बच्चों का जिम्मा सरकार ले और गर्भपात पर रोक लगा दे कौन जनता है,की बच्चे लेने वालों की संख्या में अब समय आ गया है इन बच्चों का जिम्मा सरकार ने और गर्भपात पर रोक लगा देते है कौन जानता है,ki bachche lene valom ki samkhya aba samaya a gaya hai ina bachchom ka jimma sarakara le aura garbhapata para roka laga de kauna janata hai,ki bachche lene valom ki samkhya mem aba samaya a gaya hai ina bachchom ka jimma sarakara ne aura garbhapata para roka laga dete hai kauna janata hai,22.779,0.15384615384615385,0.07913669064748201,
01-09868-01,indicwhisper,gramvaani,telephony,N/A,नमस्कार आदाब श्रोताओं मैं श्वेता बिहार मोबाइल वाणी पर पेश करती हूँ शाम की सुर्खियाँ मानसून की बारिश से पानी,नमस्कार आदाब श्रोताओं मैं श्वेता बिहार मोबाइल वाणी आरोप पेश करती हूँ शाम की सुर्खियाँ मानसून की बारिश ऐसी पानी,namaskara adaba shrotaom maim shveta bihara mobaila vani para pesha karati hu n shama ki surkhiya n manasuna ki barisha se pani,namaskara adaba shrotaom maim shveta bihara mobaila vani aropa pesha karati hu n shama ki surkhiya n manasuna ki barisha aisi pani,21.624,0.09090909090909091,0.047244094488188976,
01-08600-03,indicwhisper,gramvaani,telephony,N/A,लगाने का विकल्प मिल सकता है श्रम मंत्रालय निवेश पर मौजूदा कैप को हटाने के लिए नीति बना रहा है ऐसा होने पर पीएफ खाता धारकों को ज्यादा रिटर्न पाने का मौका मिल सकता है,लगने का विकल्प मिल सकता है श्रम मंत्रालय निवेश आरोप मौजूदा कैब को हटाने के लिए नीति बना रहा है ऐसा होने आरोप पी जी एफ खाता धारकों को ज्यादा रिटर्न पाने का मौका मिल सकता है,lagane ka vikalpa mila sakata hai shrama mamtralaya nivesha para maujuda kaipa ko hatane ke lie niti bana raha hai aisa hone para piepha khata dharakom ko jyada ritarna pane ka mauka mila sakata hai,lagane ka vikalpa mila sakata hai shrama mamtralaya nivesha aropa maujuda kaiba ko hatane ke lie niti bana raha hai aisa hone aropa pi ji epha khata dharakom ko jyada ritarna pane ka mauka mila sakata hai,34.371,0.17142857142857143,0.05555555555555555,
01-07995-03,indicwhisper,gramvaani,telephony,N/A,मदिरा नशा जैसी सामाजिक बुराई ने आज हमारे समाज एंव राष्ट्र को एक बड़ी शराब ना केवल लाखों हँसते खेलते परिवारों को रोने पर मजबूर कर दिया,मजदूरी और नशा जैसी सामाजिक दुआई ने आज हमारे समाज एवं राष्ट्र को एकबारी शराब नाट्य एवं लाखों पेदारों को लोने आरोप मजदूर कर दिया,madira nasha jaisi samajika burai ne aja hamare samaja emva rashtra ko eka ba di sharaba na kevala lakhom ha nsate khelate parivarom ko rone para majabura kara diya,majaduri aura nasha jaisi samajika duai ne aja hamare samaja evam rashtra ko ekabari sharaba natya evam lakhom pedarom ko lone aropa majadura kara diya,29.936,0.5517241379310345,0.2804878048780488,
01-05263-01,indicwhisper,gramvaani,telephony,N/A,में रहता है आजकल तो लड़की वाले दहेज़ के अलावा लड़की के लड़की के लिए दस से बीस हज़ार,में रहता है आजकल तो लड़की वाले दहेज़ छालावास लड़की के लिए दस ऐसी बीस वर्ष,mem rahata hai ajakala to la daki vale daheza ke alava la daki ke la daki ke lie dasa se bisa hazara,mem rahata hai ajakala to la daki vale daheza chalavasa la daki ke lie dasa aisi bisa varsha,12.885,0.3181818181818182,0.2,
01-03411-01,indicwhisper,gramvaani,telephony,N/A,राजू तिवारी आलोक कुमार के अलावे कई लोग उपस्थित थे इसी के साथ मैं शिवनारायण रिपोर्टर बोकारो मोबाइल मीडिया जरीडीह बोकारो से,राजू तिवारी आलोक कुमार के अलावा कई लोग उपस्थित थे इसी के साथ मैं शिवनारायण रिपोर्टर बोकारो मोबाइल मीडिया जरीडीह बोकारो से,raju tivari aloka kumara ke alave kai loga upasthita the isi ke satha maim shivanarayana riportara bokaro mobaila midiya jaridiha bokaro se,raju tivari aloka kumara ke alava kai loga upasthita the isi ke satha maim shivanarayana riportara bokaro mobaila midiya jaridiha bokaro se,25.041,0.045454545454545456,0.007194244604316547,
02-16304-01,indicwhisper,gramvaani,telephony,N/A,आज देखा जा रहा है की हमारे धान के खेत धान मरने की स्थिति में हो गए थी थी आज इस नए झारखण्ड में हमारी बारिश होने का,आज देखा जा रहा है की हमारे धान के खेत धान मरने की स्थिति में हो गयी थी आज झारखण्ड में हमारी बारिश होने का,aja dekha ja raha hai ki hamare dhana ke kheta dhana marane ki sthiti mem ho gae thi thi aja isa nae jharakhanda mem hamari barisha hone ka,aja dekha ja raha hai ki hamare dhana ke kheta dhana marane ki sthiti mem ho gayi thi aja jharakhanda mem hamari barisha hone ka,18.162,0.14285714285714285,0.08633093525179857,
01-00703-03,indicwhisper,gramvaani,telephony,N/A,गठित की है और जाँच चल रही है बावजूद की कोयला का अवैध उत्खनन एवं तस्करी बद्कसूर जारी है सीसीएल ढोरी प्रक्षेत्र के तारणी परियोजना स्थित,कथित की है और जाँच सदर रही है बावजूद भी कोयला का अवैध उत्खनन एवं तस्करी बद्द सूट जारी है सीसीएल की धोरी परिक्षेत्र के चारवी परियोजना स्थित,gathita ki hai aura ja ncha chala rahi hai bavajuda ki koyala ka avaidha utkhanana evam taskari badkasura jari hai sisiela dhori prakshetra ke tarani pariyojana sthita,kathita ki hai aura ja ncha sadara rahi hai bavajuda bhi koyala ka avaidha utkhanana evam taskari badda suta jari hai sisiela ki dhori parikshetra ke charavi pariyojana sthita,29.213,0.2962962962962963,0.10778443113772455,
01-00666-01,indicwhisper,gramvaani,telephony,N/A,प्रतिभागियों को दिया मौके पर दर्जनों सदस्यों ने भाग लिया एवं प्रति पर अपने विचार लिखित रूप से जमा किया मैं राधू राय महुदा धनबाद से,ये कुशल प्रतिभागियों को दिया मौके पर दर्जनों सदस्यों ने भाग लिया एवं अपने विचार लिखित रूप ऐसी जमा किया धनबाद ऐसी धन्यवाद,pratibhagiyom ko diya mauke para darjanom sadasyom ne bhaga liya evam prati para apane vichara likhita rupa se jama kiya maim radhu raya mahuda dhanabada se,ye kushala pratibhagiyom ko diya mauke para darjanom sadasyom ne bhaga liya evam apane vichara likhita rupa aisi jama kiya dhanabada aisi dhanyavada,31.526,0.4230769230769231,0.30128205128205127,
01-01992-01,indicwhisper,gramvaani,telephony,N/A,करोड़ों रुपया में मिला हुआ है वैसे भी किसी बच्ची के नाम पर दस हजार बीस हजार पच्चीस हजार तीस हजार रुपया तक बाकया हो जाता है,करोड़ रूपया में क्या हुआ है ऐसे भी इसकी बच्ची का नाम आरोप दस हजार बीस हजार पचीस हजार तेईस हजार रूपया तक बाकाया हो जाता है,karo dom rupaya mem mila hua hai vaise bhi kisi bachchi ke nama para dasa hajara bisa hajara pachchisa hajara tisa hajara rupaya taka bakaya ho jata hai,karo da rupaya mem kya hua hai aise bhi isaki bachchi ka nama aropa dasa hajara bisa hajara pachisa hajara teisa hajara rupaya taka bakaya ho jata hai,23.333,0.2857142857142857,0.10526315789473684,
01-04281-03,indicwhisper,gramvaani,telephony,N/A,कोई विश्वासनीय खाका है जिसको आप जानते हैं हैं बिहार मोबाइल वाणी के लिए खजौली मधुबनी से रामाशीष सिंह धन्यवाद,कोई विश्वसनीय खाता है जिसको आप जानते है बिहार मोबाइल वाणी के लिए खजौली मधुबनी ऐसी रामाशीष सिंह धन्यवाद,koi vishvasaniya khaka hai jisako apa janate haim haim bihara mobaila vani ke lie khajauli madhubani se ramashisha simha dhanyavada,koi vishvasaniya khata hai jisako apa janate hai bihara mobaila vani ke lie khajauli madhubani aisi ramashisha simha dhanyavada,20.849,0.2,0.07633587786259542,
01-04493-02,indicwhisper,gramvaani,telephony,N/A,नमस्कार मधुबनी मोबाइल वाणी के लिए मैं मधवापुर साहरघाट से राजकिशोर यादव मधवापुर प्रखंड के बलवा गाँव में ग्यारह हजार तार पुपरी की ओर जाने वाली सड़क पर आज सुबह गिर गया है ग्यारह हजार तार गिर जाने से,नमस्कार मधुबनी मोबाइल वाणी के लिए मधुबनी प्रखंड के गाँव में ग्यारह हजार आज सुबह गिर गया है गिर जाने ऐसी,namaskara madhubani mobaila vani ke lie maim madhavapura saharaghata se rajakishora yadava madhavapura prakhamda ke balava ga nva mem gyaraha hajara tara pupari ki ora jane vali sa daka para aja subaha gira gaya hai gyaraha hajara tara gira jane se,namaskara madhubani mobaila vani ke lie madhubani prakhamda ke ga nva mem gyaraha hajara aja subaha gira gaya hai gira jane aisi,29.09,0.5121951219512195,0.5080645161290323,
01-08776-01,indicwhisper,gramvaani,telephony,N/A,इस कार्य में काफ़ी संघर्ष का सामना करना पड़ा अब उन्होंने अर्पण नेचर सवेर ग्रुप बनाकर झी झील की दुबारा खूबसूरती लाने का भरसक प्रयास कर रहे हैं,इस कार्य में काफी संघर्ष का सामना करना पड़ा अब उन्होंने अर्पण नेचर सेवर ग्रुप बनाकर झील की दोबारा खूबसूरती लाने का वर्षा प्रयास कर रहे है,isa karya mem kafi samgharsha ka samana karana pa da aba unhomne arpana nechara savera grupa banakara jhi jhila ki dubara khubasurati lane ka bharasaka prayasa kara rahe haim,isa karya mem kaphi samgharsha ka samana karana pa da aba unhomne arpana nechara sevara grupa banakara jhila ki dobara khubasurati lane ka varsha prayasa kara rahe hai,27.61,0.20689655172413793,0.08620689655172414,
01-10651-02,indicwhisper,gramvaani,telephony,N/A,की वजह से जनता को परेशान होना पड़ेगा पुलिस मुख्यालय की पहल को नया नंबर अलोट करने का निर्णय लिया,की वजह ऐसी जनता को परेशान होना पड़ेगा पुलिस मुख्यालय की पहल को नया नंबर अलॉट करने का निर्णय लिया,ki vajaha se janata ko pareshana hona pa dega pulisa mukhyalaya ki pahala ko naya nambara alota karane ka nirnaya liya,ki vajaha aisi janata ko pareshana hona pa dega pulisa mukhyalaya ki pahala ko naya nambara alaॉta karane ka nirnaya liya,18.356,0.09523809523809523,0.0423728813559322,
01-00622-03,indicwhisper,gramvaani,telephony,N/A,जो भी है पहले का पंचायत भवन पुराना टुटल फुटल उसमें हमलोग बैठक चलाते हैं तो उसमे बरसात के सीजन में पानी घुस जाता है और धँसने वाला भी है है कहीं बैठक के समय धँस गया तो फिर लोगों की,जो भी है पहले का पंचायत भवन पुराना टोटल फुटल उसमे हम लोग बैठक चलाते है तो उसमे बर्फबारी का सीजन में पानी घुट जाता है और दस मिनट वाला भी है कहीं बैठे समय दस जाएगा तो फिर लोगो की,jo bhi hai pahale ka pamchayata bhavana purana tutala phutala usamem hamaloga baithaka chalate haim to usame barasata ke sijana mem pani ghusa jata hai aura dha nsane vala bhi hai hai kahim baithaka ke samaya dha nsa gaya to phira logom ki,jo bhi hai pahale ka pamchayata bhavana purana totala phutala usame hama loga baithaka chalate hai to usame barphabari ka sijana mem pani ghuta jata hai aura dasa minata vala bhi hai kahim baithe samaya dasa jaega to phira logo ki,38.144,0.3953488372093023,0.14225941422594143,
01-10039-03,indicwhisper,gramvaani,telephony,N/A,ये खुल गया प्राइस बैंड चार सौ अठारह से चार सौ बाईस रूपए और मिनिमम लोट साइज़ इज़ पैंतीस शेयर रखा गया है आई पी ओ दस अगस्ट तक खुला रहेगा,ये खुल गया प्राइस बैंड चार सौ अठारह ऐसी चार सौ बाईस रूपए और मिनिमम लॉट साइज पैतीस शेयर रखा गया है आईपीओ दस अगस्त तक खुला रहेगा,ye khula gaya praisa baimda chara sau atharaha se chara sau baisa rupae aura minimama lota saiza iza paimtisa sheyara rakha gaya hai ai pi o dasa agasta taka khula rahega,ye khula gaya praisa baimda chara sau atharaha aisi chara sau baisa rupae aura minimama laॉta saija paitisa sheyara rakha gaya hai aipio dasa agasta taka khula rahega,28.278,0.25806451612903225,0.07647058823529412,
01-03999-01,indicwhisper,gramvaani,telephony,N/A,की सर्विस लगा पर रोक लगा कर रख दिया गया है पैदल चलने वाले यात्रियों को बहुत दिक्कत होती हैं साथ ही दो पहिये वाहन तथा चार पहिये वाहन के गुजरने में भारी दिक्कतें होती है,सर्विस रोटर लगा कर दिया गया है पैदल चलने वाले यात्रियों को भी दिक्कतें होती है साथ ही दो पहिये वाहन तथा चार पहिये वाहन के सुधरने में भारी दिक्कतें होती है,ki sarvisa laga para roka laga kara rakha diya gaya hai paidala chalane vale yatriyom ko bahuta dikkata hoti haim satha hi do pahiye vahana tatha chara pahiye vahana ke gujarane mem bhari dikkatem hoti hai,sarvisa rotara laga kara diya gaya hai paidala chalane vale yatriyom ko bhi dikkatem hoti hai satha hi do pahiye vahana tatha chara pahiye vahana ke sudharane mem bhari dikkatem hoti hai,29.612,0.25,0.14634146341463414,
02-12587-02,indicwhisper,gramvaani,telephony,N/A,से जिससे हमारा जीवन प्रभावित होती है होती है और आज भी हम एक ऐसे ही मुद्दे के साथ हाज़िर है आपके सामने,जिससे हमारा जीवन प्रभावित होती है और आज भी हम एक ऐसे ही मुद्दे के साथ हाज़िर है आपके सामने,se jisase hamara jivana prabhavita hoti hai hoti hai aura aja bhi hama eka aise hi mudde ke satha hazira hai apake samane,jisase hamara jivana prabhavita hoti hai aura aja bhi hama eka aise hi mudde ke satha hazira hai apake samane,17.523,0.13043478260869565,0.09917355371900827,
01-11496-02,indicwhisper,gramvaani,telephony,N/A,अंत में समाचार खेल जगत से एशियाई खेल अंकिता के कांस्य के बाद भारत,में समाचार खेल जगत ऐसी एशियाई खेल अंकिता के कांस्य के बाद भारत,amta mem samachara khela jagata se eshiyai khela amkita ke kamsya ke bada bharata,mem samachara khela jagata aisi eshiyai khela amkita ke kamsya ke bada bharata,10.512,0.14285714285714285,0.09876543209876543,
02-12399-02,indicwhisper,gramvaani,telephony,N/A,नमस्कार आदाब श्रोताओं देश के कौन कौन से किसान मज़दूर यूनियन काफ़ी संख्या में इकठ्ठा होकर सरकार से अपनी माँगों को लेकर दिल्ली के पार्लियामेंट स्ट्रीट में धरना,नमस्कार आदाब श्रोताओं देश के कौन कौन ऐसी किसान मजदूर यूनियन काफी संख्या में इकठ्ठा होकर सरकार ऐसी अपनी मांगों को लेकर डेल्ही के पार्लियामेंट स्टेट में धरना,namaskara adaba shrotaom desha ke kauna kauna se kisana mazadura yuniyana kafi samkhya mem ikaththa hokara sarakara se apani ma ngom ko lekara dilli ke parliyamemta strita mem dharana,namaskara adaba shrotaom desha ke kauna kauna aisi kisana majadura yuniyana kaphi samkhya mem ikaththa hokara sarakara aisi apani mamgom ko lekara delhi ke parliyamemta steta mem dharana,31.532,0.27586206896551724,0.08196721311475409,
01-09796-02,indicwhisper,gramvaani,telephony,N/A,का एलान भारत और इंग्लैंड के बीच नौ अगस्त से लॉर्ड्स में खेले जाने वाले वाले दूसरे टेस्ट मैच के लिए गयी है एक वेस्टर्न टेस्ट में इंग्लैंड ने भारत को इकतीस रन,का ऐलान भारत और इंग्लैंड के बीच नौ अगस्त में खेले जाने वाले दुसरे टेस्ट मैच के लिए में दी गयी है एक वेस्टर्न टेस्ट में इंग्लैंड ने भारत को इकतीस रन,ka elana bharata aura imglaimda ke bicha nau agasta se laॉrdsa mem khele jane vale vale dusare testa maicha ke lie gayi hai eka vestarna testa mem imglaimda ne bharata ko ikatisa rana,ka ailana bharata aura imglaimda ke bicha nau agasta mem khele jane vale dusare testa maicha ke lie mem di gayi hai eka vestarna testa mem imglaimda ne bharata ko ikatisa rana,30.933,0.18181818181818182,0.1366120218579235,
01-07562-01,indicwhisper,gramvaani,telephony,N/A,आवश्यक है है किन्तु नियोजित शिक्षको की मामले में न्यूनतम वेतन अठारह हजार लागू नहीं किया गया है जिसके लिए,आवश्यक है किन्तु नियोजित शिक्षकों के मामले में न्यूनतम वेतन अठारह हजार लागू नहीं किया गया है जिसके लिए,avashyaka hai hai kintu niyojita shikshako ki mamale mem nyunatama vetana atharaha hajara lagu nahim kiya gaya hai jisake lie,avashyaka hai kintu niyojita shikshakom ke mamale mem nyunatama vetana atharaha hajara lagu nahim kiya gaya hai jisake lie,20.17,0.15,0.048,
01-04320-03,indicwhisper,gramvaani,telephony,N/A,मुंगेर नगर निगम की बदहाली व्यवस्था के कारण शहर वासियों को शुद्ध पेय जल नहीं मिल रहा है नगर निगम के साथ संचालित कस्तुरबा वॉटर वर्क्स,मुंगेर नगर निगम की बदहाली व्यवस्था के कारण शहरवासियों को शुद्ध पेय जल नहीं मिल रहा है नगर निगम के साथ संचालित वाटर बॉक्स,mumgera nagara nigama ki badahali vyavastha ke karana shahara vasiyom ko shuddha peya jala nahim mila raha hai nagara nigama ke satha samchalita kasturaba vaॉtara varksa,mumgera nagara nigama ki badahali vyavastha ke karana shaharavasiyom ko shuddha peya jala nahim mila raha hai nagara nigama ke satha samchalita vatara baॉksa,25.184,0.19230769230769232,0.08284023668639054,
01-08017-03,indicwhisper,gramvaani,telephony,N/A,के बेहतरीन महिला को एक पारदर्शी महिला को पंचायत में इनका आ आरक्षण मिले और उसका विकास हो आने वाले दिन में,महिला को एक पारदर्शी महिला को पंचायत में इसका आयोजन मिले और इसका विकास हो आने वाले दिन में,ke behatarina mahila ko eka paradarshi mahila ko pamchayata mem inaka a arakshana mile aura usaka vikasa ho ane vale dina mem,mahila ko eka paradarshi mahila ko pamchayata mem isaka ayojana mile aura isaka vikasa ho ane vale dina mem,15.587,0.2727272727272727,0.184,
01-10457-02,indicwhisper,gramvaani,telephony,N/A,इस देश के कई भाग से हैं जहाँ सिंचाई सुविधा के आभाव मैं बारिश पर निर्भर रहते हैं अगर बारिश समय पर नहीं हुए तो सारा फसल बर्बाद अब ऐसे मैं किसान करे तो क्या करे,इस देश के कई भाग ऐसे है जहाँ अधिकांश सिंचाई सुविधा के अभाव में खेली बारिश आरोप निर्भर रहते है और अगर बारिश समय आरोप नहीं हुई तो सारा फसल बर्बाद अब ऐसे में किसान करे तो क्या करे,isa desha ke kai bhaga se haim jaha n simchai suvidha ke abhava maim barisha para nirbhara rahate haim agara barisha samaya para nahim hue to sara phasala barbada aba aise maim kisana kare to kya kare,isa desha ke kai bhaga aise hai jaha n adhikamsha simchai suvidha ke abhava mem kheli barisha aropa nirbhara rahate hai aura agara barisha samaya aropa nahim hui to sara phasala barbada aba aise mem kisana kare to kya kare,39.066,0.2972972972972973,0.18,
02-14905-01,indicwhisper,gramvaani,telephony,N/A,श्री पावन भगत अशोक केसरी पवन केसरी विजय मिश्रा उदय लाहाकर प्रवीन मिश्रा मंटू भगत सहित गणेश मंदिर समिति के सभी सदस्य मौजुद वही बताते चले की मोबाइल वाणी के द्वारा ही,श्री पवन भगत अशोक केशरी पवन केशरी विजय मिश्रा उदय लहकार प्रवीण मिश्रा मंटू भगत सहित गणेश मंत्री समिति के सभी सदस्य मधु वही बताते चले की मोबाइल वाणी के द्वारा ही,shri pavana bhagata ashoka kesari pavana kesari vijaya mishra udaya lahakara pravina mishra mamtu bhagata sahita ganesha mamdira samiti ke sabhi sadasya maujuda vahi batate chale ki mobaila vani ke dvara hi,shri pavana bhagata ashoka keshari pavana keshari vijaya mishra udaya lahakara pravina mishra mamtu bhagata sahita ganesha mamtri samiti ke sabhi sadasya madhu vahi batate chale ki mobaila vani ke dvara hi,36.7,0.125,0.043689320388349516,
02-17467-01,indicwhisper,gramvaani,telephony,N/A,मोबाइल वाणी के बेहद लोकप्रिय और ख़ास कार्यक्रम खबरें जरा हट के में आपका स्वागत है,मोबाइल वाणी के बेहद लोकप्रिय और खास कार्यक्रम खबरें जरा हटके में आपका स्वागत है,mobaila vani ke behada lokapriya aura kasa karyakrama khabarem jara hata ke mem apaka svagata hai,mobaila vani ke behada lokapriya aura khasa karyakrama khabarem jara hatake mem apaka svagata hai,15.945,0.1875,0.020618556701030927,
01-00097-03,indicwhisper,gramvaani,telephony,N/A,इस मध्य प्रदेश मोबाइल वाणी के सभी सुनने वाले श्रोताओं को और मेरे मित्रों को सभी को हार्दिक हार्दिक शुभकामनाएं धन्यवाद नमस्कार,इस मध्य प्रदेश मोबाइल वाणी के सभी सुनने वाले श्रोताओं को और मेरे मित्रों को सभी को हार्दिक हार्दिक शुभकामनाएँ धन्यवाद नमस्कार,isa madhya pradesha mobaila vani ke sabhi sunane vale shrotaom ko aura mere mitrom ko sabhi ko hardika hardika shubhakamanaem dhanyavada namaskara,isa madhya pradesha mobaila vani ke sabhi sunane vale shrotaom ko aura mere mitrom ko sabhi ko hardika hardika shubhakamanae n dhanyavada namaskara,24.654,0.09090909090909091,0.0136986301369863,
02-13426-02,indicwhisper,gramvaani,telephony,N/A,आँगनबाड़ी सहायिकाओं को पन्द्रह सौ रूपए के स्थान पर बाईस सौ सौ पचास रूपए मिलेंगे और अब ख़बर खेल जगत से कुछ देर में शुरू होगा पाँचवें दिन दिन का खेल शाख बचाने को उतरेगी टीम इंडिया ख़बर है नई दिल्ली से,आंगनबाड़ी सहायिकाओं को पंद्रह सौ रूपए के स्थान आरोप बाईस सौ पचास रूपए मिलेंगे और अब खबर खेल जगत ऐसी कुछ देर में शुरू होगा पांचवे दिन का खेल सात बच्चों ने उतरे की टीम इंडिया खबर है नई डेल्ही ऐसी,a nganaba di sahayikaom ko pandraha sau rupae ke sthana para baisa sau sau pachasa rupae milemge aura aba kabara khela jagata se kucha dera mem shuru hoga pa nchavem dina dina ka khela shakha bachane ko utaregi tima imdiya kabara hai nai dilli se,amganaba di sahayikaom ko pamdraha sau rupae ke sthana aropa baisa sau pachasa rupae milemge aura aba khabara khela jagata aisi kucha dera mem shuru hoga pamchave dina ka khela sata bachchom ne utare ki tima imdiya khabara hai nai delhi aisi,46.85,0.4,0.15853658536585366,
02-14654-01,indicwhisper,gramvaani,telephony,N/A,याद है की मनरेगा में लंबित मजदूरी भुगतान नहीं होने के सम्बन्ध में शिकायतें प्राप्त हो रही थी राज्य शासन द्वारा शिकायतों के निराकरण के लिए ग्राम पंचायतों में कलस्टर,ज्ञात है की मनरेगा में लंबित मजदूरी भुगतान नहीं होने के सम्बन्ध में शिकायतें प्राप्त हो रही थी राज्य शासन द्वारा शिकायतों के निराकरण के लिए ग्राम पंचायतों में कलस्टर,yada hai ki manarega mem lambita majaduri bhugatana nahim hone ke sambandha mem shikayatem prapta ho rahi thi rajya shasana dvara shikayatom ke nirakarana ke lie grama pamchayatom mem kalastara,j~nata hai ki manarega mem lambita majaduri bhugatana nahim hone ke sambandha mem shikayatem prapta ho rahi thi rajya shasana dvara shikayatom ke nirakarana ke lie grama pamchayatom mem kalastara,34.609,0.03333333333333333,0.02072538860103627,
01-03123-03,indicwhisper,gramvaani,telephony,N/A,फ़िलहाल जारी अधिकतम तापमान का ट्रेंड गेहूं और दलहन का  यदि तापमान का रुख ऐसा ही जारी रहा,फिलहाल जारी अधिकतम तापमान का ट्रेंड गेहू और दलहन की फसल यदि तापमान का रूप ऐसा ही जारी रहा,filahala jari adhikatama tapamana ka tremda gehum aura dalahana ka yadi tapamana ka rukha aisa hi jari raha,philahala jari adhikatama tapamana ka tremda gehu aura dalahana ki phasala yadi tapamana ka rupa aisa hi jari raha,16.765,0.2777777777777778,0.12149532710280374,
02-12354-02,indicwhisper,gramvaani,telephony,N/A,तिलका मांझी भागलपुर विश्वविद्यालय प्रशासन ने बी ए फर्स्ट इयर दो हज़ार सतरह उन्नीस का परीक्षा कार्यक्रम घोषित कर दिया है परीक्षा दूसरी पाली में दो बजे,तिलका मानी भागलपुर विश्वविद्यालय प्रसाशन ने बी एड फर्स्ट ईयर दो हजार सत्रह उन्नीस का परीक्षा कार्यक्रम घोषित कर दिया है परीक्षा दूसरी पाली में दो बजे,tilaka mamjhi bhagalapura vishvavidyalaya prashasana ne bi e pharsta iyara do hazara sataraha unnisa ka pariksha karyakrama ghoshita kara diya hai pariksha dusari pali mem do baje,tilaka mani bhagalapura vishvavidyalaya prasashana ne bi eda pharsta iyara do hajara satraha unnisa ka pariksha karyakrama ghoshita kara diya hai pariksha dusari pali mem do baje,31.952,0.18518518518518517,0.05027932960893855,
01-07629-02,indicwhisper,gramvaani,telephony,N/A,और पछताना नहीं पड़ता है बहुत से ऐसे गाँव के विद्यार्थी को मैंने देखा है की कई,और पहचाना नहीं पड़ता है बहुत से ऐसे गाँव के विद्यार्थियों को मैंने देखा है की परीक्ष,aura pachatana nahim pa data hai bahuta se aise ga nva ke vidyarthi ko maimne dekha hai ki kai,aura pahachana nahim pa data hai bahuta se aise ga nva ke vidyarthiyom ko maimne dekha hai ki pariksha,15.08,0.15789473684210525,0.1276595744680851,
01-06461-03,indicwhisper,gramvaani,telephony,N/A,मुंगेर प्रखंड क्षेत्र में बिजली के लिए हाहाकार मचा हुआ है चौबीस घंटे में से मात्र आठ से बारह घंटे तक भी बिजली नहीं मिलती है,मुंगेर प्रखंड क्षेत्र में बिजली के लिए आकर मचा हुआ है चौदह घंटे में ऐसी मात्र आठ ऐसी बारह घंटे तक वो बिजली नहीं मिलती है,mumgera prakhamda kshetra mem bijali ke lie hahakara macha hua hai chaubisa ghamte mem se matra atha se baraha ghamte taka bhi bijali nahim milati hai,mumgera prakhamda kshetra mem bijali ke lie akara macha hua hai chaudaha ghamte mem aisi matra atha aisi baraha ghamte taka vo bijali nahim milati hai,24.167,0.19230769230769232,0.1,
13-00159-01,indicwhisper,gramvaani,telephony,N/A,विरोधियों के बीच होने वाले इस मैच की तारीख से नाराज़ है बी सी सी ज है बी सी सी आई ने एशिया कप के कार्यक्रम में भारत और पाकिस्तान के मैच की मैच की तारीख पर आपत्ति जताई है,के बीच होने वाले इस मैच की तारीख़ ऐसी नाराज है बी सी सी आई ने एशिया कप के कार्यक्रम में भारत और पाकिस्तान की मैच की तारीख़ आरोप आपत्ति जताई है,virodhiyom ke bicha hone vale isa maicha ki tarikha se naraza hai bi si si ja hai bi si si ai ne eshiya kapa ke karyakrama mem bharata aura pakistana ke maicha ki maicha ki tarikha para apatti jatai hai,ke bicha hone vale isa maicha ki tarika aisi naraja hai bi si si ai ne eshiya kapa ke karyakrama mem bharata aura pakistana ki maicha ki tarika aropa apatti jatai hai,26.844,0.325,0.22277227722772278,
01-03050-02,indicwhisper,gramvaani,telephony,N/A,मैं राजीव कुमार ठाकुर जिला मुंगेर मुंगेर की आवाज़ से बाबा धरमदास मंदिर के निर्माण समिति द्वारा संकल्प दिवस का आयोजन,मैं राजीव कुमार ठाकुर जिला मुंगेर मुंगेर की आवाज़ ऐसी बाबा धर्मदास मंदिर निर्माण समिति द्वारा संकल्प दिवस का आयोजन,maim rajiva kumara thakura jila mumgera mumgera ki avaza se baba dharamadasa mamdira ke nirmana samiti dvara samkalpa divasa ka ayojana,maim rajiva kumara thakura jila mumgera mumgera ki avaza aisi baba dharmadasa mamdira nirmana samiti dvara samkalpa divasa ka ayojana,22.726,0.14285714285714285,0.05185185185185185,
01-04208-01,indicwhisper,gramvaani,telephony,N/A,एक राज्य की छवि छवि खराब करने की ही और दूसरी राज्य को अपने शिक्षा व्यवस्था को ज्यादा गंभीरता से लेने के लिए बाध्य करने की करने की बिहार बोर्ड की परीक्षा में अभिभावकों द्वारा खुलेआम नकल कराने की तस्वीर दुनिया भर में चर्चित हुई थी,एक राज्य की खरीद खराब करने की और दुसरे राज्य को अपनी शिक्षा व्यवस्था को ज्यादा गंभीरता ऐसी लेने के लिए बात करने की बिहार बोर्ड की परीक्षा में अभिभावकों द्वारा खुले आम नतम कराने की एक प्रक्रिया दुनिया भर में चर्चित हुई थी,eka rajya ki chavi chavi kharaba karane ki hi aura dusari rajya ko apane shiksha vyavastha ko jyada gambhirata se lene ke lie badhya karane ki karane ki bihara borda ki pariksha mem abhibhavakom dvara khuleama nakala karane ki tasvira duniya bhara mem charchita hui thi,eka rajya ki kharida kharaba karane ki aura dusare rajya ko apani shiksha vyavastha ko jyada gambhirata aisi lene ke lie bata karane ki bihara borda ki pariksha mem abhibhavakom dvara khule ama natama karane ki eka prakriya duniya bhara mem charchita hui thi,54.036,0.30434782608695654,0.14869888475836432,
02-21289-01,indicwhisper,gramvaani,telephony,N/A,डेढ़ साल पहले ही हम शादी के बंधन में बंधे है इस घर के इकलौते बेटे होने के नाते बचपन से ही सबके लाड प्यार ने इन्हे बिगाड़ रखा है रखा है सुबह से शाम ये अपने काम पर रहते है,डेढ़ साल पहले ही हम शादी के बंधन में बंधे है इस घर के इकलौते बेटे होने के नाते बचपन ऐसी ही सबके लाल प्यार ने इन्हें बिगाड रखा है सुबह ऐसी शाम ये अपने काम आरोप रहते है,deढ़ sala pahale hi hama shadi ke bamdhana mem bamdhe hai isa ghara ke ikalaute bete hone ke nate bachapana se hi sabake lada pyara ne inhe biga da rakha hai rakha hai subaha se shama ye apane kama para rahate hai,deढ़ sala pahale hi hama shadi ke bamdhana mem bamdhe hai isa ghara ke ikalaute bete hone ke nate bachapana aisi hi sabake lala pyara ne inhem bigada rakha hai subaha aisi shama ye apane kama aropa rahate hai,34.781,0.21428571428571427,0.10377358490566038,
02-13499-02,indicwhisper,gramvaani,telephony,N/A,मोदी सरकार ने आशा कार्यकर्ताओं का भत्ता दो गुना किया प्रधानमंत्री बीमा भी मुफ्त मिलेगा,मोदी सरकार ने आशा कार्यकर्ताओं का भत्ता दोगुना किया प्रधान मंत्री बीमा भी मुफ्त मिलेगा,modi sarakara ne asha karyakartaom ka bhatta do guna kiya pradhanamamtri bima bhi muphta milega,modi sarakara ne asha karyakartaom ka bhatta doguna kiya pradhana mamtri bima bhi muphta milega,15.265,0.26666666666666666,0.021052631578947368,
01-06401-03,indicwhisper,gramvaani,telephony,N/A,लगभग तीन तीन सौ की आबादी वाले बरवाडीह गाँव ना एक कुआँ ना तालाब है नहाने के लिए यहाँ के लोगो को करीब डेढ़ किलोमीटर की दूरी तय कर,लगभग तीन तीन सौ की आबादी वाले पर्वतीय गाँव न एक गुआ न तालाब हैं नहाने के लिए यहाँ के लोगों को करीब डेढ़ किलोमीटर की दूरी तय कर,lagabhaga tina tina sau ki abadi vale baravadiha ga nva na eka kua n na talaba hai nahane ke lie yaha n ke logo ko kariba deढ़ kilomitara ki duri taya kara,lagabhaga tina tina sau ki abadi vale parvatiya ga nva na eka gua na talaba haim nahane ke lie yaha n ke logom ko kariba deढ़ kilomitara ki duri taya kara,25.585,0.15625,0.05844155844155844,
01-02125-02,indicwhisper,gramvaani,telephony,N/A,नमस्कार श्रोता मित्रों मेट्रिक की परीक्षा की शुरुआत शांतिपूर्ण तैतालिस परीक्षार्थी अनुपस्थित रहे मैं जेएम रंगीला कोऑर्डिनेटर बोकारो से झारखण्ड मोबाइल वाणी,नमस्कार श्रोता मित्रों मैं ऐसी की परीक्षा की शुरुआत शांति पूर्ण सैतालीस परीक्षार्थियों अनुपस्थित रहे मैं जी M रजिला कोऑर्डिनेटर बोकारो झारखण्ड मोबाइल वाणी,namaskara shrota mitrom metrika ki pariksha ki shuruata shamtipurna taitalisa pariksharthi anupasthita rahe maim jeema ramgila koऑrdinetara bokaro se jharakhanda mobaila vani,namaskara shrota mitrom maim aisi ki pariksha ki shuruata shamti purna saitalisa pariksharthiyom anupasthita rahe maim ji m rajila koऑrdinetara bokaro jharakhanda mobaila vani,33.948,0.45454545454545453,0.11494252873563218,
01-01990-01,indicwhisper,gramvaani,telephony,N/A,लेकिन वहाँ पर नीचे उतारने का भी अभी तक कोई रास्ता नहीं गया है वहाँ पर बहुत झाड़ झुड़ रहता है इसलिए मैं ग्राम वाणी के द्वारा सरकार से अनुरोध करना चाहता हूँ,लेकिन वहाँ आकर नीचे उतरने का अभी तक कोई रास्ता नहीं गया है वहाँ पे बहुत झाड़ जोड़ रहता है इसीलिए मैं ग्राम वाणी के द्वारा सरकार ऐसी अनुवोद करना चाहता हूँ,lekina vaha n para niche utarane ka bhi abhi taka koi rasta nahim gaya hai vaha n para bahuta jha da jhu da rahata hai isalie maim grama vani ke dvara sarakara se anurodha karana chahata hu n,lekina vaha n akara niche utarane ka abhi taka koi rasta nahim gaya hai vaha n pe bahuta jha da jo da rahata hai isilie maim grama vani ke dvara sarakara aisi anuvoda karana chahata hu n,32.104,0.18421052631578946,0.08900523560209424,
01-07043-02,indicwhisper,gramvaani,telephony,N/A,पुनः एक बार सहायता की की जाए धन्य धन्यवाद,पुनः एक बार सहायता की जाए धन्यवाद,punah eka bara sahayata ki ki jae dhanya dhanyavada,punah eka bara sahayata ki jae dhanyavada,7.654,0.2222222222222222,0.19607843137254902,
01-02028-02,indicwhisper,gramvaani,telephony,N/A,उम्मीदवार होगी जिसे आम जन सामाजिक कार्यकर्ता कम और और राजनीती के रूप में अधिक जानेंगे इसमें कोई शक नहीं मैं राधू राय,उमीदवार होगी जिसे आम जन सामाजिक कार्यकर्ता कम और राजनीतिक के रूप में अधिक जानेंगे इसमें कोई शक नहीं चर्च में राधू राय,ummidavara hogi jise ama jana samajika karyakarta kama aura aura rajaniti ke rupa mem adhika janemge isamem koi shaka nahim maim radhu raya,umidavara hogi jise ama jana samajika karyakarta kama aura rajanitika ke rupa mem adhika janemge isamem koi shaka nahim charcha mem radhu raya,22.735,0.21739130434782608,0.1223021582733813,
01-06650-01,indicwhisper,gramvaani,telephony,N/A,डालडा जो होता है उसमे आलू का मिश्रण मिश्रण हो रहा है तेल भी आज कल दोस्तों कोई खास ऑरिजनल नहीं आ रहा है तो आप और आपके परिवार प्लस आप आपके व्यवहारी,डाइटा जो होता है उसमे आलू का मिश्रण हो रहा है तेल भी आजकल दोस्तों कोई खास ऑर्जिनल नहीं आ रहा है तो आप और आपके परिवार प्लस आपके व्यवहारी,dalada jo hota hai usame alu ka mishrana mishrana ho raha hai tela bhi aja kala dostom koi khasa ऑrijanala nahim a raha hai to apa aura apake parivara plasa apa apake vyavahari,daita jo hota hai usame alu ka mishrana ho raha hai tela bhi ajakala dostom koi khasa ऑrjinala nahim a raha hai to apa aura apake parivara plasa apake vyavahari,27.242,0.18181818181818182,0.10795454545454546,
02-16456-01,indicwhisper,gramvaani,telephony,N/A,है एक वरिष्ट सरकारी अधिकारी ने बताया कि ये योजनायें सरकारी हो सकती हैं पेंशन बीमा और भविष्य निधि के क्षेत्रों में निजी खिलाडियों का संचालन कर सकती है,है एक वरिष्ट सरकारी अधिकारी ने बताया की ये योजनाएं सरकारी हो सकती है पेंशन बीमा और भविष्य निधि के क्षेत्रों में निजी खिलाड़ियों का संचालन कर सकती है,hai eka varishta sarakari adhikari ne bataya ki ye yojanayem sarakari ho sakati haim pemshana bima aura bhavishya nidhi ke kshetrom mem niji khiladiyom ka samchalana kara sakati hai,hai eka varishta sarakari adhikari ne bataya ki ye yojanaem sarakari ho sakati hai pemshana bima aura bhavishya nidhi ke kshetrom mem niji khila diyom ka samchalana kara sakati hai,28.947,0.13793103448275862,0.016574585635359115,
01-06529-02,indicwhisper,gramvaani,telephony,N/A,मैं ये वन प्रबंधन पदाधिकारी हजारीबाग से ये कहना चाहता हूँ की आप नक्शा पास केंद्र में गड्ढे नाले जहाँ भी हों वहाँ गड्ढा खोद कर के सारे,मैं एवं प्रबंधन पदाधिकारी हजारीबाग ऐसी मैं कहना चाहता हूँ की आप नक्शा पार्क के अन्दर में गड्ढे नाले जहाँ भी हो और गड्ढा खोद करके पारे,maim ye vana prabamdhana padadhikari hajaribaga se ye kahana chahata hu n ki apa naksha pasa kemdra mem gaddhe nale jaha n bhi hom vaha n gaddha khoda kara ke sare,maim evam prabamdhana padadhikari hajaribaga aisi maim kahana chahata hu n ki apa naksha parka ke andara mem gaddhe nale jaha n bhi ho aura gaddha khoda karake pare,27.503,0.41935483870967744,0.15337423312883436,
01-10685-03,indicwhisper,gramvaani,telephony,N/A,नया टाइम टेबल लागू किया है रतलाम रेल मंडल पर चलने वाली उनतीस उनतीस गाड़ियों की गति को बढ़ाया गया है है रतलाम मंडल से होकर जाने वाली कुल पैसठ गाड़ियों की,नया टाइम टेबल लागू किया है रतलाम रेल मंडल आरोप चलने वाली उनतीस उनतीस गाडियों की गति को बढ़ाया गया है रतलाम मंडल ऐसी होकर जाने वाली कुल पैंसठ गाडियों के,naya taima tebala lagu kiya hai ratalama rela mamdala para chalane vali unatisa unatisa ga diyom ki gati ko baढ़aya gaya hai hai ratalama mamdala se hokara jane vali kula paisatha ga diyom ki,naya taima tebala lagu kiya hai ratalama rela mamdala aropa chalane vali unatisa unatisa gadiyom ki gati ko baढ़aya gaya hai ratalama mamdala aisi hokara jane vali kula paimsatha gadiyom ke,29.72,0.2647058823529412,0.07368421052631578,
01-05003-02,indicwhisper,gramvaani,telephony,N/A,के नेता को कभी अकेले तो कभी संदिग्ध रूप से सत्ता मिला लेकिन जनता की कसौटी पर कोई भी खड़ा नहीं उतर नहीं उतर सका यही सबसे बड़ी चिंता की बात है,के नेता को कभी अकेले तो कभी संयुक्त रूप ऐसी सत्ता मिला लेकिन जनता की कसौटी आरोप कोई भी खड़ा नहीं उतर सका यही सबसे बड़ी चिंता की बात है,ke neta ko kabhi akele to kabhi samdigdha rupa se satta mila lekina janata ki kasauti para koi bhi kha da nahim utara nahim utara saka yahi sabase ba di chimta ki bata hai,ke neta ko kabhi akele to kabhi samyukta rupa aisi satta mila lekina janata ki kasauti aropa koi bhi kha da nahim utara saka yahi sabase ba di chimta ki bata hai,27.284,0.14705882352941177,0.13450292397660818,
01-00960-03,indicwhisper,gramvaani,telephony,N/A,की जाती है परन्तु कं पुतना ने जब कृष्ण को अपना दुध पिला रहे थे मारने के लिए तब ही भगवान कृष्ण चमत्कार दिखाया की साथ साथ जो है की उनका,की जाती है परन्तु कम उतना नहीं जब किसानों को अपने आपस में दूध पिला रहे थे मारने के लिए तभी भगवान की समस्या दिखाया के साथ साथ जो है की उनका,ki jati hai parantu kam putana ne jaba krrishna ko apana dudha pila rahe the marane ke lie taba hi bhagavana krrishna chamatkara dikhaya ki satha satha jo hai ki unaka,ki jati hai parantu kama utana nahim jaba kisanom ko apane apasa mem dudha pila rahe the marane ke lie tabhi bhagavana ki samasya dikhaya ke satha satha jo hai ki unaka,27.124,0.3870967741935484,0.2155688622754491,
02-12750-02,indicwhisper,gramvaani,telephony,N/A,नमस्कार श्रोताओं मैं सुनिधि लेकर आई हूँ बिहार मोबाइल वाणी पर शाम,नमस्कार श्रोताओं मैं सुनिधि लेकर आई हूँ बिहार मोबाइल वाणी आरोप शाम,namaskara shrotaom maim sunidhi lekara ai hu n bihara mobaila vani para shama,namaskara shrotaom maim sunidhi lekara ai hu n bihara mobaila vani aropa shama,12.176,0.07692307692307693,0.03896103896103896,
01-08134-02,indicwhisper,gramvaani,telephony,N/A,परीक्षा नौ अगस्त को खबर है नई दिल्ली से रेलवे ने सहायक लोको तकनीशियनों की की छबीस हजार पाँच सौ दो नियुक्तियों के लिए परीक्षा की तारीख नौ,नौ अगस्त को खबर है नई डेल्ही ऐसी रेलवे ने सहायक लोगों तकनीशियों की छब्बीस हजार पाँच सौ दो रिक्तियों के लिए परीक्षा की तारीख नौ अगस्त,pariksha nau agasta ko khabara hai nai dilli se relave ne sahayaka loko takanishiyanom ki ki chabisa hajara pa ncha sau do niyuktiyom ke lie pariksha ki tarikha nau,nau agasta ko khabara hai nai delhi aisi relave ne sahayaka logom takanishiyom ki chabbisa hajara pa ncha sau do riktiyom ke lie pariksha ki tarikha nau agasta,27.545,0.3103448275862069,0.1951219512195122,
01-09492-02,indicwhisper,gramvaani,telephony,N/A,की है रूट लाइन व कतार के,की है रूट लाइन वगैरह कतार के,ki hai ruta laina va katara ke,ki hai ruta laina vagairaha katara ke,5.036,0.14285714285714285,0.23333333333333334,
01-02482-01,indicwhisper,gramvaani,telephony,N/A,जयनगर अनुमंडल क्षेत्र से सुरेश कुमार गुप्ता जयनगर,जयनगर अनुमंडल ऐसी प्रेम कुमार गुप्ता जयनगर,jayanagara anumamdala kshetra se suresha kumara gupta jayanagara,jayanagara anumamdala aisi prema kumara gupta jayanagara,9.397,0.375,0.1875,
02-19405-01,indicwhisper,gramvaani,telephony,N/A,होता ई है कि एस एस जी चूकि महिलाओं का समूह है तो तुम्हारी मेहरारू को,होता ये है की एस एस जी चुकी महिलाओं का समूह है तो तुम्हारी महिलाओं को,hota i hai ki esa esa ji chuki mahilaom ka samuha hai to tumhari mehararu ko,hota ye hai ki esa esa ji chuki mahilaom ka samuha hai to tumhari mahilaom ko,11.632,0.125,0.09210526315789473,
01-06986-01,indicwhisper,gramvaani,telephony,N/A,सब्जियों की दुकाने फलों फलों के ठेले और तरह तरह के ठेलों की यातायात को बाध्य कई जगहों पर सड़क किनारे लोगों ने घर बना लिया हैं उनके लिए सड़क ही आंगन बन जाता हैं,सब्जियों की दुकाने फलों के खेले और तरह तरह के पहलों की यातायात को बाधित कई जगहों पर सड़क किनारे लोगों ने घर बना लिया है उनके लिए सड़क ही आंगन बन जाता है,sabjiyom ki dukane phalom phalom ke thele aura taraha taraha ke thelom ki yatayata ko badhya kai jagahom para sa daka kinare logom ne ghara bana liya haim unake lie sa daka hi amgana bana jata haim,sabjiyom ki dukane phalom ke khele aura taraha taraha ke pahalom ki yatayata ko badhita kai jagahom para sa daka kinare logom ne ghara bana liya hai unake lie sa daka hi amgana bana jata hai,29.577,0.16216216216216217,0.07614213197969544,
01-01715-03,indicwhisper,gramvaani,telephony,N/A,ये सुनना मैं बहुत पसंद करता हूँ मेरी जीवन में बदलाव की श्रण आती रहती है इसी के साथ में ये सन्देश देना चाहता हूँ बिहार मोबाइल वाणी के साथ,ये सुनना मैं बहुत पसंद करता हूँ मेरे जीवन में बदलाव आती रहती है इसी के साथ मैं ये सन्देश देना चाहता हूँ बिहार मोबाइल वाणी के साथ,ye sunana maim bahuta pasamda karata hu n meri jivana mem badalava ki shrana ati rahati hai isi ke satha mem ye sandesha dena chahata hu n bihara mobaila vani ke satha,ye sunana maim bahuta pasamda karata hu n mere jivana mem badalava ati rahati hai isi ke satha maim ye sandesha dena chahata hu n bihara mobaila vani ke satha,26.588,0.125,0.07784431137724551,
01-09945-03,indicwhisper,gramvaani,telephony,N/A,अगर आपके आस पास या आपका क्षेत्रों में भी कुछ ऐसी ही खबरें हैं हैं जो ज़रा हटके हैं हैं तो हमें ज़रूर बताएं अपने मोबाइल में नंबर तीन दबा कर कर और साथ ही इसका,अगर आपके आस पास या आपके क्षेत्रो में भी कुछ ऐसी ही खबरें है जो जरा हटके है तो हमें जरुर बताए अपने मोबाइल में नंबर तीन दबाकर और साथ ही इसका,agara apake asa pasa ya apaka kshetrom mem bhi kucha aisi hi khabarem haim haim jo zara hatake haim haim to hamem zarura bataem apane mobaila mem nambara tina daba kara kara aura satha hi isaka,agara apake asa pasa ya apake kshetro mem bhi kucha aisi hi khabarem hai jo jara hatake hai to hamem jarura batae apane mobaila mem nambara tina dabakara aura satha hi isaka,28.052,0.3333333333333333,0.11917098445595854,
01-05555-02,indicwhisper,gramvaani,telephony,N/A,किसानों को यह जानकारी किसान पाठशाला लगाकर उपलब्ध कराई जाए की जानकारी प्रखंड पीसी ने बताया की ये कार्यक्रम  में चलाया जायेगा जिसके लिए चयन की प्रक्रि प्रक्रिया अंतिम चरण उन्होंने बताया की चयनित,किसानों को यह जानकारी किसान पाठशाला लगाकर उपलब्ध कराई जाएगी इसकी जानकारी प्रखंड कृषि ने बताया की यह कार्यक्रम बैठकों में चलाया जाएगा इसके लिए चयन की प्रक्रिया अंतिम चरम उन्होंने बताया की चयनित,kisanom ko yaha janakari kisana pathashala lagakara upalabdha karai jae ki janakari prakhamda pisi ne bataya ki ye karyakrama mem chalaya jayega jisake lie chayana ki prakri prakriya amtima charana unhomne bataya ki chayanita,kisanom ko yaha janakari kisana pathashala lagakara upalabdha karai jaegi isaki janakari prakhamda krrishi ne bataya ki yaha karyakrama baithakom mem chalaya jaega isake lie chayana ki prakriya amtima charama unhomne bataya ki chayanita,43.94,0.2647058823529412,0.14222222222222222,
02-15827-01,indicwhisper,gramvaani,telephony,N/A,सहकारी मुखिया सिकंदर  दिवाकर महतो उमेश कुमार चौबे चौबे मिथिलेश महाराज विनीत जैसवाल सोहेल अंसारी ने,मुखिया सिकंदर का पददा दिवाकर महतो उमेश कुमार चौबे मोबाइल मीडिया महाराज विनीत जयसवाल सोहैल अंसारी ने,sahakari mukhiya sikamdara divakara mahato umesha kumara chaube chaube mithilesha maharaja vinita jaisavala sohela amsari ne,mukhiya sikamdara ka padada divakara mahato umesha kumara chaube mobaila midiya maharaja vinita jayasavala sohaila amsari ne,19.268,0.4375,0.28225806451612906,
01-11055-03,indicwhisper,gramvaani,telephony,N/A,कि कोई भी परेशानी होने पर आम लोग उनसे सीधा संपर्क कर सकते हैं एवं उनका हर मदद किया जाएगा इस कार्यक्रम को लेकर वहाँ उपस्थित लोगों के बीच,की कोई भी परेशानी होने आरोप आम लोग उनसे सीधा संपर्क कर सकते है एवं उनका हर मदद किया जायेगा इस कार्यक्रम को लेकर वहाँ उपस्थित लोगो के बीच,ki koi bhi pareshani hone para ama loga unase sidha samparka kara sakate haim evam unaka hara madada kiya jaega isa karyakrama ko lekara vaha n upasthita logom ke bicha,ki koi bhi pareshani hone aropa ama loga unase sidha samparka kara sakate hai evam unaka hara madada kiya jayega isa karyakrama ko lekara vaha n upasthita logo ke bicha,26.643,0.13333333333333333,0.03571428571428571,
01-10891-03,indicwhisper,gramvaani,telephony,N/A,सरकारी विमान कंपनी एयर इंडिया के पायलटों के  अपने उड़ान भत्तों के बकायें का तत्काल भुगतान नहीं होने पर परिचालन पायलटों का कहना है कि अन्य कर्मचारियों के वेतन और भत्तों का देर से ही सही लेकिन पूरा भुगतान हो रहा हैं,सरकारी विमानन कंपनी एयर इंडिया के पायलटों के एक ने अपने उड़ान भत्तों के बकाया का तत्काल भुगतान नहीं होने आरोप परिचालन पायलटों का कहना है की अन्य कर्मचारियों के वेतन और भत्तों का देर से ही सही लेकिन पूरा भुगतान हो रहा है,sarakari vimana kampani eyara imdiya ke payalatom ke apane u dana bhattom ke bakayem ka tatkala bhugatana nahim hone para parichalana payalatom ka kahana hai ki anya karmachariyom ke vetana aura bhattom ka dera se hi sahi lekina pura bhugatana ho raha haim,sarakari vimanana kampani eyara imdiya ke payalatom ke eka ne apane u dana bhattom ke bakaya ka tatkala bhugatana nahim hone aropa parichalana payalatom ka kahana hai ki anya karmachariyom ke vetana aura bhattom ka dera se hi sahi lekina pura bhugatana ho raha hai,46.891,0.13953488372093023,0.05859375,
02-18071-01,indicwhisper,gramvaani,telephony,N/A,हम लोगों को वेतन नहीं दिया जा रहा हैं इधर जिस आवास में हम लोग रहते हैं उस उसके मालिक को भी कंपनी की और से से ताला बंद करने का फरमान दिया गया है,ऐसी हम लोगों को वेतन नहीं दिया जा रहा है इधर जिस आवास में हम लोग रहते है उसके मालिक को भी कंपनी की ओर ऐसी ताला बंद करने का फरमान दिया गया है,hama logom ko vetana nahim diya ja raha haim idhara jisa avasa mem hama loga rahate haim usa usake malika ko bhi kampani ki aura se se tala bamda karane ka pharamana diya gaya hai,aisi hama logom ko vetana nahim diya ja raha hai idhara jisa avasa mem hama loga rahate hai usake malika ko bhi kampani ki ora aisi tala bamda karane ka pharamana diya gaya hai,25.335,0.2,0.09497206703910614,
02-17099-01,indicwhisper,gramvaani,telephony,N/A,मै रजनी कुमार सिंह जमुई से सोमवार को जिला परिषद की सामान्य बैठक अध्यक्ष व उपाध्यक्ष की,मैं रजनी कुमार सिंह जमुई ऐसी सोमवार को जिला परिषद की सामान्य बैठक अध्यक्ष वगैरह उपाध्यक्ष की,mai rajani kumara simha jamui se somavara ko jila parishada ki samanya baithaka adhyaksha va upadhyaksha ki,maim rajani kumara simha jamui aisi somavara ko jila parishada ki samanya baithaka adhyaksha vagairaha upadhyaksha ki,17.358,0.17647058823529413,0.102803738317757,
01-06730-01,indicwhisper,gramvaani,telephony,N/A,है काफी प्रदूषण को लेकर आम लोगों को भी को भी जागरूक होने जरुरत है अन्यथा एक ऐसा समय आएगा जब प्रदूषण के दूषण के कारण जीवन  धन्यवाद,साथ ही प्रदूषण को लेकर आम लोगों को भी जागरूक होना जरुरत है यह न था एक ऐसा समय आयेगा जब प्रदूषण के कारण जीवन का धन्यवाद,hai kaphi pradushana ko lekara ama logom ko bhi ko bhi jagaruka hone jarurata hai anyatha eka aisa samaya aega jaba pradushana ke dushana ke karana jivana dhanyavada,satha hi pradushana ko lekara ama logom ko bhi jagaruka hona jarurata hai yaha na tha eka aisa samaya ayega jaba pradushana ke karana jivana ka dhanyavada,26.409,0.42857142857142855,0.20606060606060606,
01-10262-03,indicwhisper,gramvaani,telephony,N/A,उद्देश्य है तभी तो इसमें सरकारी खर्च कल्याणकारी योजनाओं का चयन उनकी योजना का निष्पादन के तरीके और अनुवर्ती तरीके की लिए बहुत सारी विधियाँ होंगी,उद्देश्य है तभी तो इसमें सरकारी खर्च कल्याणकारी योजनाओं का चयन उनकी योजना का निष्पादन के तरीके और अनुवर्ती तरीके के लिए बहुत सारी विधियाँ होंगी,uddeshya hai tabhi to isamem sarakari kharcha kalyanakari yojanaom ka chayana unaki yojana ka nishpadana ke tarike aura anuvarti tarike ki lie bahuta sari vidhiya n homgi,uddeshya hai tabhi to isamem sarakari kharcha kalyanakari yojanaom ka chayana unaki yojana ka nishpadana ke tarike aura anuvarti tarike ke lie bahuta sari vidhiya n homgi,30.935,0.037037037037037035,0.0058823529411764705,
01-03753-01,indicwhisper,gramvaani,telephony,N/A,ग्राम पंचायत द्वारा प पानी की कोई सुविधा नहीं की जा रही है है यदि दि ग्राम पंचायत त द्वारा प पानी की कुछ की गयी है है तो,ग्राम पंचायत द्वारा पानी की कोई सुविधा नहीं की जा रही है यदि ग्राम पंचायत द्वारा पानी की कुछ की गयी है तो,grama pamchayata dvara pa pani ki koi suvidha nahim ki ja rahi hai hai yadi di grama pamchayata ta dvara pa pani ki kucha ki gayi hai hai to,grama pamchayata dvara pani ki koi suvidha nahim ki ja rahi hai yadi grama pamchayata dvara pani ki kucha ki gayi hai to,20.524,0.20689655172413793,0.14285714285714285,
01-01568-03,indicwhisper,gramvaani,telephony,N/A,और गुप्त रूप से छापामारी कर कार्रवाई करने का मापदंड अपनाने चाहिए मैं तेजनरायण ब्रह्मर्षि शान्ति प्रेरक की ओर से बिहार मोबाइल वाणी के लिए मधुबनी से से धन्यवाद,और गुप्त रूप ऐसी छापामारी कर राजवाई करने का मापदंड अपनाने चाहिए मैं तेज नरेंद्र महतो शांति की ओर ऐसी बिहार मोबाइल वाणी के लिए मधुबनी ऐसी धन्यवाद,aura gupta rupa se chapamari kara karravai karane ka mapadamda apanane chahie maim tejanarayana brahmarshi shanti preraka ki ora se bihara mobaila vani ke lie madhubani se se dhanyavada,aura gupta rupa aisi chapamari kara rajavai karane ka mapadamda apanane chahie maim teja naremdra mahato shamti ki ora aisi bihara mobaila vani ke lie madhubani aisi dhanyavada,31.56,0.3103448275862069,0.1837837837837838,
01-00990-03,indicwhisper,gramvaani,telephony,N/A,दो महिना बीत जाने के बाद भी पोषाहार जो आंगनबाड़ी केन्द्रों धातृ माता बच्चों को दिया जाना है वो नहीं दी गई मैं झारखण्ड मोबाइल वाणी के माध्यम से,दो महिना बीत जाने के बाद भी आंगनबाड़ी केंद्रों में झारखण्ड मोबाइल वाणी के माध्यम ऐसी,do mahina bita jane ke bada bhi poshahara jo amganaba di kendrom dhatrri mata bachchom ko diya jana hai vo nahim di gai maim jharakhanda mobaila vani ke madhyama se,do mahina bita jane ke bada bhi amganaba di kemdrom mem jharakhanda mobaila vani ke madhyama aisi,25.127,0.5333333333333333,0.4451219512195122,
01-11618-03,indicwhisper,gramvaani,telephony,N/A,इस मौके पर कम्युनिटी के सदस्य अद्या अमित कुमार भगत संपन गुप्ता सचिन नवीन बर्णवाल महासचिव सजन गुप्ता कोषाध्यक्ष मुन्ना केसरी प्रवीण मिश्रा राजेश मिश्रा भूपेश सिन्हा,इस मौके आरोप कपड़ती के सदस्य अजय अमित कुमार भगत पम्पम गुप्ता सचिन नवीन बंडवाल महासचिन रजन गुप्ता कोसा अध्यक्ष मुन्ना केसरी प्रदीप मिश्र राजेश मिश्रा भूपेश सिन्हा,isa mauke para kamyuniti ke sadasya adya amita kumara bhagata sampana gupta sachina navina barnavala mahasachiva sajana gupta koshadhyaksha munna kesari pravina mishra rajesha mishra bhupesha sinha,isa mauke aropa kapa dati ke sadasya ajaya amita kumara bhagata pampama gupta sachina navina bamdavala mahasachina rajana gupta kosa adhyaksha munna kesari pradipa mishra rajesha mishra bhupesha sinha,37.422,0.4074074074074074,0.10152284263959391,
01-04428-03,indicwhisper,gramvaani,telephony,N/A,सात प्रखंड कार्यालय में आधार कार्ड बनाने के लिए आयोजित तीन दिवसीय शिविर आज गुरुवार को समापन हो गया तीसरे और अंतिम दिन आधार कार्ड बनाने के लिए लोगो की काफी काफी भीड़ उमड़ पड़ी थी,राहत प्रखंड कार्यालय में आधार कार्ड बनाने के लिए आयोजित तीन दिवसीय शिविर आज गुरुवार को समापन हो गया तीसरे रन चीन दिन आधार कार्ड बनाने के लिए लोगो की काफी भीड़ उमड़ पड़ी थी,sata prakhamda karyalaya mem adhara karda banane ke lie ayojita tina divasiya shivira aja guruvara ko samapana ho gaya tisare aura amtima dina adhara karda banane ke lie logo ki kaphi kaphi bhi da uma da pa di thi,rahata prakhamda karyalaya mem adhara karda banane ke lie ayojita tina divasiya shivira aja guruvara ko samapana ho gaya tisare rana china dina adhara karda banane ke lie logo ki kaphi bhi da uma da pa di thi,39.277,0.10256410256410256,0.07511737089201878,
02-13646-02,indicwhisper,gramvaani,telephony,N/A,नमस्कार दोस्तों गिद्धौर मोबाइल वाणी से मैं संजीवन कुमार सिंह सुहागिन महिलाओं ने पति के दीर्घआयु के लिए आज रखा है निर्जला उपवास पति के दीर्घ आयु के लिए सुहागिन महिलाओं ने,नमस्कार दोस्तों विश्व मोबाइल वाणी ऐसी मई संजीवन कुमार सिंह सुहागिन महिलाओं ने पाती के दीर्घायु के लिए आय रखा है निर्जला हुआ पाती के दीर्घायु के लिए सुहागिन महिलाओं ने,namaskara dostom giddhaura mobaila vani se maim samjivana kumara simha suhagina mahilaom ne pati ke dirghaayu ke lie aja rakha hai nirjala upavasa pati ke dirgha ayu ke lie suhagina mahilaom ne,namaskara dostom vishva mobaila vani aisi mai samjivana kumara simha suhagina mahilaom ne pati ke dirghayu ke lie aya rakha hai nirjala hua pati ke dirghayu ke lie suhagina mahilaom ne,36.262,0.25,0.10362694300518134,
01-05501-03,indicwhisper,gramvaani,telephony,N/A,देख छप्पन इंच का सीना आतंकवादियों को आया पसीना कह रहा है हिन्दू हिंदुस्तान सुधर जाओ रे पाकिस्तान,देश छप्पन इंच का सेना आतंकवादियों को आयात देना कर रहा है हिंदुस्तान सुधर जा रहे पाकिस्तान,dekha chappana imcha ka sina atamkavadiyom ko aya pasina kaha raha hai hindu himdustana sudhara jao re pakistana,desha chappana imcha ka sena atamkavadiyom ko ayata dena kara raha hai himdustana sudhara ja rahe pakistana,16.813,0.4444444444444444,0.15178571428571427,
01-01738-02,indicwhisper,gramvaani,telephony,N/A,भ्रष्टाचार शिष्टाचार बन गया है सभी जगह घूसखोरी निगरानी द्वारा उसी को पकड़ा जा रहा है जिस पर कोई पब्लिक पड़ गए हो और उसे पकड़वाया हो,भ्रष्टाचार शिष्टाचार बन गया है सभी जगह बुस्कोरी निगरानी द्वारा उसी को पकड़ा जा रहा है जिस आरोप कोई पब्लिक पड़ गए हो और उसे पकड़वाया हो,bhrashtachara shishtachara bana gaya hai sabhi jagaha ghusakhori nigarani dvara usi ko paka da ja raha hai jisa para koi pablika pa da gae ho aura use paka davaya ho,bhrashtachara shishtachara bana gaya hai sabhi jagaha buskori nigarani dvara usi ko paka da ja raha hai jisa aropa koi pablika pa da gae ho aura use paka davaya ho,28.545,0.06666666666666667,0.04242424242424243,
02-16847-01,indicwhisper,gramvaani,telephony,N/A,हाथुडीह को मिलेगा जल संकट से निजात चलेगा तालाब जोड़ो अभियान खबर है महुदा से अगर सब कुछ योजनाबद्ध तरीके से हुआ तो तो शीघ्र ही हाथुडीह पंचायत के लोगों,हाथो डी को मिलेगा जल संकट ऐसी निजात चलेगा तालाब जोड़ो अभियान खबर है महुदा ऐसी अगर सब कुछ योजनाबद्ध तरीके ऐसी हुआ तो शीघ्र ही हाथो डी पंचायत के लोगो,hathudiha ko milega jala samkata se nijata chalega talaba jo do abhiyana khabara hai mahuda se agara saba kucha yojanabaddha tarike se hua to to shighra hi hathudiha pamchayata ke logom,hatho di ko milega jala samkata aisi nijata chalega talaba jo do abhiyana khabara hai mahuda aisi agara saba kucha yojanabaddha tarike aisi hua to shighra hi hatho di pamchayata ke logo,32.835,0.2903225806451613,0.11351351351351352,
13-00315-05,indicwhisper,gramvaani,telephony,N/A,विधायक सांसद जाना तय होगा,विधायक सांसद रहना तय होगा,vidhayaka samsada jana taya hoga,vidhayaka samsada rahana taya hoga,5.478,0.2,0.09375,
02-17346-01,indicwhisper,gramvaani,telephony,N/A,के अध्यक्षता में संपन्न मंत्री परिषद की बैठक के बैठक के बाद पत्रकारों को सम्बोधित करते हुए मंत्रिमंडल सचिवालय विभाग के प्रधान सचिव,की अधिकता में सम्पन्न मंत्री परिषद की बैठक के बाद पत्रकारों को सम्बोधित करते हुए मंत्रिमंडल सचिवालय विभाग के प्रधान सचिव,ke adhyakshata mem sampanna mamtri parishada ki baithaka ke baithaka ke bada patrakarom ko sambodhita karate hue mamtrimamdala sachivalaya vibhaga ke pradhana sachiva,ki adhikata mem sampanna mamtri parishada ki baithaka ke bada patrakarom ko sambodhita karate hue mamtrimamdala sachivalaya vibhaga ke pradhana sachiva,23.102,0.17391304347826086,0.10240963855421686,
01-02106-02,indicwhisper,gramvaani,telephony,N/A,और वे लोग भी अपनी मर्जी से तो एक दू महीना सब्जी बेचतें फिर अपने घर के पालन पोषण के लिए दूसरी जगह मजदूरी के लिए पलायन करते हैं,और वही लोग भी बेमर्जी के हिस्सा एक दो महिना सब्जी देते है फिर अपने घर के पालन कोशिश के लिए दूसरी जगह मजदूरी के लिए काम करते है,aura ve loga bhi apani marji se to eka du mahina sabji bechatem phira apane ghara ke palana poshana ke lie dusari jagaha majaduri ke lie palayana karate haim,aura vahi loga bhi bemarji ke hissa eka do mahina sabji dete hai phira apane ghara ke palana koshisha ke lie dusari jagaha majaduri ke lie kama karate hai,24.777,0.3793103448275862,0.21656050955414013,
02-21859-01,indicwhisper,gramvaani,telephony,N/A,तब तक आप सुनते रहिये हँसी की डोली कार्यक्रम आपके अपने मोबाइल वाणी पर अगर आपको हमारी खट्टी मीठी बातें दोस्तों और परिवार वालो को भी सुनाये,तब तक आप सुनते रहिये हँसी की टोली कार्यक्रम आपके अपने मोबाइल वाणी आरोप और जी अगर आपको हमारी खच्चे मीठे बातें दोस्तों और परिवार वालों को भी सुनाए,taba taka apa sunate rahiye ha nsi ki doli karyakrama apake apane mobaila vani para agara apako hamari khatti mithi batem dostom aura parivara valo ko bhi sunaye,taba taka apa sunate rahiye ha nsi ki toli karyakrama apake apane mobaila vani aropa aura ji agara apako hamari khachche mithe batem dostom aura parivara valom ko bhi sunae,31.545,0.2857142857142857,0.11180124223602485,
02-22739-01,indicwhisper,gramvaani,telephony,N/A,गुड़िया के लिए शायद वो आगे जानेंगे की माजी के बातों का का हमारे पति पर कितना असर पड़ता है हमारे पति हमारा साथ देंगे तब तक के लिए आप हमें बताइये,गुडिया के लिए शायद वो आगे जानेंगे की माँ जी की बातों का हमारे पाती आरोप कितना असर पड़ता है हमारे पाती हमारा साथ देंगे तब तक के लिए आप हमें बताए,gu diya ke lie shayada vo age janemge ki maji ke batom ka ka hamare pati para kitana asara pa data hai hamare pati hamara satha demge taba taka ke lie apa hamem bataiye,gudiya ke lie shayada vo age janemge ki ma n ji ki batom ka hamare pati aropa kitana asara pa data hai hamare pati hamara satha demge taba taka ke lie apa hamem batae,28.599,0.2647058823529412,0.07738095238095238,
01-08047-01,indicwhisper,gramvaani,telephony,N/A,अधिकार की जानकारी दे तथा महिलाएं किसी भी अधिकार पर बहुत कम ही महिलायें भागीदारी ले पाती है क्योकि पंचायत की अधिकतर महिलाएं अशिक्षित होती,अधिकार की जानकारी दे तथा महिलाएं किसी भी अधिकार आरोप बहुत कम की महिलाएं भागीदारी ले पाती है क्यूँकी पंचायत के अधिकतर महिलाएं,adhikara ki janakari de tatha mahilaem kisi bhi adhikara para bahuta kama hi mahilayem bhagidari le pati hai kyoki pamchayata ki adhikatara mahilaem ashikshita hoti,adhikara ki janakari de tatha mahilaem kisi bhi adhikara aropa bahuta kama ki mahilaem bhagidari le pati hai kyu nki pamchayata ke adhikatara mahilaem,27.022,0.32,0.1524390243902439,
01-11183-02,indicwhisper,gramvaani,telephony,N/A,है जो जोकि चौथी पारी में असंभव बताया जा रहा है इंग्लैंड ने दिन का खेल ख़त्म होने तक बिना किसी नुकसान के तेईस रन बना लिए हैं,है जो की चौथी पारी में असंभव बताया जा रहा है इंग्लैंड ने दिन का खेल खत्म होने तक बिना किसी नुकसान के तेईस रन बना लिए है,hai jo joki chauthi pari mem asambhava bataya ja raha hai imglaimda ne dina ka khela katma hone taka bina kisi nukasana ke teisa rana bana lie haim,hai jo ki chauthi pari mem asambhava bataya ja raha hai imglaimda ne dina ka khela khatma hone taka bina kisi nukasana ke teisa rana bana lie hai,22.92,0.10714285714285714,0.027210884353741496,
02-16015-01,indicwhisper,gramvaani,telephony,N/A,की मदद से अफ़ग़ानिस्तान ने लचर शुरुआत से उबरकर बांग्लादेश के खिलाफ एशियाई कप,की मदद ऐसी अफगानिस्तान ने लचर शुरुआत ऐसी उबर कर बंग्लादेश के खिलाफ एशियाई कप,ki madada se afaganistana ne lachara shuruata se ubarakara bamgladesha ke khilapha eshiyai kapa,ki madada aisi aphaganistana ne lachara shuruata aisi ubara kara bamgladesha ke khilapha eshiyai kapa,15.927,0.35714285714285715,0.09473684210526316,
01-06755-01,indicwhisper,gramvaani,telephony,N/A,मैं राधु राय धनबाद मोबाइल मीडिया महुदा झारखंड से लव कुश योजना अधर में लटका चिलचिलाती धुप गर्म हवा गर्मी छियालीस डिग्री पर आम जन प्यासे और पशु पक्षी प्यास के मारे बेहाल पानी की खोज में दूर दूर तक भटक रहे,मैं राधू राय धनबाद मोबाइल मीडिया महुदा झारखण्ड जिला पुरुष की योजना आधार में लटका इस जिला के दूध गर्म हवा गर्मी चालीस डिग्री पर आम जन प्याज और पशु पक्षी की प्याज के मारे बिहार पानी की तोह में लोग दूर दूर तक भटक रहे,maim radhu raya dhanabada mobaila midiya mahuda jharakhamda se lava kusha yojana adhara mem lataka chilachilati dhupa garma hava garmi chiyalisa digri para ama jana pyase aura pashu pakshi pyasa ke mare behala pani ki khoja mem dura dura taka bhataka rahe,maim radhu raya dhanabada mobaila midiya mahuda jharakhanda jila purusha ki yojana adhara mem lataka isa jila ke dudha garma hava garmi chalisa digri para ama jana pyaja aura pashu pakshi ki pyaja ke mare bihara pani ki toha mem loga dura dura taka bhataka rahe,54.851,0.35714285714285715,0.1568627450980392,
01-03176-02,indicwhisper,gramvaani,telephony,N/A,जाने वाले रोड का पक्कीकरण व सौन्दर्यकरण किया जाएगा मौके पर आदिवासी विकास मंच के प्रवक्ता उमित सोरेन,जाने वाले रोड का पक्कीकरण और सौंदर्यीकरण किया जाएगा मौके आरोप आदिवासी विकास मंच के प्रवक्ता उमेश सोरेन,jane vale roda ka pakkikarana va saundaryakarana kiya jaega mauke para adivasi vikasa mamcha ke pravakta umita sorena,jane vale roda ka pakkikarana aura saumdaryikarana kiya jaega mauke aropa adivasi vikasa mamcha ke pravakta umesha sorena,20.063,0.2222222222222222,0.09401709401709402,
01-06865-02,indicwhisper,gramvaani,telephony,N/A,बजे तो सुनना न भूलें लें जनता की रिपोर्ट हर शाम पाँच बजे बजे आपके मोबाइल वाणी पर ध धन्यवाद,तो सुनना न भूलें जनता की रिपोर्ट हर शाम पांच बजे आपके मोबाइल वाणी आरोप धन्यवाद,baje to sunana na bhulem lem janata ki riporta hara shama pa ncha baje baje apake mobaila vani para dha dhanyavada,to sunana na bhulem janata ki riporta hara shama pamcha baje apake mobaila vani aropa dhanyavada,16.897,0.3333333333333333,0.18421052631578946,
01-06596-02,indicwhisper,gramvaani,telephony,N/A,किसानो को बोनस नहीं दी दी इस तरह बिहार के किसानो किसानो की आर्थिक स्थिति स्थिति अन्य राज्यों की तुलना में काफी दयनीय है इसके लिए यह सरकार काफी जिम्मेवार है धन्यवाद,किसानों को बोनस नहीं दी इस तरह बिहार के किसानों की आर्थिक स्थिति अन्य राज्यों की तुलना में काफी दयनीय है इसके लिए सरकार काफी जिम्मेदार है,kisano ko bonasa nahim di di isa taraha bihara ke kisano kisano ki arthika sthiti sthiti anya rajyom ki tulana mem kaphi dayaniya hai isake lie yaha sarakara kaphi jimmevara hai dhanyavada,kisanom ko bonasa nahim di isa taraha bihara ke kisanom ki arthika sthiti anya rajyom ki tulana mem kaphi dayaniya hai isake lie sarakara kaphi jimmedara hai,27.541,0.25,0.18617021276595744,
01-04132-03,indicwhisper,gramvaani,telephony,N/A,वन डब ऐट डबल जीरो द्वारा सोलह मार्च दो हजार सोलह को अनुसूचित जाती का प्रमाणपत्र हासिल कर चुनाव में आरक्षण का फायदा ले लिया श्री,वन डबल जीरो द्वारा सोलह मार्च दो हजार सोलह को अनुसूचित जाती का प्रमाण पत्र हासिल कर चुनाव में आरक्षण का फायदा ले लिया श्री,vana daba aita dabala jiro dvara solaha marcha do hajara solaha ko anusuchita jati ka pramanapatra hasila kara chunava mem arakshana ka phayada le liya shri,vana dabala jiro dvara solaha marcha do hajara solaha ko anusuchita jati ka pramana patra hasila kara chunava mem arakshana ka phayada le liya shri,25.291,0.15384615384615385,0.07051282051282051,
01-11742-01,indicwhisper,gramvaani,telephony,N/A,कर्मचारी राज्य बीमा योजना ना तथा एन पी एस के पास नए सदस्यों के नामांकन पर आधारित हैं हैं रिपोर्ट के अनुसार सितम्बर दो हज़ार सतरह से,कर्मचारी राज्य विमान योजना तथा एन पी जी एस के पास नए सदस्यों के नामांकन आरोप आधारित है रिपोर्ट के अनुसार सितम्बर दो हजार सत्रह ऐसी,karmachari rajya bima yojana na tatha ena pi esa ke pasa nae sadasyom ke namamkana para adharita haim haim riporta ke anusara sitambara do hazara sataraha se,karmachari rajya vimana yojana tatha ena pi ji esa ke pasa nae sadasyom ke namamkana aropa adharita hai riporta ke anusara sitambara do hajara satraha aisi,25.883,0.3333333333333333,0.1464968152866242,
01-05071-03,indicwhisper,gramvaani,telephony,N/A,एक ऐसा कुछ अधिकर्मियों की गलती मान लो चाहे कुछ किसानों की गलती मान लो तो जरूरी नहीं है कि पूरे मध्य प्रदेश में हमारे सभी किसानों ने बीमा,की ऐसा कुछ अधिकारियों की गलती मान लो चाहे कुछ किसानों की गलती मान लो तो ज़रूरी नहीं है की पुरे मध्य प्रदेश में हमारे सभी किसानों ने बीमा,eka aisa kucha adhikarmiyom ki galati mana lo chahe kucha kisanom ki galati mana lo to jaruri nahim hai ki pure madhya pradesha mem hamare sabhi kisanom ne bima,ki aisa kucha adhikariyom ki galati mana lo chahe kucha kisanom ki galati mana lo to zaruri nahim hai ki pure madhya pradesha mem hamare sabhi kisanom ne bima,25.44,0.10344827586206896,0.025,
13-00272-06,indicwhisper,gramvaani,telephony,N/A,में की बोली गयी है कि बारह बजे दिन से से दो बजे तक ही ताजिया,अपील में की बोली गयी है की बारह बजे दिन ऐसी दो बजे तक,mem ki boli gayi hai ki baraha baje dina se se do baje taka hi tajiya,apila mem ki boli gayi hai ki baraha baje dina aisi do baje taka,10.428,0.3125,0.2898550724637681,
01-12107-01,indicwhisper,gramvaani,telephony,N/A,ने छात्र को को इस आधार पर अनुमति दी है कि उसने दो हज़ार अठारह रा राष्ट्रीय पात्रता एवं प्रवेश परीक्षा क्षा असक्षम लोगों के वर्ग में पास की है,छात्र को इस आधार आरोप अनुमति दी है की उसने दो हजार अठारह राष्ट्रीय पात्रता एवं प्रवेश परीक्षा असक्षम लोगो के वर्ग में पास की है,ne chatra ko ko isa adhara para anumati di hai ki usane do hazara atharaha ra rashtriya patrata evam pravesha pariksha ksha asakshama logom ke varga mem pasa ki hai,chatra ko isa adhara aropa anumati di hai ki usane do hajara atharaha rashtriya patrata evam pravesha pariksha asakshama logo ke varga mem pasa ki hai,26.874,0.23333333333333334,0.11585365853658537,
01-11453-01,indicwhisper,gramvaani,telephony,N/A,रेलवे में गेट मैन के लिए एक हज़ार चार सौ उनासी पदों के लिए करें अप्लाई ख़बर है पटना से पूर्व मध्य रेल ने एक हज़ार चार सौ उनासी पदों के लिए,रेलवे में गेट मैन के लिए एक हजार चार सौ उनासी पदों के लिए करें अप्लाई खबर है पटना ऐसी पूर्व मध्य रेल ने एक हजार चार सौ उनासी पदों के लिए,relave mem geta maina ke lie eka hazara chara sau unasi padom ke lie karem aplai kabara hai patana se purva madhya rela ne eka hazara chara sau unasi padom ke lie,relave mem geta maina ke lie eka hajara chara sau unasi padom ke lie karem aplai khabara hai patana aisi purva madhya rela ne eka hajara chara sau unasi padom ke lie,27.483,0.125,0.037037037037037035,
01-01599-03,indicwhisper,gramvaani,telephony,N/A,की बहुत सी तरह की बीमारियाँ जो उत्प्न्न होती हैं जो की किसान भाई लोग काफ़ी दुःख छूटे हुए हैं और ऐसे ही मतलब बहुत सारे किसान हैं लेकिन फिर भी ये उर्वरक हमेशा डालतें हैं और आज तक हमारी झारखण्ड सरकार हैं की कुछ,की बहुत ही तरह की बीमारियाँ तो उत्पन होती है जो की किसान भाई लोग काफी डूब चुके हुए है और ऐसे ही मतलब बहुत सरे किसान है लेकिन फिर भी ये उर्वरत हमेशा डालते है और आज तक हमारी झारखण्ड सरकार ऐसी कुछ,ki bahuta si taraha ki bimariya n jo utpnna hoti haim jo ki kisana bhai loga kafi duhkha chute hue haim aura aise hi matalaba bahuta sare kisana haim lekina phira bhi ye urvaraka hamesha dalatem haim aura aja taka hamari jharakhanda sarakara haim ki kucha,ki bahuta hi taraha ki bimariya n to utpana hoti hai jo ki kisana bhai loga kaphi duba chuke hue hai aura aise hi matalaba bahuta sare kisana hai lekina phira bhi ye urvarata hamesha dalate hai aura aja taka hamari jharakhanda sarakara aisi kucha,42.591,0.30434782608695654,0.07450980392156863,
01-10772-03,indicwhisper,gramvaani,telephony,N/A,योजना लागू किए जाने पर आम लोगों ने सरकार व ज़िला प्रसाशन को बधाई भी दी और अब समाचार खेल से,लागू किए जाने आरोप आम लोगो ने सरकार वगैरह जिला प्रशासन को बधाई भी दी और अब समाचार खेल ऐसी,yojana lagu kie jane para ama logom ne sarakara va zila prasashana ko badhai bhi di aura aba samachara khela se,lagu kie jane aropa ama logo ne sarakara vagairaha jila prashasana ko badhai bhi di aura aba samachara khela aisi,18.304,0.3333333333333333,0.21621621621621623,
